0.5581395348837209	0.0196078431372549	0.6485981308411215	0.5581395348837209	0.0196078431372549	0.6485981308411215	1	0	0	0	0	0	0	0	1	0	0	0	0	0
0.5581395348837209	0.13725490196078433	0.6542056074766355	0.5581395348837209	0.13725490196078433	0.6542056074766355	1	0	0	0	0	0	0	0	1	0	0	0	0	0
0.5581395348837209	0.3333333333333333	0.6635514018691588	0.5581395348837209	0.3333333333333333	0.6635514018691588	1	0	0	0	0	0	0	0	0	1	0	0	0	0
0.6046511627906976	0.0196078431372549	0.6691588785046729	0.6046511627906976	0.0196078431372549	0.6691588785046729	1	0	0	0	0	0	0	0	1	0	0	0	0	0
0.6046511627906976	0.11764705882352941	0.6738317757009346	0.6046511627906976	0.11764705882352941	0.6738317757009346	0	0	0	1	0	0	0	0	0	1	0	0	0	0
0.6046511627906976	0.21568627450980393	0.6785046728971963	0.6046511627906976	0.21568627450980393	0.6785046728971963	1	0	0	0	0	0	0	0	0	0	0	0	1	0
0.6046511627906976	0.23529411764705882	0.6794392523364486	0.6046511627906976	0.23529411764705882	0.6794392523364486	1	0	0	0	0	0	0	0	0	1	0	0	0	0
0.6046511627906976	0.29411764705882354	0.6822429906542056	0.6046511627906976	0.29411764705882354	0.6822429906542056	0	0	0	0	0	0	1	0	0	1	0	0	0	0
0.6046511627906976	0.3137254901960784	0.6831775700934579	0.6046511627906976	0.3137254901960784	0.6831775700934579	1	0	0	0	0	0	0	0	0	0	0	0	1	0
0.6046511627906976	0.35294117647058826	0.6850467289719626	0.6046511627906976	0.35294117647058826	0.6850467289719626	1	0	0	0	0	0	0	0	0	1	0	0	0	0
0.6046511627906976	0.4117647058823529	0.6878504672897197	0.6046511627906976	0.4117647058823529	0.6878504672897197	0	0	0	0	0	0	1	0	0	1	0	0	0	0
0.6046511627906976	0.47058823529411764	0.6906542056074766	0.6046511627906976	0.47058823529411764	0.6906542056074766	1	0	0	0	0	0	0	0	0	0	0	0	1	0
0.6046511627906976	0.49019607843137253	0.6915887850467289	0.6046511627906976	0.49019607843137253	0.6915887850467289	1	0	0	0	0	0	0	0	0	0	0	0	1	0
0.6046511627906976	0.5098039215686274	0.6925233644859813	0.6046511627906976	0.5098039215686274	0.6925233644859813	1	0	0	0	0	0	0	0	0	0	0	0	1	0
0.6046511627906976	0.5490196078431373	0.694392523364486	0.6046511627906976	0.5490196078431373	0.694392523364486	1	0	0	0	0	0	0	0	0	0	0	0	1	0
0.627906976744186	0.0392156862745098	0.697196261682243	0.627906976744186	0.0392156862745098	0.697196261682243	1	0	0	0	0	0	0	0	0	1	0	0	0	0
0.627906976744186	0.09803921568627451	0.7	0.627906976744186	0.09803921568627451	0.7	1	0	0	0	0	0	0	0	0	0	0	0	1	0
0.627906976744186	0.11764705882352941	0.7009345794392523	0.627906976744186	0.11764705882352941	0.7009345794392523	0	0	1	0	0	0	0	0	0	1	0	0	0	0
0.627906976744186	0.13725490196078433	0.7018691588785047	0.627906976744186	0.13725490196078433	0.7018691588785047	1	0	0	0	0	0	0	0	0	0	0	0	1	0
0.627906976744186	0.17647058823529413	0.7037383177570093	0.627906976744186	0.17647058823529413	0.7037383177570093	0	0	0	0	1	0	0	0	0	0	1	0	0	0
0.627906976744186	0.19607843137254902	0.7046728971962617	0.627906976744186	0.19607843137254902	0.7046728971962617	1	0	0	0	0	0	0	0	0	0	0	0	1	0
0.6046511627906976	0.29411764705882354	0.6822429906542056	0.627906976744186	0.23529411764705882	0.7065420560747664	0	0	1	0	0	0	0	0	0	1	0	0	0	0
0.627906976744186	0.2549019607843137	0.7074766355140187	0.627906976744186	0.2549019607843137	0.7074766355140187	1	0	0	0	0	0	0	0	0	0	0	0	1	0
0.627906976744186	0.27450980392156865	0.708411214953271	0.627906976744186	0.27450980392156865	0.708411214953271	0	0	1	0	0	0	0	0	0	1	0	0	0	0
0.627906976744186	0.35294117647058826	0.7121495327102804	0.627906976744186	0.35294117647058826	0.7121495327102804	0	0	1	0	0	0	0	0	0	0	0	0	1	0
0.6046511627906976	0.4117647058823529	0.6878504672897197	0.627906976744186	0.4117647058823529	0.7149532710280374	0	0	1	0	0	0	0	0	0	1	0	0	0	0
0.627906976744186	0.47058823529411764	0.7177570093457943	0.627906976744186	0.47058823529411764	0.7177570093457943	1	0	0	0	0	0	0	0	0	0	0	0	1	0
0.627906976744186	0.49019607843137253	0.7186915887850467	0.627906976744186	0.49019607843137253	0.7186915887850467	0	0	1	0	0	0	0	0	0	1	0	0	0	0
0.627906976744186	0.5098039215686274	0.719626168224299	0.627906976744186	0.5098039215686274	0.719626168224299	1	0	0	0	0	0	0	0	0	0	0	0	1	0
0.627906976744186	0.5294117647058824	0.7205607476635514	0.627906976744186	0.5294117647058824	0.7205607476635514	1	0	0	0	0	0	0	0	0	0	0	0	1	0
0.6511627906976745	0.0196078431372549	0.7224299065420561	0.6511627906976745	0.0196078431372549	0.7224299065420561	1	0	0	0	0	0	0	0	0	0	0	0	1	0
0.13953488372093023	0.5098039215686274	0.17383177570093458	0.13953488372093023	0.5098039215686274	0.17383177570093458	1	0	0	0	0	0	0	0	1	0	0	0	0	0
0.13953488372093023	0.5882352941176471	0.17757009345794392	0.13953488372093023	0.5882352941176471	0.17757009345794392	1	0	0	0	0	0	0	0	0	1	0	0	0	0
0.13953488372093023	0.6078431372549019	0.17850467289719626	0.13953488372093023	0.6078431372549019	0.17850467289719626	1	0	0	0	0	0	0	0	0	0	0	0	1	0
0.13953488372093023	0.6274509803921569	0.17943925233644858	0.13953488372093023	0.6274509803921569	0.17943925233644858	1	0	0	0	0	0	0	0	0	1	0	0	0	0
0.13953488372093023	0.6470588235294118	0.18037383177570093	0.13953488372093023	0.6470588235294118	0.18037383177570093	1	0	0	0	0	0	0	0	0	0	0	0	1	0
0.13953488372093023	0.6666666666666666	0.18130841121495328	0.13953488372093023	0.6666666666666666	0.18130841121495328	1	0	0	0	0	0	0	0	0	1	0	0	0	0
0.13953488372093023	0.6862745098039216	0.1822429906542056	0.13953488372093023	0.6862745098039216	0.1822429906542056	1	0	0	0	0	0	0	0	0	0	0	0	1	0
0.13953488372093023	0.7058823529411765	0.18317757009345795	0.13953488372093023	0.7058823529411765	0.18317757009345795	1	0	0	0	0	0	0	0	0	1	0	0	0	0
0.13953488372093023	0.7254901960784313	0.18411214953271027	0.13953488372093023	0.7254901960784313	0.18411214953271027	1	0	0	0	0	0	0	0	0	0	0	0	1	0
0.13953488372093023	0.7450980392156863	0.18504672897196262	0.13953488372093023	0.7450980392156863	0.18504672897196262	1	0	0	0	0	0	0	0	0	1	0	0	0	0
0.13953488372093023	0.7647058823529411	0.18598130841121496	0.13953488372093023	0.7647058823529411	0.18598130841121496	1	0	0	0	0	0	0	0	0	0	0	0	1	0
0.13953488372093023	0.803921568627451	0.18785046728971963	0.13953488372093023	0.803921568627451	0.18785046728971963	1	0	0	0	0	0	0	0	0	0	0	0	1	0
0.16279069767441862	0.0196078431372549	0.1897196261682243	0.16279069767441862	0.0196078431372549	0.1897196261682243	1	0	0	0	0	0	0	0	0	0	0	0	1	0
0.16279069767441862	0.0392156862745098	0.19065420560747665	0.16279069767441862	0.0392156862745098	0.19065420560747665	1	0	0	0	0	0	0	0	0	1	0	0	0	0
0.16279069767441862	0.17647058823529413	0.197196261682243	0.16279069767441862	0.17647058823529413	0.197196261682243	1	0	0	0	0	0	0	0	0	1	0	0	0	0
0.16279069767441862	0.27450980392156865	0.20186915887850468	0.16279069767441862	0.27450980392156865	0.20186915887850468	1	0	0	0	0	0	0	0	0	0	0	0	1	0
0.16279069767441862	0.29411764705882354	0.202803738317757	0.16279069767441862	0.29411764705882354	0.202803738317757	1	0	0	0	0	0	0	0	0	1	0	0	0	0
0.16279069767441862	0.3137254901960784	0.20373831775700935	0.16279069767441862	0.3137254901960784	0.20373831775700935	1	0	0	0	0	0	0	0	0	0	0	0	1	0
0.16279069767441862	0.3333333333333333	0.2046728971962617	0.16279069767441862	0.3333333333333333	0.2046728971962617	1	0	0	0	0	0	0	0	0	1	0	0	0	0
0.16279069767441862	0.35294117647058826	0.205607476635514	0.16279069767441862	0.35294117647058826	0.205607476635514	1	0	0	0	0	0	0	0	0	0	0	0	1	0
0.16279069767441862	0.37254901960784315	0.20654205607476636	0.16279069767441862	0.37254901960784315	0.20654205607476636	1	0	0	0	0	0	0	0	0	1	0	0	0	0
0.16279069767441862	0.39215686274509803	0.20747663551401868	0.16279069767441862	0.39215686274509803	0.20747663551401868	1	0	0	0	0	0	0	0	0	0	0	0	1	0
0.16279069767441862	0.4117647058823529	0.20841121495327103	0.16279069767441862	0.4117647058823529	0.20841121495327103	1	0	0	0	0	0	0	0	0	1	0	0	0	0
0.16279069767441862	0.49019607843137253	0.21214953271028036	0.16279069767441862	0.49019607843137253	0.21214953271028036	1	0	0	0	0	0	0	0	0	0	0	0	1	0
0.16279069767441862	0.5294117647058824	0.21401869158878506	0.16279069767441862	0.5294117647058824	0.21401869158878506	1	0	0	0	0	0	0	0	1	0	0	0	0	0
0.16279069767441862	0.5882352941176471	0.21682242990654205	0.16279069767441862	0.5882352941176471	0.21682242990654205	1	0	0	0	0	0	0	0	0	0	0	0	1	0
0.16279069767441862	0.6078431372549019	0.2177570093457944	0.16279069767441862	0.6078431372549019	0.2177570093457944	1	0	0	0	0	0	0	0	0	1	0	0	0	0
0.16279069767441862	0.6666666666666666	0.2205607476635514	0.16279069767441862	0.6666666666666666	0.2205607476635514	1	0	0	0	0	0	0	0	0	1	0	0	0	0
0.16279069767441862	0.6862745098039216	0.22149532710280373	0.16279069767441862	0.6862745098039216	0.22149532710280373	1	0	0	0	0	0	0	0	0	0	0	0	1	0
0.16279069767441862	0.7058823529411765	0.22242990654205608	0.16279069767441862	0.7058823529411765	0.22242990654205608	1	0	0	0	0	0	0	0	0	1	0	0	0	0
0.16279069767441862	0.7254901960784313	0.22336448598130842	0.16279069767441862	0.7254901960784313	0.22336448598130842	1	0	0	0	0	0	0	0	0	0	0	0	1	0
0.16279069767441862	0.7450980392156863	0.22429906542056074	0.16279069767441862	0.7450980392156863	0.22429906542056074	1	0	0	0	0	0	0	0	0	1	0	0	0	0
0.16279069767441862	0.7647058823529411	0.2252336448598131	0.16279069767441862	0.7647058823529411	0.2252336448598131	1	0	0	0	0	0	0	0	0	0	0	0	1	0
0.16279069767441862	0.7843137254901961	0.2261682242990654	0.16279069767441862	0.7843137254901961	0.2261682242990654	1	0	0	0	0	0	0	0	0	1	0	0	0	0
0.16279069767441862	0.803921568627451	0.22710280373831776	0.16279069767441862	0.803921568627451	0.22710280373831776	1	0	0	0	0	0	0	0	0	0	0	0	1	0
0.16279069767441862	0.8235294117647058	0.22803738317757008	0.16279069767441862	0.8235294117647058	0.22803738317757008	1	0	0	0	0	0	0	0	0	1	0	0	0	0
0.16279069767441862	0.8431372549019608	0.22897196261682243	0.16279069767441862	0.8431372549019608	0.22897196261682243	1	0	0	0	0	0	0	0	0	0	0	0	1	0
0.16279069767441862	0.8823529411764706	0.2308411214953271	0.16279069767441862	0.8823529411764706	0.2308411214953271	1	0	0	0	0	0	0	0	0	1	0	0	0	0
0.16279069767441862	0.9607843137254902	0.23457943925233646	0.16279069767441862	0.9607843137254902	0.23457943925233646	1	0	0	0	0	0	0	0	0	0	0	0	1	0
0.18604651162790697	0.0196078431372549	0.23644859813084113	0.18604651162790697	0.0196078431372549	0.23644859813084113	1	0	0	0	0	0	0	0	0	0	0	0	1	0
0.18604651162790697	0.0392156862745098	0.23738317757009345	0.18604651162790697	0.0392156862745098	0.23738317757009345	1	0	0	0	0	0	0	0	0	1	0	0	0	0
0.18604651162790697	0.17647058823529413	0.24392523364485982	0.18604651162790697	0.17647058823529413	0.24392523364485982	1	0	0	0	0	0	0	0	0	1	0	0	0	0
0.18604651162790697	0.29411764705882354	0.24953271028037383	0.18604651162790697	0.29411764705882354	0.24953271028037383	1	0	0	0	0	0	0	0	0	0	0	0	1	0
0.18604651162790697	0.3137254901960784	0.2504672897196262	0.18604651162790697	0.3137254901960784	0.2504672897196262	1	0	0	0	0	0	0	0	0	1	0	0	0	0
0.18604651162790697	0.3333333333333333	0.2514018691588785	0.18604651162790697	0.3333333333333333	0.2514018691588785	1	0	0	0	0	0	0	0	0	0	0	0	1	0
0.18604651162790697	0.35294117647058826	0.2523364485981308	0.18604651162790697	0.35294117647058826	0.2523364485981308	1	0	0	0	0	0	0	0	0	1	0	0	0	0
0.18604651162790697	0.37254901960784315	0.25327102803738316	0.18604651162790697	0.37254901960784315	0.25327102803738316	1	0	0	0	0	0	0	0	0	0	0	0	1	0
0.18604651162790697	0.39215686274509803	0.2542056074766355	0.18604651162790697	0.39215686274509803	0.2542056074766355	1	0	0	0	0	0	0	0	0	1	0	0	0	0
0.18604651162790697	0.4117647058823529	0.25514018691588786	0.18604651162790697	0.4117647058823529	0.25514018691588786	1	0	0	0	0	0	0	0	0	0	0	0	1	0
0.18604651162790697	0.43137254901960786	0.2560747663551402	0.18604651162790697	0.43137254901960786	0.2560747663551402	1	0	0	0	0	0	0	0	0	1	0	0	0	0
0.18604651162790697	0.5098039215686274	0.25981308411214954	0.18604651162790697	0.5098039215686274	0.25981308411214954	1	0	0	0	0	0	0	0	0	0	0	0	1	0
0.18604651162790697	0.5490196078431373	0.2616822429906542	0.18604651162790697	0.5490196078431373	0.2616822429906542	1	0	0	0	0	0	0	0	1	0	0	0	0	0
0.18604651162790697	0.6078431372549019	0.2644859813084112	0.18604651162790697	0.6078431372549019	0.2644859813084112	1	0	0	0	0	0	0	0	0	0	0	0	1	0
0.18604651162790697	0.6274509803921569	0.26542056074766357	0.18604651162790697	0.6274509803921569	0.26542056074766357	1	0	0	0	0	0	0	0	0	1	0	0	0	0
0.18604651162790697	0.6862745098039216	0.26822429906542056	0.18604651162790697	0.6862745098039216	0.26822429906542056	1	0	0	0	0	0	0	0	0	1	0	0	0	0
0.18604651162790697	0.7058823529411765	0.2691588785046729	0.18604651162790697	0.7058823529411765	0.2691588785046729	1	0	0	0	0	0	0	0	0	0	0	0	1	0
0.18604651162790697	0.7254901960784313	0.27009345794392525	0.18604651162790697	0.7254901960784313	0.27009345794392525	1	0	0	0	0	0	0	0	0	1	0	0	0	0
0.18604651162790697	0.7450980392156863	0.27102803738317754	0.18604651162790697	0.7450980392156863	0.27102803738317754	1	0	0	0	0	0	0	0	0	0	0	0	1	0
0.18604651162790697	0.7647058823529411	0.2719626168224299	0.18604651162790697	0.7647058823529411	0.2719626168224299	1	0	0	0	0	0	0	0	0	1	0	0	0	0
0.18604651162790697	0.7843137254901961	0.27289719626168224	0.18604651162790697	0.7843137254901961	0.27289719626168224	1	0	0	0	0	0	0	0	0	0	0	0	1	0
0.18604651162790697	0.8235294117647058	0.27476635514018694	0.18604651162790697	0.8235294117647058	0.27476635514018694	1	0	0	0	0	0	0	0	0	1	0	0	0	0
0.18604651162790697	0.8431372549019608	0.2757009345794392	0.18604651162790697	0.8431372549019608	0.2757009345794392	1	0	0	0	0	0	0	0	0	0	0	0	1	0
0.18604651162790697	0.8627450980392157	0.2766355140186916	0.18604651162790697	0.8627450980392157	0.2766355140186916	1	0	0	0	0	0	0	0	0	1	0	0	0	0
0.18604651162790697	0.8823529411764706	0.2775700934579439	0.18604651162790697	0.8823529411764706	0.2775700934579439	1	0	0	0	0	0	0	0	0	0	0	0	1	0
0.18604651162790697	0.9215686274509803	0.2794392523364486	0.18604651162790697	0.9215686274509803	0.2794392523364486	1	0	0	0	0	0	0	0	0	1	0	0	0	0
0.18604651162790697	1	0.28317757009345795	0.18604651162790697	1	0.28317757009345795	1	0	0	0	0	0	0	0	0	0	0	0	1	0
0.20930232558139536	0.0196078431372549	0.2850467289719626	0.20930232558139536	0.0196078431372549	0.2850467289719626	1	0	0	0	0	0	0	0	0	0	0	0	1	0
0.20930232558139536	0.0392156862745098	0.28598130841121494	0.20930232558139536	0.0392156862745098	0.28598130841121494	1	0	0	0	0	0	0	0	0	1	0	0	0	0
0.20930232558139536	0.17647058823529413	0.2925233644859813	0.20930232558139536	0.17647058823529413	0.2925233644859813	1	0	0	0	0	0	0	0	0	1	0	0	0	0
0.20930232558139536	0.2549019607843137	0.29626168224299065	0.20930232558139536	0.2549019607843137	0.29626168224299065	1	0	0	0	0	0	0	0	1	0	0	0	0	0
0.20930232558139536	0.43137254901960786	0.30467289719626167	0.20930232558139536	0.43137254901960786	0.30467289719626167	1	0	0	0	0	0	0	0	1	0	0	0	0	0
0.20930232558139536	0.5294117647058824	0.30934579439252335	0.20930232558139536	0.5294117647058824	0.30934579439252335	1	0	0	0	0	0	0	0	1	0	0	0	0	0
0.20930232558139536	0.6274509803921569	0.31401869158878504	0.20930232558139536	0.6274509803921569	0.31401869158878504	1	0	0	0	0	0	0	0	1	0	0	0	0	0
0.23255813953488372	0.0196078431372549	0.3177570093457944	0.23255813953488372	0.0196078431372549	0.3177570093457944	1	0	0	0	0	0	0	0	0	0	0	0	1	0
0.23255813953488372	0.0392156862745098	0.3186915887850467	0.23255813953488372	0.0392156862745098	0.3186915887850467	1	0	0	0	0	0	0	0	0	1	0	0	0	0
0.23255813953488372	0.17647058823529413	0.3252336448598131	0.23255813953488372	0.17647058823529413	0.3252336448598131	1	0	0	0	0	0	0	0	0	1	0	0	0	0
0.23255813953488372	0.2549019607843137	0.32897196261682243	0.23255813953488372	0.2549019607843137	0.32897196261682243	1	0	0	0	0	0	0	0	0	1	0	0	0	0
0.23255813953488372	0.3333333333333333	0.33271028037383177	0.23255813953488372	0.3333333333333333	0.33271028037383177	1	0	0	0	0	0	0	0	0	0	0	0	1	0
0.23255813953488372	0.35294117647058826	0.3336448598130841	0.23255813953488372	0.35294117647058826	0.3336448598130841	1	0	0	0	0	0	0	0	0	1	0	0	0	0
0.23255813953488372	0.39215686274509803	0.3355140186915888	0.23255813953488372	0.39215686274509803	0.3355140186915888	1	0	0	0	0	0	0	0	0	0	0	0	1	0
0.23255813953488372	0.4117647058823529	0.3364485981308411	0.23255813953488372	0.4117647058823529	0.3364485981308411	1	0	0	0	0	0	0	0	0	1	0	0	0	0
0.23255813953488372	0.45098039215686275	0.3383177570093458	0.23255813953488372	0.45098039215686275	0.3383177570093458	1	0	0	0	0	0	0	0	0	0	0	0	1	0
0.2558139534883721	0.0196078431372549	0.3401869158878505	0.2558139534883721	0.0196078431372549	0.3401869158878505	1	0	0	0	0	0	0	0	0	0	0	0	1	0
0.2558139534883721	0.0392156862745098	0.3411214953271028	0.2558139534883721	0.0392156862745098	0.3411214953271028	1	0	0	0	0	0	0	0	0	1	0	0	0	0
0.2558139534883721	0.17647058823529413	0.34766355140186916	0.2558139534883721	0.17647058823529413	0.34766355140186916	1	0	0	0	0	0	0	0	0	1	0	0	0	0
0.2558139534883721	0.2549019607843137	0.3514018691588785	0.2558139534883721	0.2549019607843137	0.3514018691588785	1	0	0	0	0	0	0	0	0	1	0	0	0	0
0.2558139534883721	0.3333333333333333	0.35514018691588783	0.2558139534883721	0.3333333333333333	0.35514018691588783	1	0	0	0	0	0	0	0	0	0	0	0	1	0
0.2558139534883721	0.35294117647058826	0.3560747663551402	0.2558139534883721	0.35294117647058826	0.3560747663551402	1	0	0	0	0	0	0	0	0	1	0	0	0	0
0.2558139534883721	0.4117647058823529	0.35887850467289717	0.2558139534883721	0.4117647058823529	0.35887850467289717	1	0	0	0	0	0	0	0	0	0	0	0	1	0
0.2558139534883721	0.45098039215686275	0.36074766355140186	0.2558139534883721	0.45098039215686275	0.36074766355140186	1	0	0	0	0	0	0	0	0	1	0	0	0	0
0.2558139534883721	0.5098039215686274	0.36355140186915885	0.2558139534883721	0.5098039215686274	0.36355140186915885	1	0	0	0	0	0	0	0	0	0	0	0	1	0
0.27906976744186046	0.0196078431372549	0.36542056074766355	0.27906976744186046	0.0196078431372549	0.36542056074766355	1	0	0	0	0	0	0	0	0	0	0	0	1	0
0.27906976744186046	0.0392156862745098	0.3663551401869159	0.27906976744186046	0.0392156862745098	0.3663551401869159	1	0	0	0	0	0	0	0	0	1	0	0	0	0
0.27906976744186046	0.17647058823529413	0.3728971962616822	0.27906976744186046	0.17647058823529413	0.3728971962616822	1	0	0	0	0	0	0	0	0	1	0	0	0	0
0.27906976744186046	0.21568627450980393	0.3747663551401869	0.27906976744186046	0.21568627450980393	0.3747663551401869	1	0	0	0	0	0	0	0	0	1	0	0	0	0
0.3023255813953488	0.0196078431372549	0.3813084112149533	0.3023255813953488	0.0196078431372549	0.3813084112149533	1	0	0	0	0	0	0	0	0	0	0	0	1	0
0.3023255813953488	0.0392156862745098	0.3822429906542056	0.3023255813953488	0.0392156862745098	0.3822429906542056	1	0	0	0	0	0	0	0	0	1	0	0	0	0
0.3023255813953488	0.17647058823529413	0.38878504672897196	0.3023255813953488	0.17647058823529413	0.38878504672897196	1	0	0	0	0	0	0	0	0	1	0	0	0	0
0.3023255813953488	0.21568627450980393	0.39065420560747666	0.3023255813953488	0.21568627450980393	0.39065420560747666	1	0	0	0	0	0	0	0	0	1	0	0	0	0
0.32558139534883723	0.0196078431372549	0.394392523364486	0.32558139534883723	0.0196078431372549	0.394392523364486	1	0	0	0	0	0	0	0	0	0	0	0	1	0
0.32558139534883723	0.0392156862745098	0.39532710280373834	0.32558139534883723	0.0392156862745098	0.39532710280373834	1	0	0	0	0	0	0	0	0	1	0	0	0	0
0.32558139534883723	0.17647058823529413	0.40186915887850466	0.32558139534883723	0.17647058823529413	0.40186915887850466	1	0	0	0	0	0	0	0	0	1	0	0	0	0
0.32558139534883723	0.23529411764705882	0.4046728971962617	0.32558139534883723	0.23529411764705882	0.4046728971962617	1	0	0	0	0	0	0	0	0	1	0	0	0	0
0.3488372093023256	0.0196078431372549	0.4177570093457944	0.3488372093023256	0.0196078431372549	0.4177570093457944	1	0	0	0	0	0	0	0	0	0	0	0	1	0
0.3488372093023256	0.0392156862745098	0.41869158878504675	0.3488372093023256	0.0392156862745098	0.41869158878504675	1	0	0	0	0	0	0	0	0	1	0	0	0	0
0.3488372093023256	0.17647058823529413	0.4252336448598131	0.3488372093023256	0.17647058823529413	0.4252336448598131	1	0	0	0	0	0	0	0	0	1	0	0	0	0
0.3488372093023256	0.21568627450980393	0.42710280373831777	0.3488372093023256	0.21568627450980393	0.42710280373831777	1	0	0	0	0	0	0	0	0	0	0	0	1	0
0.3488372093023256	0.23529411764705882	0.4280373831775701	0.3488372093023256	0.23529411764705882	0.4280373831775701	1	0	0	0	0	0	0	0	0	1	0	0	0	0
0.3488372093023256	0.2549019607843137	0.4289719626168224	0.3488372093023256	0.2549019607843137	0.4289719626168224	1	0	0	0	0	0	0	0	0	0	0	0	1	0
0.3488372093023256	0.27450980392156865	0.42990654205607476	0.3488372093023256	0.27450980392156865	0.42990654205607476	1	0	0	0	0	0	0	0	0	1	0	0	0	0
0.3488372093023256	0.29411764705882354	0.4308411214953271	0.3488372093023256	0.29411764705882354	0.4308411214953271	1	0	0	0	0	0	0	0	0	0	0	0	1	0
0.3488372093023256	0.3333333333333333	0.4327102803738318	0.3488372093023256	0.3333333333333333	0.4327102803738318	1	0	0	0	0	0	0	0	0	1	0	0	0	0
0.3488372093023256	0.5098039215686274	0.4411214953271028	0.3488372093023256	0.5098039215686274	0.4411214953271028	1	0	0	0	0	0	0	0	0	0	0	0	1	0
0.3488372093023256	0.5294117647058824	0.44205607476635517	0.3488372093023256	0.5294117647058824	0.44205607476635517	1	0	0	0	0	0	0	0	0	1	0	0	0	0
0.3488372093023256	0.5490196078431373	0.44299065420560746	0.3488372093023256	0.5490196078431373	0.44299065420560746	1	0	0	0	0	0	0	0	0	0	0	0	1	0
0.3488372093023256	0.5686274509803921	0.4439252336448598	0.3488372093023256	0.5686274509803921	0.4439252336448598	1	0	0	0	0	0	0	0	0	1	0	0	0	0
0.3488372093023256	0.5882352941176471	0.44485981308411215	0.3488372093023256	0.5882352941176471	0.44485981308411215	1	0	0	0	0	0	0	0	0	0	0	0	1	0
0.37209302325581395	0.0196078431372549	0.44672897196261685	0.37209302325581395	0.0196078431372549	0.44672897196261685	1	0	0	0	0	0	0	0	0	0	0	0	1	0
0.37209302325581395	0.0392156862745098	0.44766355140186914	0.37209302325581395	0.0392156862745098	0.44766355140186914	1	0	0	0	0	0	0	0	0	1	0	0	0	0
0.37209302325581395	0.17647058823529413	0.4542056074766355	0.37209302325581395	0.17647058823529413	0.4542056074766355	1	0	0	0	0	0	0	0	0	1	0	0	0	0
0.37209302325581395	0.23529411764705882	0.4570093457943925	0.37209302325581395	0.23529411764705882	0.4570093457943925	1	0	0	0	0	0	0	0	0	1	0	0	0	0
0.3953488372093023	0.0196078431372549	0.4663551401869159	0.3953488372093023	0.0196078431372549	0.4663551401869159	1	0	0	0	0	0	0	0	0	0	0	0	1	0
0.3953488372093023	0.0392156862745098	0.4672897196261682	0.3953488372093023	0.0392156862745098	0.4672897196261682	1	0	0	0	0	0	0	0	0	1	0	0	0	0
0.3953488372093023	0.17647058823529413	0.4738317757009346	0.3953488372093023	0.17647058823529413	0.4738317757009346	1	0	0	0	0	0	0	0	0	1	0	0	0	0
0.3953488372093023	0.23529411764705882	0.4766355140186916	0.3953488372093023	0.23529411764705882	0.4766355140186916	1	0	0	0	0	0	0	0	0	1	0	0	0	0
0.4186046511627907	0.0196078431372549	0.4869158878504673	0.4186046511627907	0.0196078431372549	0.4869158878504673	1	0	0	0	0	0	0	0	0	0	0	0	1	0
0.4186046511627907	0.0392156862745098	0.48785046728971965	0.4186046511627907	0.0392156862745098	0.48785046728971965	1	0	0	0	0	0	0	0	0	1	0	0	0	0
0.4186046511627907	0.17647058823529413	0.49439252336448597	0.4186046511627907	0.17647058823529413	0.49439252336448597	1	0	0	0	0	0	0	0	0	1	0	0	0	0
0.4186046511627907	0.23529411764705882	0.497196261682243	0.4186046511627907	0.23529411764705882	0.497196261682243	1	0	0	0	0	0	0	0	0	1	0	0	0	0
0.4418604651162791	0.0196078431372549	0.502803738317757	0.4418604651162791	0.0196078431372549	0.502803738317757	1	0	0	0	0	0	0	0	0	0	0	0	1	0
0.4418604651162791	0.0392156862745098	0.5037383177570094	0.4418604651162791	0.0392156862745098	0.5037383177570094	1	0	0	0	0	0	0	0	0	1	0	0	0	0
0.4418604651162791	0.17647058823529413	0.5102803738317757	0.4418604651162791	0.17647058823529413	0.5102803738317757	1	0	0	0	0	0	0	0	0	1	0	0	0	0
0.4418604651162791	0.23529411764705882	0.5130841121495328	0.4418604651162791	0.23529411764705882	0.5130841121495328	1	0	0	0	0	0	0	0	0	1	0	0	0	0
0.46511627906976744	0.0196078431372549	0.5196261682242991	0.46511627906976744	0.0196078431372549	0.5196261682242991	1	0	0	0	0	0	0	0	0	0	0	0	1	0
0.46511627906976744	0.0392156862745098	0.5205607476635514	0.46511627906976744	0.0392156862745098	0.5205607476635514	1	0	0	0	0	0	0	0	0	1	0	0	0	0
0.46511627906976744	0.17647058823529413	0.5271028037383177	0.46511627906976744	0.17647058823529413	0.5271028037383177	1	0	0	0	0	0	0	0	0	1	0	0	0	0
0.46511627906976744	0.2549019607843137	0.5308411214953271	0.46511627906976744	0.2549019607843137	0.5308411214953271	1	0	0	0	0	0	0	0	0	1	0	0	0	0
0.4883720930232558	0.0196078431372549	0.5383177570093458	0.4883720930232558	0.0196078431372549	0.5383177570093458	1	0	0	0	0	0	0	0	0	0	0	0	1	0
0.4883720930232558	0.0392156862745098	0.5392523364485982	0.4883720930232558	0.0392156862745098	0.5392523364485982	1	0	0	0	0	0	0	0	0	1	0	0	0	0
0.4883720930232558	0.17647058823529413	0.5457943925233645	0.4883720930232558	0.17647058823529413	0.5457943925233645	1	0	0	0	0	0	0	0	0	1	0	0	0	0
0.4883720930232558	0.21568627450980393	0.5476635514018692	0.4883720930232558	0.21568627450980393	0.5476635514018692	1	0	0	0	0	0	0	0	0	0	0	0	1	0
0.4883720930232558	0.23529411764705882	0.5485981308411215	0.4883720930232558	0.23529411764705882	0.5485981308411215	1	0	0	0	0	0	0	0	0	1	0	0	0	0
0.4883720930232558	0.2549019607843137	0.5495327102803739	0.4883720930232558	0.2549019607843137	0.5495327102803739	1	0	0	0	0	0	0	0	0	0	0	0	1	0
0.4883720930232558	0.27450980392156865	0.5504672897196262	0.4883720930232558	0.27450980392156865	0.5504672897196262	1	0	0	0	0	0	0	0	0	1	0	0	0	0
0.4883720930232558	0.29411764705882354	0.5514018691588785	0.4883720930232558	0.29411764705882354	0.5514018691588785	1	0	0	0	0	0	0	0	0	0	0	0	1	0
0.4883720930232558	0.3137254901960784	0.5523364485981308	0.4883720930232558	0.3137254901960784	0.5523364485981308	1	0	0	0	0	0	0	0	0	1	0	0	0	0
0.4883720930232558	0.3333333333333333	0.5532710280373832	0.4883720930232558	0.3333333333333333	0.5532710280373832	1	0	0	0	0	0	0	0	0	0	0	0	1	0
0.4883720930232558	0.37254901960784315	0.5551401869158878	0.4883720930232558	0.37254901960784315	0.5551401869158878	1	0	0	0	0	0	0	0	0	1	0	0	0	0
0.4883720930232558	0.45098039215686275	0.5588785046728972	0.4883720930232558	0.45098039215686275	0.5588785046728972	1	0	0	0	0	0	0	0	0	0	0	0	1	0
0.4883720930232558	0.5098039215686274	0.5616822429906542	0.4883720930232558	0.5098039215686274	0.5616822429906542	1	0	0	0	0	0	0	0	0	1	0	0	0	0
0.4883720930232558	0.5490196078431373	0.5635514018691589	0.4883720930232558	0.5490196078431373	0.5635514018691589	1	0	0	0	0	0	0	0	0	0	0	0	1	0
0.4883720930232558	0.6078431372549019	0.5663551401869159	0.4883720930232558	0.6078431372549019	0.5663551401869159	1	0	0	0	0	0	0	0	0	1	0	0	0	0
0.4883720930232558	0.6470588235294118	0.5682242990654206	0.4883720930232558	0.6470588235294118	0.5682242990654206	1	0	0	0	0	0	0	0	0	0	0	0	1	0
0.4883720930232558	0.7058823529411765	0.5710280373831775	0.4883720930232558	0.7058823529411765	0.5710280373831775	1	0	0	0	0	0	0	0	0	1	0	0	0	0
0.5116279069767442	0.0196078431372549	0.5728971962616822	0.5116279069767442	0.0196078431372549	0.5728971962616822	1	0	0	0	0	0	0	0	0	0	0	0	1	0
0.5116279069767442	0.0392156862745098	0.5738317757009346	0.5116279069767442	0.0392156862745098	0.5738317757009346	1	0	0	0	0	0	0	0	0	1	0	0	0	0
0.5116279069767442	0.17647058823529413	0.5803738317757009	0.5116279069767442	0.17647058823529413	0.5803738317757009	1	0	0	0	0	0	0	0	0	1	0	0	0	0
0.5116279069767442	0.21568627450980393	0.5822429906542056	0.5116279069767442	0.21568627450980393	0.5822429906542056	1	0	0	0	0	0	0	0	0	0	0	0	1	0
0.5116279069767442	0.23529411764705882	0.5831775700934579	0.5116279069767442	0.23529411764705882	0.5831775700934579	1	0	0	0	0	0	0	0	0	1	0	0	0	0
0.5116279069767442	0.2549019607843137	0.5841121495327103	0.5116279069767442	0.2549019607843137	0.5841121495327103	1	0	0	0	0	0	0	0	0	0	0	0	1	0
0.5116279069767442	0.27450980392156865	0.5850467289719626	0.5116279069767442	0.27450980392156865	0.5850467289719626	1	0	0	0	0	0	0	0	0	1	0	0	0	0
0.5116279069767442	0.29411764705882354	0.585981308411215	0.5116279069767442	0.29411764705882354	0.585981308411215	1	0	0	0	0	0	0	0	0	0	0	0	1	0
0.5116279069767442	0.3333333333333333	0.5878504672897197	0.5116279069767442	0.3333333333333333	0.5878504672897197	1	0	0	0	0	0	0	0	0	1	0	0	0	0
0.5116279069767442	0.4117647058823529	0.591588785046729	0.5116279069767442	0.4117647058823529	0.591588785046729	1	0	0	0	0	0	0	0	0	0	0	0	1	0
0.5116279069767442	0.47058823529411764	0.594392523364486	0.5116279069767442	0.47058823529411764	0.594392523364486	1	0	0	0	0	0	0	0	0	1	0	0	0	0
0.5116279069767442	0.5098039215686274	0.5962616822429907	0.5116279069767442	0.5098039215686274	0.5962616822429907	1	0	0	0	0	0	0	0	0	0	0	0	1	0
0.5116279069767442	0.5686274509803921	0.5990654205607476	0.5116279069767442	0.5686274509803921	0.5990654205607476	1	0	0	0	0	0	0	0	0	1	0	0	0	0
0.5348837209302325	0.0196078431372549	0.6009345794392523	0.5348837209302325	0.0196078431372549	0.6009345794392523	1	0	0	0	0	0	0	0	0	0	0	0	1	0
0.5348837209302325	0.0392156862745098	0.6018691588785047	0.5348837209302325	0.0392156862745098	0.6018691588785047	1	0	0	0	0	0	0	0	0	1	0	0	0	0
0.5348837209302325	0.17647058823529413	0.608411214953271	0.5348837209302325	0.17647058823529413	0.608411214953271	1	0	0	0	0	0	0	0	0	1	0	0	0	0
0.5348837209302325	0.27450980392156865	0.6130841121495327	0.5348837209302325	0.27450980392156865	0.6130841121495327	1	0	0	0	0	0	0	0	0	0	0	0	1	0
0.5348837209302325	0.29411764705882354	0.6140186915887851	0.5348837209302325	0.29411764705882354	0.6140186915887851	1	0	0	0	0	0	0	0	0	1	0	0	0	0
0.5348837209302325	0.3137254901960784	0.6149532710280374	0.5348837209302325	0.3137254901960784	0.6149532710280374	1	0	0	0	0	0	0	0	0	0	0	0	1	0
0.5348837209302325	0.35294117647058826	0.616822429906542	0.5348837209302325	0.35294117647058826	0.616822429906542	1	0	0	0	0	0	0	0	0	1	0	0	0	0
0.5348837209302325	0.45098039215686275	0.6214953271028038	0.5348837209302325	0.45098039215686275	0.6214953271028038	1	0	0	0	0	0	0	0	0	0	0	0	1	0
0.5348837209302325	0.5098039215686274	0.6242990654205608	0.5348837209302325	0.5098039215686274	0.6242990654205608	1	0	0	0	0	0	0	0	0	0	0	0	1	0
0.5348837209302325	0.5294117647058824	0.625233644859813	0.5348837209302325	0.5294117647058824	0.625233644859813	1	0	0	0	0	0	0	0	0	1	0	0	0	0
0.5348837209302325	0.5686274509803921	0.6271028037383177	0.5348837209302325	0.5686274509803921	0.6271028037383177	1	0	0	0	0	0	0	0	0	0	0	0	1	0
0.5348837209302325	0.6274509803921569	0.6299065420560748	0.5348837209302325	0.6274509803921569	0.6299065420560748	1	0	0	0	0	0	0	0	0	0	1	0	0	0
0.5348837209302325	0.7450980392156863	0.6355140186915887	0.5348837209302325	0.7450980392156863	0.6355140186915887	1	0	0	0	0	0	0	0	0	0	0	0	1	0
0.5348837209302325	0.803921568627451	0.6383177570093458	0.5348837209302325	0.803921568627451	0.6383177570093458	1	0	0	0	0	0	0	0	0	1	0	0	0	0
0.5348837209302325	0.8431372549019608	0.6401869158878505	0.5348837209302325	0.8431372549019608	0.6401869158878505	1	0	0	0	0	0	0	0	0	0	0	0	1	0
0.5348837209302325	0.9019607843137255	0.6429906542056075	0.5348837209302325	0.9019607843137255	0.6429906542056075	1	0	0	0	0	0	0	0	0	1	0	0	0	0
0.5348837209302325	0.9803921568627451	0.6467289719626168	0.5348837209302325	0.9803921568627451	0.6467289719626168	1	0	0	0	0	0	0	0	0	0	0	0	1	0
0.5581395348837209	0.0196078431372549	0.6485981308411215	0.5581395348837209	0.0196078431372549	0.6485981308411215	1	0	0	0	0	0	0	0	1	0	0	0	0	0
0.5581395348837209	0.13725490196078433	0.6542056074766355	0.5581395348837209	0.13725490196078433	0.6542056074766355	1	0	0	0	0	0	0	0	1	0	0	0	0	0
0.5581395348837209	0.3333333333333333	0.6635514018691588	0.5581395348837209	0.3333333333333333	0.6635514018691588	1	0	0	0	0	0	0	0	0	1	0	0	0	0
0.5581395348837209	0.39215686274509803	0.6663551401869159	0.5581395348837209	0.39215686274509803	0.6663551401869159	1	0	0	0	0	0	0	0	0	0	0	0	1	0
0.6046511627906976	0.0196078431372549	0.6691588785046729	0.6046511627906976	0.0196078431372549	0.6691588785046729	1	0	0	0	0	0	0	0	1	0	0	0	0	0
0.6046511627906976	0.11764705882352941	0.6738317757009346	0.6046511627906976	0.11764705882352941	0.6738317757009346	0	0	0	1	0	0	0	0	0	1	0	0	0	0
0.6046511627906976	0.21568627450980393	0.6785046728971963	0.6046511627906976	0.21568627450980393	0.6785046728971963	1	0	0	0	0	0	0	0	0	0	0	0	1	0
0.6046511627906976	0.23529411764705882	0.6794392523364486	0.6046511627906976	0.23529411764705882	0.6794392523364486	1	0	0	0	0	0	0	0	0	1	0	0	0	0
0.6046511627906976	0.29411764705882354	0.6822429906542056	0.6046511627906976	0.29411764705882354	0.6822429906542056	0	0	0	0	0	0	1	0	0	1	0	0	0	0
0.6046511627906976	0.3137254901960784	0.6831775700934579	0.6046511627906976	0.3137254901960784	0.6831775700934579	1	0	0	0	0	0	0	0	0	0	0	0	1	0
0.6046511627906976	0.35294117647058826	0.6850467289719626	0.6046511627906976	0.35294117647058826	0.6850467289719626	1	0	0	0	0	0	0	0	0	1	0	0	0	0
0.6046511627906976	0.4117647058823529	0.6878504672897197	0.6046511627906976	0.4117647058823529	0.6878504672897197	0	0	0	0	0	0	1	0	0	1	0	0	0	0
0.6046511627906976	0.47058823529411764	0.6906542056074766	0.6046511627906976	0.47058823529411764	0.6906542056074766	1	0	0	0	0	0	0	0	0	0	0	0	1	0
0.6046511627906976	0.49019607843137253	0.6915887850467289	0.6046511627906976	0.49019607843137253	0.6915887850467289	1	0	0	0	0	0	0	0	0	0	0	0	1	0
0.6046511627906976	0.5098039215686274	0.6925233644859813	0.6046511627906976	0.5098039215686274	0.6925233644859813	1	0	0	0	0	0	0	0	0	0	0	0	1	0
0.6046511627906976	0.5490196078431373	0.694392523364486	0.6046511627906976	0.5490196078431373	0.694392523364486	1	0	0	0	0	0	0	0	0	0	0	0	1	0
0.627906976744186	0.0392156862745098	0.697196261682243	0.627906976744186	0.0392156862745098	0.697196261682243	1	0	0	0	0	0	0	0	0	1	0	0	0	0
0.627906976744186	0.09803921568627451	0.7	0.627906976744186	0.09803921568627451	0.7	1	0	0	0	0	0	0	0	0	0	0	0	1	0
0.627906976744186	0.11764705882352941	0.7009345794392523	0.627906976744186	0.11764705882352941	0.7009345794392523	0	0	1	0	0	0	0	0	0	1	0	0	0	0
0.627906976744186	0.13725490196078433	0.7018691588785047	0.627906976744186	0.13725490196078433	0.7018691588785047	1	0	0	0	0	0	0	0	0	0	0	0	1	0
0.627906976744186	0.17647058823529413	0.7037383177570093	0.627906976744186	0.17647058823529413	0.7037383177570093	0	0	0	0	1	0	0	0	0	0	1	0	0	0
0.627906976744186	0.11764705882352941	0.7009345794392523	0.627906976744186	0.11764705882352941	0.7009345794392523	0	0	1	0	0	0	0	0	0	1	0	0	0	0
0.627906976744186	0.13725490196078433	0.7018691588785047	0.627906976744186	0.13725490196078433	0.7018691588785047	1	0	0	0	0	0	0	0	0	0	0	0	1	0
0.627906976744186	0.17647058823529413	0.7037383177570093	0.627906976744186	0.17647058823529413	0.7037383177570093	0	0	0	0	1	0	0	0	0	0	1	0	0	0
0.627906976744186	0.19607843137254902	0.7046728971962617	0.627906976744186	0.19607843137254902	0.7046728971962617	1	0	0	0	0	0	0	0	0	0	0	0	1	0
0.6046511627906976	0.29411764705882354	0.6822429906542056	0.627906976744186	0.23529411764705882	0.7065420560747664	0	0	1	0	0	0	0	0	0	1	0	0	0	0
0.627906976744186	0.11764705882352941	0.7009345794392523	0.627906976744186	0.11764705882352941	0.7009345794392523	0	0	1	0	0	0	0	0	0	1	0	0	0	0
0.4883720930232558	0.37254901960784315	0.5551401869158878	0.4883720930232558	0.37254901960784315	0.5551401869158878	1	0	0	0	0	0	0	0	0	1	0	0	0	0
0.4883720930232558	0.45098039215686275	0.5588785046728972	0.4883720930232558	0.45098039215686275	0.5588785046728972	1	0	0	0	0	0	0	0	0	0	0	0	1	0
0.4883720930232558	0.5098039215686274	0.5616822429906542	0.4883720930232558	0.5098039215686274	0.5616822429906542	1	0	0	0	0	0	0	0	0	1	0	0	0	0
0.4883720930232558	0.5490196078431373	0.5635514018691589	0.4883720930232558	0.5490196078431373	0.5635514018691589	1	0	0	0	0	0	0	0	0	0	0	0	1	0
0.4883720930232558	0.6078431372549019	0.5663551401869159	0.4883720930232558	0.6078431372549019	0.5663551401869159	1	0	0	0	0	0	0	0	0	1	0	0	0	0
0.4883720930232558	0.6470588235294118	0.5682242990654206	0.4883720930232558	0.6470588235294118	0.5682242990654206	1	0	0	0	0	0	0	0	0	0	0	0	1	0
0.4883720930232558	0.7058823529411765	0.5710280373831775	0.4883720930232558	0.7058823529411765	0.5710280373831775	1	0	0	0	0	0	0	0	0	1	0	0	0	0
0.5116279069767442	0.0196078431372549	0.5728971962616822	0.5116279069767442	0.0196078431372549	0.5728971962616822	1	0	0	0	0	0	0	0	0	0	0	0	1	0
0.5116279069767442	0.0392156862745098	0.5738317757009346	0.5116279069767442	0.0392156862745098	0.5738317757009346	1	0	0	0	0	0	0	0	0	1	0	0	0	0
0.5116279069767442	0.17647058823529413	0.5803738317757009	0.5116279069767442	0.17647058823529413	0.5803738317757009	1	0	0	0	0	0	0	0	0	1	0	0	0	0
0.5116279069767442	0.21568627450980393	0.5822429906542056	0.5116279069767442	0.21568627450980393	0.5822429906542056	1	0	0	0	0	0	0	0	0	0	0	0	1	0
0.5116279069767442	0.23529411764705882	0.5831775700934579	0.5116279069767442	0.23529411764705882	0.5831775700934579	1	0	0	0	0	0	0	0	0	1	0	0	0	0
0.5116279069767442	0.2549019607843137	0.5841121495327103	0.5116279069767442	0.2549019607843137	0.5841121495327103	1	0	0	0	0	0	0	0	0	0	0	0	1	0
0.5116279069767442	0.27450980392156865	0.5850467289719626	0.5116279069767442	0.27450980392156865	0.5850467289719626	1	0	0	0	0	0	0	0	0	1	0	0	0	0
0.5116279069767442	0.29411764705882354	0.585981308411215	0.5116279069767442	0.29411764705882354	0.585981308411215	1	0	0	0	0	0	0	0	0	0	0	0	1	0
0.5116279069767442	0.3333333333333333	0.5878504672897197	0.5116279069767442	0.3333333333333333	0.5878504672897197	1	0	0	0	0	0	0	0	0	1	0	0	0	0
0.5116279069767442	0.4117647058823529	0.591588785046729	0.5116279069767442	0.4117647058823529	0.591588785046729	1	0	0	0	0	0	0	0	0	0	0	0	1	0
0.5116279069767442	0.47058823529411764	0.594392523364486	0.5116279069767442	0.47058823529411764	0.594392523364486	1	0	0	0	0	0	0	0	0	1	0	0	0	0
0.5116279069767442	0.5098039215686274	0.5962616822429907	0.5116279069767442	0.5098039215686274	0.5962616822429907	1	0	0	0	0	0	0	0	0	0	0	0	1	0
0.5116279069767442	0.5686274509803921	0.5990654205607476	0.5116279069767442	0.5686274509803921	0.5990654205607476	1	0	0	0	0	0	0	0	0	1	0	0	0	0
0.5348837209302325	0.0196078431372549	0.6009345794392523	0.5348837209302325	0.0196078431372549	0.6009345794392523	1	0	0	0	0	0	0	0	0	0	0	0	1	0
0.5348837209302325	0.0392156862745098	0.6018691588785047	0.5348837209302325	0.0392156862745098	0.6018691588785047	1	0	0	0	0	0	0	0	0	1	0	0	0	0
0.5348837209302325	0.17647058823529413	0.608411214953271	0.5348837209302325	0.17647058823529413	0.608411214953271	1	0	0	0	0	0	0	0	0	1	0	0	0	0
0.5348837209302325	0.27450980392156865	0.6130841121495327	0.5348837209302325	0.27450980392156865	0.6130841121495327	1	0	0	0	0	0	0	0	0	0	0	0	1	0
0.5348837209302325	0.29411764705882354	0.6140186915887851	0.5348837209302325	0.29411764705882354	0.6140186915887851	1	0	0	0	0	0	0	0	0	1	0	0	0	0
0.5348837209302325	0.3137254901960784	0.6149532710280374	0.5348837209302325	0.3137254901960784	0.6149532710280374	1	0	0	0	0	0	0	0	0	0	0	0	1	0
0.5348837209302325	0.35294117647058826	0.616822429906542	0.5348837209302325	0.35294117647058826	0.616822429906542	1	0	0	0	0	0	0	0	0	1	0	0	0	0
0.5348837209302325	0.45098039215686275	0.6214953271028038	0.5348837209302325	0.45098039215686275	0.6214953271028038	1	0	0	0	0	0	0	0	0	0	0	0	1	0
0.5348837209302325	0.5098039215686274	0.6242990654205608	0.5348837209302325	0.5098039215686274	0.6242990654205608	1	0	0	0	0	0	0	0	0	0	0	0	1	0
0.5348837209302325	0.5294117647058824	0.625233644859813	0.5348837209302325	0.5294117647058824	0.625233644859813	1	0	0	0	0	0	0	0	0	1	0	0	0	0
0.5348837209302325	0.5686274509803921	0.6271028037383177	0.5348837209302325	0.5686274509803921	0.6271028037383177	1	0	0	0	0	0	0	0	0	0	0	0	1	0
0.5348837209302325	0.6274509803921569	0.6299065420560748	0.5348837209302325	0.6274509803921569	0.6299065420560748	1	0	0	0	0	0	0	0	0	0	1	0	0	0
0.5348837209302325	0.7450980392156863	0.6355140186915887	0.5348837209302325	0.7450980392156863	0.6355140186915887	1	0	0	0	0	0	0	0	0	0	0	0	1	0
0.5348837209302325	0.803921568627451	0.6383177570093458	0.5348837209302325	0.803921568627451	0.6383177570093458	1	0	0	0	0	0	0	0	0	1	0	0	0	0
0.5348837209302325	0.8431372549019608	0.6401869158878505	0.5348837209302325	0.8431372549019608	0.6401869158878505	1	0	0	0	0	0	0	0	0	0	0	0	1	0
0.5348837209302325	0.9019607843137255	0.6429906542056075	0.5348837209302325	0.9019607843137255	0.6429906542056075	1	0	0	0	0	0	0	0	0	1	0	0	0	0
0.5348837209302325	0.9803921568627451	0.6467289719626168	0.5348837209302325	0.9803921568627451	0.6467289719626168	1	0	0	0	0	0	0	0	0	0	0	0	1	0
0.5581395348837209	0.0196078431372549	0.6485981308411215	0.5581395348837209	0.0196078431372549	0.6485981308411215	1	0	0	0	0	0	0	0	1	0	0	0	0	0
0.5581395348837209	0.13725490196078433	0.6542056074766355	0.5581395348837209	0.13725490196078433	0.6542056074766355	1	0	0	0	0	0	0	0	1	0	0	0	0	0
0.5581395348837209	0.3333333333333333	0.6635514018691588	0.5581395348837209	0.3333333333333333	0.6635514018691588	1	0	0	0	0	0	0	0	0	1	0	0	0	0
0.5581395348837209	0.39215686274509803	0.6663551401869159	0.5581395348837209	0.39215686274509803	0.6663551401869159	1	0	0	0	0	0	0	0	0	0	0	0	1	0
0.6046511627906976	0.0196078431372549	0.6691588785046729	0.6046511627906976	0.0196078431372549	0.6691588785046729	1	0	0	0	0	0	0	0	1	0	0	0	0	0
0.6046511627906976	0.11764705882352941	0.6738317757009346	0.6046511627906976	0.11764705882352941	0.6738317757009346	0	0	0	1	0	0	0	0	0	1	0	0	0	0
0.6046511627906976	0.21568627450980393	0.6785046728971963	0.6046511627906976	0.21568627450980393	0.6785046728971963	1	0	0	0	0	0	0	0	0	0	0	0	1	0
0.6046511627906976	0.23529411764705882	0.6794392523364486	0.6046511627906976	0.23529411764705882	0.6794392523364486	1	0	0	0	0	0	0	0	0	1	0	0	0	0
0.6046511627906976	0.29411764705882354	0.6822429906542056	0.6046511627906976	0.29411764705882354	0.6822429906542056	0	0	0	0	0	0	1	0	0	1	0	0	0	0
0.6046511627906976	0.3137254901960784	0.6831775700934579	0.6046511627906976	0.3137254901960784	0.6831775700934579	1	0	0	0	0	0	0	0	0	0	0	0	1	0
0.6046511627906976	0.35294117647058826	0.6850467289719626	0.6046511627906976	0.35294117647058826	0.6850467289719626	1	0	0	0	0	0	0	0	0	1	0	0	0	0
0.6046511627906976	0.4117647058823529	0.6878504672897197	0.6046511627906976	0.4117647058823529	0.6878504672897197	0	0	0	0	0	0	1	0	0	1	0	0	0	0
0.6046511627906976	0.47058823529411764	0.6906542056074766	0.6046511627906976	0.47058823529411764	0.6906542056074766	1	0	0	0	0	0	0	0	0	0	0	0	1	0
0.6046511627906976	0.49019607843137253	0.6915887850467289	0.6046511627906976	0.49019607843137253	0.6915887850467289	1	0	0	0	0	0	0	0	0	0	0	0	1	0
0.6046511627906976	0.5098039215686274	0.6925233644859813	0.6046511627906976	0.5098039215686274	0.6925233644859813	1	0	0	0	0	0	0	0	0	0	0	0	1	0
0.6046511627906976	0.5490196078431373	0.694392523364486	0.6046511627906976	0.5490196078431373	0.694392523364486	1	0	0	0	0	0	0	0	0	0	0	0	1	0
0.627906976744186	0.0392156862745098	0.697196261682243	0.627906976744186	0.0392156862745098	0.697196261682243	1	0	0	0	0	0	0	0	0	1	0	0	0	0
0.627906976744186	0.09803921568627451	0.7	0.627906976744186	0.09803921568627451	0.7	1	0	0	0	0	0	0	0	0	0	0	0	1	0
0.627906976744186	0.11764705882352941	0.7009345794392523	0.627906976744186	0.11764705882352941	0.7009345794392523	0	0	1	0	0	0	0	0	0	1	0	0	0	0
0.627906976744186	0.13725490196078433	0.7018691588785047	0.627906976744186	0.13725490196078433	0.7018691588785047	1	0	0	0	0	0	0	0	0	0	0	0	1	0
0.627906976744186	0.17647058823529413	0.7037383177570093	0.627906976744186	0.17647058823529413	0.7037383177570093	0	0	0	0	1	0	0	0	0	0	1	0	0	0
0.627906976744186	0.19607843137254902	0.7046728971962617	0.627906976744186	0.19607843137254902	0.7046728971962617	1	0	0	0	0	0	0	0	0	0	0	0	1	0
0.6046511627906976	0.29411764705882354	0.6822429906542056	0.627906976744186	0.23529411764705882	0.7065420560747664	0	0	1	0	0	0	0	0	0	1	0	0	0	0
0.627906976744186	0.2549019607843137	0.7074766355140187	0.627906976744186	0.2549019607843137	0.7074766355140187	1	0	0	0	0	0	0	0	0	0	0	0	1	0
0.627906976744186	0.27450980392156865	0.708411214953271	0.627906976744186	0.27450980392156865	0.708411214953271	0	0	1	0	0	0	0	0	0	1	0	0	0	0
0.627906976744186	0.35294117647058826	0.7121495327102804	0.627906976744186	0.35294117647058826	0.7121495327102804	0	0	1	0	0	0	0	0	0	0	0	0	1	0
0.6046511627906976	0.4117647058823529	0.6878504672897197	0.627906976744186	0.4117647058823529	0.7149532710280374	0	0	1	0	0	0	0	0	0	1	0	0	0	0
0.627906976744186	0.47058823529411764	0.7177570093457943	0.627906976744186	0.47058823529411764	0.7177570093457943	1	0	0	0	0	0	0	0	0	0	0	0	1	0
0.627906976744186	0.49019607843137253	0.7186915887850467	0.627906976744186	0.49019607843137253	0.7186915887850467	0	0	1	0	0	0	0	0	0	1	0	0	0	0
0.627906976744186	0.5098039215686274	0.719626168224299	0.627906976744186	0.5098039215686274	0.719626168224299	1	0	0	0	0	0	0	0	0	0	0	0	1	0
0.627906976744186	0.5294117647058824	0.7205607476635514	0.627906976744186	0.5294117647058824	0.7205607476635514	1	0	0	0	0	0	0	0	0	0	0	0	1	0
0.6511627906976745	0.0196078431372549	0.7224299065420561	0.6511627906976745	0.0196078431372549	0.7224299065420561	1	0	0	0	0	0	0	0	0	0	0	0	1	0
0.6744186046511628	0.0196078431372549	0.7242990654205608	0.6744186046511628	0.0196078431372549	0.7242990654205608	1	0	0	0	0	0	0	0	0	1	0	0	0	0
0.6744186046511628	0.0784313725490196	0.7271028037383177	0.6744186046511628	0.0784313725490196	0.7271028037383177	1	0	0	0	0	0	0	0	0	1	0	0	0	0
0.6744186046511628	0.17647058823529413	0.7317757009345794	0.6744186046511628	0.17647058823529413	0.7317757009345794	1	0	0	0	0	0	0	0	0	0	0	0	1	0
0.6744186046511628	0.19607843137254902	0.7327102803738318	0.6744186046511628	0.19607843137254902	0.7327102803738318	1	0	0	0	0	0	0	0	0	1	0	0	0	0
0.6744186046511628	0.2549019607843137	0.7355140186915888	0.6744186046511628	0.2549019607843137	0.7355140186915888	0	0	0	0	0	0	1	0	0	1	0	0	0	0
0.6744186046511628	0.27450980392156865	0.7364485981308411	0.6744186046511628	0.27450980392156865	0.7364485981308411	1	0	0	0	0	0	0	0	0	0	0	0	1	0
0.6744186046511628	0.3137254901960784	0.7383177570093458	0.6744186046511628	0.3137254901960784	0.7383177570093458	1	0	0	0	0	0	0	0	0	1	0	0	0	0
0.6744186046511628	0.37254901960784315	0.7411214953271028	0.6744186046511628	0.37254901960784315	0.7411214953271028	0	0	0	0	0	0	1	0	0	1	0	0	0	0
0.6744186046511628	0.39215686274509803	0.7420560747663552	0.6744186046511628	0.39215686274509803	0.7420560747663552	1	0	0	0	0	0	0	0	0	0	0	0	1	0
0.6744186046511628	0.43137254901960786	0.7439252336448599	0.6744186046511628	0.43137254901960786	0.7439252336448599	1	0	0	0	0	0	0	0	0	0	0	1	0	0
0.6976744186046512	0.0196078431372549	0.7691588785046729	0.6976744186046512	0.0196078431372549	0.7691588785046729	1	0	0	0	0	0	0	0	0	0	0	0	1	0
0.7209302325581395	0.0392156862745098	0.77196261682243	0.7209302325581395	0.0392156862745098	0.77196261682243	1	0	0	0	0	0	0	0	1	0	0	0	0	0
0.7209302325581395	0.09803921568627451	0.7747663551401869	0.7209302325581395	0.09803921568627451	0.7747663551401869	1	0	0	0	0	0	0	0	0	0	0	0	1	0
0.6744186046511628	0.37254901960784315	0.7411214953271028	0.7209302325581395	0.11764705882352941	0.7757009345794392	0	0	1	0	0	0	0	0	0	1	0	0	0	0
0.7209302325581395	0.1568627450980392	0.7775700934579439	0.7209302325581395	0.1568627450980392	0.7775700934579439	1	0	0	0	0	0	0	0	0	0	0	0	1	0
0.7209302325581395	0.21568627450980393	0.780373831775701	0.7209302325581395	0.21568627450980393	0.780373831775701	0	0	0	0	1	0	0	0	0	0	1	0	0	0
0.7209302325581395	0.23529411764705882	0.7813084112149533	0.7209302325581395	0.23529411764705882	0.7813084112149533	1	0	0	0	0	0	0	0	0	0	0	0	1	0
0.7441860465116279	0.058823529411764705	0.7850467289719626	0.7441860465116279	0.058823529411764705	0.7850467289719626	1	0	0	0	0	0	0	0	1	0	0	0	0	0
0.7441860465116279	0.19607843137254902	0.791588785046729	0.7441860465116279	0.19607843137254902	0.791588785046729	0	0	0	0	1	0	0	0	0	0	1	0	0	0
0.7441860465116279	0.21568627450980393	0.7925233644859813	0.7441860465116279	0.21568627450980393	0.7925233644859813	1	0	0	0	0	0	0	0	0	0	0	0	1	0
0.7674418604651163	0.0392156862745098	0.7953271028037383	0.7674418604651163	0.0392156862745098	0.7953271028037383	1	0	0	0	0	0	0	0	1	0	0	0	0	0
0.7674418604651163	0.09803921568627451	0.7981308411214953	0.7674418604651163	0.09803921568627451	0.7981308411214953	1	0	0	0	0	0	0	0	0	0	0	0	1	0
0.6744186046511628	0.37254901960784315	0.7411214953271028	0.7674418604651163	0.11764705882352941	0.7990654205607477	0	0	1	0	0	0	0	0	0	1	0	0	0	0
0.7674418604651163	0.1568627450980392	0.8009345794392523	0.7674418604651163	0.1568627450980392	0.8009345794392523	1	0	0	0	0	0	0	0	0	0	0	0	1	0
0.7674418604651163	0.21568627450980393	0.8037383177570093	0.7674418604651163	0.21568627450980393	0.8037383177570093	0	0	0	0	1	0	0	0	0	0	1	0	0	0
0.7674418604651163	0.23529411764705882	0.8046728971962617	0.7674418604651163	0.23529411764705882	0.8046728971962617	1	0	0	0	0	0	0	0	0	0	0	0	1	0
0.7906976744186046	0.058823529411764705	0.8084112149532711	0.7906976744186046	0.058823529411764705	0.8084112149532711	1	0	0	0	0	0	0	0	1	0	0	0	0	0
0.6744186046511628	0.2549019607843137	0.7355140186915888	0.7906976744186046	0.19607843137254902	0.8149532710280374	0	0	1	0	0	0	0	0	0	1	0	0	0	0
0.7906976744186046	0.21568627450980393	0.8158878504672897	0.7906976744186046	0.21568627450980393	0.8158878504672897	1	0	0	0	0	0	0	0	0	0	0	0	1	0
0.813953488372093	0.0392156862745098	0.8186915887850468	0.813953488372093	0.0392156862745098	0.8186915887850468	1	0	0	0	0	0	0	0	1	0	0	0	0	0
0.813953488372093	0.09803921568627451	0.8214953271028037	0.813953488372093	0.09803921568627451	0.8214953271028037	1	0	0	0	0	0	0	0	0	0	0	0	1	0
0.6744186046511628	0.37254901960784315	0.7411214953271028	0.813953488372093	0.11764705882352941	0.822429906542056	0	0	1	0	0	0	0	0	0	1	0	0	0	0
0.813953488372093	0.1568627450980392	0.8242990654205608	0.813953488372093	0.1568627450980392	0.8242990654205608	1	0	0	0	0	0	0	0	0	0	0	0	1	0
0.813953488372093	0.19607843137254902	0.8261682242990654	0.813953488372093	0.19607843137254902	0.8261682242990654	0	0	0	0	1	0	0	0	0	0	1	0	0	0
0.813953488372093	0.23529411764705882	0.8280373831775701	0.813953488372093	0.23529411764705882	0.8280373831775701	1	0	0	0	0	0	0	0	0	0	0	0	1	0
0.813953488372093	0.29411764705882354	0.8308411214953271	0.813953488372093	0.29411764705882354	0.8308411214953271	0	0	0	0	1	0	0	0	0	0	1	0	0	0
0.813953488372093	0.3137254901960784	0.8317757009345794	0.813953488372093	0.3137254901960784	0.8317757009345794	1	0	0	0	0	0	0	0	0	0	0	0	1	0
0.8372093023255814	0.058823529411764705	0.8355140186915888	0.8372093023255814	0.058823529411764705	0.8355140186915888	1	0	0	0	0	0	0	0	1	0	0	0	0	0
0.8372093023255814	0.19607843137254902	0.8420560747663551	0.8372093023255814	0.19607843137254902	0.8420560747663551	1	0	0	0	0	0	0	0	0	0	0	0	1	0
0.8372093023255814	0.21568627450980393	0.8429906542056075	0.8372093023255814	0.21568627450980393	0.8429906542056075	0	0	1	0	0	0	0	0	0	1	0	0	0	0
0.8372093023255814	0.3137254901960784	0.8476635514018691	0.8372093023255814	0.3137254901960784	0.8476635514018691	1	0	0	0	0	0	0	0	0	0	0	0	1	0
0.6744186046511628	0.2549019607843137	0.7355140186915888	0.8372093023255814	0.3333333333333333	0.8485981308411215	0	0	1	0	0	0	0	0	0	1	0	0	0	0
0.8372093023255814	0.35294117647058826	0.8495327102803738	0.8372093023255814	0.35294117647058826	0.8495327102803738	1	0	0	0	0	0	0	0	0	0	0	0	1	0
0.6744186046511628	0.37254901960784315	0.7411214953271028	0.8372093023255814	0.39215686274509803	0.8514018691588785	0	0	1	0	0	0	0	0	0	1	0	0	0	0
0.8372093023255814	0.43137254901960786	0.8532710280373832	0.8372093023255814	0.43137254901960786	0.8532710280373832	1	0	0	0	0	0	0	0	0	0	0	0	1	0
0.8372093023255814	0.47058823529411764	0.8551401869158879	0.8372093023255814	0.47058823529411764	0.8551401869158879	0	0	0	0	1	0	0	0	0	0	1	0	0	0
0.8372093023255814	0.49019607843137253	0.8560747663551402	0.8372093023255814	0.49019607843137253	0.8560747663551402	1	0	0	0	0	0	0	0	0	0	0	0	1	0
0.8372093023255814	0.5294117647058824	0.8579439252336448	0.8372093023255814	0.5294117647058824	0.8579439252336448	1	0	0	0	0	0	0	0	0	0	0	0	1	0
0.6744186046511628	0.2549019607843137	0.7355140186915888	0.8372093023255814	0.5686274509803921	0.8598130841121495	0	0	1	0	0	0	0	0	0	1	0	0	0	0
0.8372093023255814	0.5882352941176471	0.8607476635514019	0.8372093023255814	0.5882352941176471	0.8607476635514019	1	0	0	0	0	0	0	0	0	0	0	0	1	0
0.8372093023255814	0.6078431372549019	0.8616822429906542	0.8372093023255814	0.6078431372549019	0.8616822429906542	1	0	0	0	0	0	0	0	0	0	0	0	1	0
0.8604651162790697	0.0392156862745098	0.8644859813084113	0.8604651162790697	0.0392156862745098	0.8644859813084113	1	0	0	0	0	0	0	0	0	1	0	0	0	0
0.8604651162790697	0.09803921568627451	0.8672897196261682	0.8604651162790697	0.09803921568627451	0.8672897196261682	0	1	0	0	0	0	0	0	0	1	0	0	0	0
0.8604651162790697	0.13725490196078433	0.8691588785046729	0.8604651162790697	0.13725490196078433	0.8691588785046729	1	0	0	0	0	0	0	0	0	0	0	0	1	0
0.8604651162790697	0.17647058823529413	0.8710280373831776	0.8604651162790697	0.17647058823529413	0.8710280373831776	0	0	1	0	0	0	0	0	0	1	0	0	0	0
0.8604651162790697	0.27450980392156865	0.8757009345794392	0.8604651162790697	0.27450980392156865	0.8757009345794392	1	0	0	0	0	0	0	0	0	0	0	0	1	0
0.6744186046511628	0.2549019607843137	0.7355140186915888	0.8604651162790697	0.29411764705882354	0.8766355140186916	0	0	1	0	0	0	0	0	0	1	0	0	0	0
0.8604651162790697	0.3137254901960784	0.8775700934579439	0.8604651162790697	0.3137254901960784	0.8775700934579439	1	0	0	0	0	0	0	0	0	0	0	0	1	0
0.6744186046511628	0.37254901960784315	0.7411214953271028	0.8604651162790697	0.35294117647058826	0.8794392523364486	0	0	1	0	0	0	0	0	0	1	0	0	0	0
0.8604651162790697	0.39215686274509803	0.8813084112149533	0.8604651162790697	0.39215686274509803	0.8813084112149533	1	0	0	0	0	0	0	0	0	0	0	0	1	0
0.8604651162790697	0.43137254901960786	0.883177570093458	0.8604651162790697	0.43137254901960786	0.883177570093458	0	0	0	0	1	0	0	0	0	0	1	0	0	0
0.8604651162790697	0.45098039215686275	0.8841121495327103	0.8604651162790697	0.45098039215686275	0.8841121495327103	1	0	0	0	0	0	0	0	0	0	0	0	1	0
0.8604651162790697	0.47058823529411764	0.8850467289719626	0.8604651162790697	0.47058823529411764	0.8850467289719626	1	0	0	0	0	0	0	0	0	0	0	0	1	0
0.8837209302325582	0.0392156862745098	0.8878504672897196	0.8837209302325582	0.0392156862745098	0.8878504672897196	1	0	0	0	0	0	0	0	1	0	0	0	0	0
0.8837209302325582	0.17647058823529413	0.8943925233644859	0.8837209302325582	0.17647058823529413	0.8943925233644859	1	0	0	0	0	0	0	0	0	0	0	0	1	0
0.8604651162790697	0.09803921568627451	0.8672897196261682	0.8837209302325582	0.19607843137254902	0.8953271028037383	0	0	1	0	0	0	0	0	0	1	0	0	0	0
0.8837209302325582	0.23529411764705882	0.897196261682243	0.8837209302325582	0.23529411764705882	0.897196261682243	1	0	0	0	0	0	0	0	0	0	0	0	1	0
0.8604651162790697	0.09803921568627451	0.8672897196261682	0.8837209302325582	0.27450980392156865	0.8990654205607477	0	0	1	0	0	0	0	0	0	1	0	0	0	0
0.8837209302325582	0.29411764705882354	0.9	0.8837209302325582	0.29411764705882354	0.9	1	0	0	0	0	0	0	0	0	0	0	0	1	0
0.8837209302325582	0.3137254901960784	0.9009345794392524	0.8837209302325582	0.3137254901960784	0.9009345794392524	1	0	0	0	0	0	0	0	0	0	0	0	1	0
0.9069767441860465	0.0196078431372549	0.902803738317757	0.9069767441860465	0.0196078431372549	0.902803738317757	1	0	0	0	0	0	0	0	0	0	0	0	1	0
0.9302325581395349	0.0196078431372549	0.9046728971962616	0.9302325581395349	0.0196078431372549	0.9046728971962616	1	0	0	0	0	0	0	0	1	0	0	0	0	0
0.9302325581395349	0.09803921568627451	0.908411214953271	0.9302325581395349	0.09803921568627451	0.908411214953271	0	0	0	1	0	0	0	0	0	1	0	0	0	0
0.9302325581395349	0.17647058823529413	0.9121495327102803	0.9302325581395349	0.17647058823529413	0.9121495327102803	1	0	0	0	0	0	0	0	0	0	0	0	1	0
0.9302325581395349	0.19607843137254902	0.9130841121495327	0.9302325581395349	0.19607843137254902	0.9130841121495327	1	0	0	0	0	0	0	0	0	0	0	0	1	0
0.9302325581395349	0.23529411764705882	0.9149532710280374	0.9302325581395349	0.23529411764705882	0.9149532710280374	1	0	0	0	0	0	0	0	0	0	0	0	1	0
0.9534883720930233	0.0392156862745098	0.9177570093457944	0.9534883720930233	0.0392156862745098	0.9177570093457944	1	0	0	0	0	0	0	0	0	1	0	0	0	0
0.9534883720930233	0.19607843137254902	0.9252336448598131	0.9534883720930233	0.19607843137254902	0.9252336448598131	1	0	0	0	0	0	0	0	0	0	0	0	1	0
0.9534883720930233	0.23529411764705882	0.9271028037383178	0.9534883720930233	0.23529411764705882	0.9271028037383178	0	0	1	0	0	0	0	0	0	1	0	0	0	0
0.9534883720930233	0.5294117647058824	0.9411214953271028	0.9534883720930233	0.5294117647058824	0.9411214953271028	1	0	0	0	0	0	0	0	0	0	0	0	1	0
0.9534883720930233	0.5490196078431373	0.9420560747663551	0.9534883720930233	0.5490196078431373	0.9420560747663551	1	0	0	0	0	0	0	0	1	0	0	0	0	0
0.9534883720930233	0.6470588235294118	0.9467289719626168	0.9534883720930233	0.6470588235294118	0.9467289719626168	1	0	0	0	0	0	0	0	0	0	0	0	1	0
0.9534883720930233	0.6666666666666666	0.9476635514018692	0.9534883720930233	0.6666666666666666	0.9476635514018692	1	0	0	0	0	0	0	0	0	0	0	0	1	0
0.9534883720930233	0.7058823529411765	0.9495327102803738	0.9534883720930233	0.7058823529411765	0.9495327102803738	0	0	1	0	0	0	0	0	0	1	0	0	0	0
0.9534883720930233	0.7647058823529411	0.9523364485981308	0.9534883720930233	0.7647058823529411	0.9523364485981308	1	0	0	0	0	0	0	0	0	0	0	0	1	0
0.9534883720930233	0.7843137254901961	0.9532710280373832	0.9534883720930233	0.7843137254901961	0.9532710280373832	1	0	0	0	0	0	0	0	0	1	0	0	0	0
0.9534883720930233	0.8431372549019608	0.9560747663551402	0.9534883720930233	0.8431372549019608	0.9560747663551402	1	0	0	0	0	0	0	0	0	0	0	0	1	0
0.9534883720930233	0.8627450980392157	0.9570093457943926	0.9534883720930233	0.8627450980392157	0.9570093457943926	1	0	0	0	0	0	0	0	0	1	0	0	0	0
0.9534883720930233	0.9411764705882353	0.9607476635514018	0.9534883720930233	0.9411764705882353	0.9607476635514018	1	0	0	0	0	0	0	0	0	0	0	0	1	0
0.9534883720930233	0.9607843137254902	0.9616822429906542	0.9534883720930233	0.9607843137254902	0.9616822429906542	1	0	0	0	0	0	0	0	0	0	0	0	1	0
0.9767441860465116	0.0392156862745098	0.9644859813084112	0.9767441860465116	0.0392156862745098	0.9644859813084112	0	0	1	0	0	0	0	0	0	1	0	0	0	0
0.9767441860465116	0.11764705882352941	0.9682242990654205	0.9767441860465116	0.11764705882352941	0.9682242990654205	1	0	0	0	0	0	0	0	0	0	0	0	1	0
0.9767441860465116	0.13725490196078433	0.9691588785046729	0.9767441860465116	0.13725490196078433	0.9691588785046729	1	0	0	0	0	0	0	0	0	1	0	0	0	0
0.9767441860465116	0.19607843137254902	0.9719626168224299	0.9767441860465116	0.19607843137254902	0.9719626168224299	1	0	0	0	0	0	0	0	0	0	0	0	1	0
0.9767441860465116	0.21568627450980393	0.9728971962616823	0.9767441860465116	0.21568627450980393	0.9728971962616823	1	0	0	0	0	0	0	0	0	1	0	0	0	0
0.9767441860465116	0.29411764705882354	0.9766355140186916	0.9767441860465116	0.29411764705882354	0.9766355140186916	1	0	0	0	0	0	0	0	0	0	0	0	1	0
0.9767441860465116	0.3137254901960784	0.9775700934579439	0.9767441860465116	0.3137254901960784	0.9775700934579439	1	0	0	0	0	0	0	0	0	0	0	0	1	0
1	0.0392156862745098	0.9803738317757009	1	0.0392156862745098	0.9803738317757009	1	0	0	0	0	0	0	0	0	1	0	0	0	0
1	0.09803921568627451	0.983177570093458	1	0.09803921568627451	0.983177570093458	0	1	0	0	0	0	0	0	0	1	0	0	0	0
1	0.11764705882352941	0.9841121495327103	1	0.11764705882352941	0.9841121495327103	1	0	0	0	0	0	0	0	0	0	0	0	1	0
1	0.1568627450980392	0.985981308411215	1	0.1568627450980392	0.985981308411215	0	1	0	0	0	0	0	0	0	1	0	0	0	0
1	0.17647058823529413	0.9869158878504672	1	0.17647058823529413	0.9869158878504672	1	0	0	0	0	0	0	0	0	0	0	0	1	0
1	0.21568627450980393	0.9887850467289719	1	0.21568627450980393	0.9887850467289719	0	1	0	0	0	0	0	0	0	1	0	0	0	0
1	0.23529411764705882	0.9897196261682243	1	0.23529411764705882	0.9897196261682243	1	0	0	0	0	0	0	0	0	0	0	0	1	0
1	0.27450980392156865	0.991588785046729	1	0.27450980392156865	0.991588785046729	1	0	0	0	0	0	0	0	0	1	0	0	0	0
1	0.3137254901960784	0.9934579439252337	1	0.3137254901960784	0.9934579439252337	1	0	0	0	0	0	0	0	0	0	0	0	1	0
1	0.09803921568627451	0.983177570093458	1	0.3333333333333333	0.994392523364486	0	0	1	0	0	0	0	0	0	1	0	0	0	0
1	0.35294117647058826	0.9953271028037384	1	0.35294117647058826	0.9953271028037384	1	0	0	0	0	0	0	0	0	0	0	0	1	0
1	0.1568627450980392	0.985981308411215	1	0.39215686274509803	0.997196261682243	0	0	1	0	0	0	0	0	0	1	0	0	0	0
1	0.4117647058823529	0.9981308411214953	1	0.4117647058823529	0.9981308411214953	1	0	0	0	0	0	0	0	0	0	0	0	1	0
1	0.21568627450980393	0.9887850467289719	1	0.45098039215686275	1	0	0	1	0	0	0	0	0	0	1	0	0	0	0