0.021505376344086023	0.008771929824561403	0.0136986301369863	0.021505376344086023	0.008771929824561403	0.0136986301369863	1	0	0	0	0	0	0	0	1	0	0	0	0	0
0.021505376344086023	0.06140350877192982	0.017123287671232876	0.021505376344086023	0.06140350877192982	0.017123287671232876	1	0	0	0	0	0	0	0	1	0	0	0	0	0
0.021505376344086023	0.14912280701754385	0.0228310502283105	0.021505376344086023	0.14912280701754385	0.0228310502283105	1	0	0	0	0	0	0	0	0	1	0	0	0	0
0.043010752688172046	0.008771929824561403	0.026255707762557076	0.043010752688172046	0.008771929824561403	0.026255707762557076	1	0	0	0	0	0	0	0	1	0	0	0	0	0
0.043010752688172046	0.09649122807017543	0.0319634703196347	0.043010752688172046	0.09649122807017543	0.0319634703196347	1	0	0	0	0	0	0	0	0	1	0	0	0	0
0.043010752688172046	0.11403508771929824	0.033105022831050226	0.043010752688172046	0.11403508771929824	0.033105022831050226	1	0	0	0	0	0	0	0	0	0	0	0	1	0
0.053763440860215055	0.017543859649122806	0.034817351598173514	0.053763440860215055	0.017543859649122806	0.034817351598173514	1	0	0	0	0	0	0	0	1	0	0	0	0	0
0.053763440860215055	0.06140350877192982	0.03767123287671233	0.053763440860215055	0.06140350877192982	0.03767123287671233	0	1	0	0	0	0	0	0	0	1	0	0	0	0
0.053763440860215055	0.10526315789473684	0.04052511415525114	0.053763440860215055	0.10526315789473684	0.04052511415525114	1	0	0	0	0	0	0	0	0	0	0	0	1	0
0.053763440860215055	0.12280701754385964	0.041666666666666664	0.053763440860215055	0.12280701754385964	0.041666666666666664	0	0	0	0	1	0	0	0	0	0	1	0	0	0
0.053763440860215055	0.13157894736842105	0.04223744292237443	0.053763440860215055	0.13157894736842105	0.04223744292237443	1	0	0	0	0	0	0	0	0	0	0	0	1	0
0.053763440860215055	0.14035087719298245	0.04280821917808219	0.053763440860215055	0.14035087719298245	0.04280821917808219	1	0	0	0	0	0	0	0	0	0	0	1	0	0
0.06451612903225806	0.017543859649122806	0.057648401826484015	0.06451612903225806	0.017543859649122806	0.057648401826484015	1	0	0	0	0	0	0	0	1	0	0	0	0	0
0.06451612903225806	0.07894736842105263	0.06164383561643835	0.06451612903225806	0.07894736842105263	0.06164383561643835	1	0	0	0	0	0	0	0	1	0	0	0	0	0
0.06451612903225806	0.12280701754385964	0.06449771689497717	0.06451612903225806	0.12280701754385964	0.06449771689497717	0	0	0	1	0	0	0	0	0	1	0	0	0	0
0.06451612903225806	0.14035087719298245	0.0656392694063927	0.06451612903225806	0.14035087719298245	0.0656392694063927	1	0	0	0	0	0	0	0	0	0	0	0	1	0
0.06451612903225806	0.14912280701754385	0.06621004566210045	0.06451612903225806	0.14912280701754385	0.06621004566210045	1	0	0	0	0	0	0	0	0	0	0	0	1	0
0.06451612903225806	0.16666666666666666	0.06735159817351598	0.06451612903225806	0.16666666666666666	0.06735159817351598	1	0	0	0	0	0	0	0	0	0	0	0	1	0
0.07526881720430108	0.02631578947368421	0.06963470319634703	0.07526881720430108	0.02631578947368421	0.06963470319634703	1	0	0	0	0	0	0	0	1	0	0	0	0	0
0.07526881720430108	0.08771929824561403	0.07363013698630137	0.07526881720430108	0.08771929824561403	0.07363013698630137	1	0	0	0	0	0	0	0	1	0	0	0	0	0
0.07526881720430108	0.13157894736842105	0.07648401826484018	0.07526881720430108	0.13157894736842105	0.07648401826484018	0	1	0	0	0	0	0	0	0	1	0	0	0	0
0.07526881720430108	0.15789473684210525	0.07819634703196347	0.07526881720430108	0.15789473684210525	0.07819634703196347	1	0	0	0	0	0	0	0	0	0	0	0	1	0
0.07526881720430108	0.16666666666666666	0.07876712328767123	0.07526881720430108	0.16666666666666666	0.07876712328767123	0	0	0	0	1	0	0	0	0	0	1	0	0	0
0.07526881720430108	0.21929824561403508	0.0821917808219178	0.07526881720430108	0.21929824561403508	0.0821917808219178	1	0	0	0	0	0	0	0	0	0	0	0	1	0
0.07526881720430108	0.22807017543859648	0.08276255707762557	0.07526881720430108	0.22807017543859648	0.08276255707762557	1	0	0	0	0	0	0	0	0	0	0	0	1	0
0.07526881720430108	0.24561403508771928	0.0839041095890411	0.07526881720430108	0.24561403508771928	0.0839041095890411	1	0	0	0	0	0	0	0	0	0	0	0	1	0
0.07526881720430108	0.2543859649122807	0.08447488584474885	0.07526881720430108	0.2543859649122807	0.08447488584474885	0	1	0	0	0	0	0	0	0	1	0	0	0	0
0.07526881720430108	0.2807017543859649	0.08618721461187215	0.07526881720430108	0.2807017543859649	0.08618721461187215	1	0	0	0	0	0	0	0	0	0	0	0	1	0
0.07526881720430108	0.13157894736842105	0.07648401826484018	0.07526881720430108	0.2982456140350877	0.08732876712328767	0	0	1	0	0	0	0	0	0	1	0	0	0	0
0.07526881720430108	0.32456140350877194	0.08904109589041095	0.07526881720430108	0.32456140350877194	0.08904109589041095	1	0	0	0	0	0	0	0	0	0	0	0	1	0
0.07526881720430108	0.34210526315789475	0.09018264840182648	0.07526881720430108	0.34210526315789475	0.09018264840182648	1	0	0	0	0	0	0	0	0	0	0	0	1	0
0.07526881720430108	0.3508771929824561	0.09075342465753425	0.07526881720430108	0.3508771929824561	0.09075342465753425	0	1	0	0	0	0	0	0	0	1	0	0	0	0
0.07526881720430108	0.37719298245614036	0.09246575342465753	0.07526881720430108	0.37719298245614036	0.09246575342465753	1	0	0	0	0	0	0	0	0	0	0	0	1	0
0.07526881720430108	0.13157894736842105	0.07648401826484018	0.07526881720430108	0.39473684210526316	0.09360730593607305	0	0	1	0	0	0	0	0	0	1	0	0	0	0
0.07526881720430108	0.42105263157894735	0.09531963470319635	0.07526881720430108	0.42105263157894735	0.09531963470319635	1	0	0	0	0	0	0	0	0	0	0	0	1	0
0.08602150537634409	0.02631578947368421	0.0976027397260274	0.08602150537634409	0.02631578947368421	0.0976027397260274	1	0	0	0	0	0	0	0	1	0	0	0	0	0
0.07526881720430108	0.2543859649122807	0.08447488584474885	0.08602150537634409	0.08771929824561403	0.10159817351598173	0	0	1	0	0	0	0	0	0	1	0	0	0	0
0.08602150537634409	0.11403508771929824	0.10331050228310502	0.08602150537634409	0.11403508771929824	0.10331050228310502	1	0	0	0	0	0	0	0	0	0	0	0	1	0
0.07526881720430108	0.3508771929824561	0.09075342465753425	0.08602150537634409	0.14035087719298245	0.1050228310502283	0	0	1	0	0	0	0	0	0	1	0	0	0	0
0.08602150537634409	0.16666666666666666	0.1067351598173516	0.08602150537634409	0.16666666666666666	0.1067351598173516	1	0	0	0	0	0	0	0	0	0	0	0	1	0
0.053763440860215055	0.06140350877192982	0.03767123287671233	0.08602150537634409	0.19298245614035087	0.10844748858447488	0	0	1	0	0	0	0	0	0	1	0	0	0	0
0.08602150537634409	0.23684210526315788	0.1113013698630137	0.08602150537634409	0.23684210526315788	0.1113013698630137	1	0	0	0	0	0	0	0	0	0	0	0	1	0
0.08602150537634409	0.2631578947368421	0.11301369863013698	0.08602150537634409	0.2631578947368421	0.11301369863013698	1	0	0	0	0	0	0	0	0	0	0	0	1	0
0.07526881720430108	0.3508771929824561	0.09075342465753425	0.08602150537634409	0.2719298245614035	0.11358447488584475	0	0	1	0	0	0	0	0	0	1	0	0	0	0
0.08602150537634409	0.2982456140350877	0.11529680365296803	0.08602150537634409	0.2982456140350877	0.11529680365296803	1	0	0	0	0	0	0	0	0	0	0	0	1	0
0.08602150537634409	0.3157894736842105	0.11643835616438356	0.08602150537634409	0.3157894736842105	0.11643835616438356	1	0	0	0	0	0	0	0	0	0	0	0	1	0
0.07526881720430108	0.2543859649122807	0.08447488584474885	0.08602150537634409	0.32456140350877194	0.11700913242009132	0	0	1	0	0	0	0	0	0	1	0	0	0	0
0.08602150537634409	0.3508771929824561	0.1187214611872146	0.08602150537634409	0.3508771929824561	0.1187214611872146	1	0	0	0	0	0	0	0	0	0	0	0	1	0
0.07526881720430108	0.13157894736842105	0.07648401826484018	0.08602150537634409	0.3684210526315789	0.11986301369863013	0	0	1	0	0	0	0	0	0	1	0	0	0	0
0.08602150537634409	0.39473684210526316	0.12157534246575342	0.08602150537634409	0.39473684210526316	0.12157534246575342	1	0	0	0	0	0	0	0	0	0	0	0	1	0
0.08602150537634409	0.41228070175438597	0.12271689497716895	0.08602150537634409	0.41228070175438597	0.12271689497716895	1	0	0	0	0	0	0	0	0	0	0	0	1	0
0.08602150537634409	0.4298245614035088	0.12385844748858447	0.08602150537634409	0.4298245614035088	0.12385844748858447	0	0	1	0	0	0	0	0	0	1	0	0	0	0
0.08602150537634409	0.47368421052631576	0.1267123287671233	0.08602150537634409	0.47368421052631576	0.1267123287671233	1	0	0	0	0	0	0	0	0	0	0	0	1	0
0.07526881720430108	0.13157894736842105	0.07648401826484018	0.08602150537634409	0.4824561403508772	0.12728310502283105	0	0	1	0	0	0	0	0	0	1	0	0	0	0
0.08602150537634409	0.5087719298245614	0.12899543378995434	0.08602150537634409	0.5087719298245614	0.12899543378995434	1	0	0	0	0	0	0	0	0	0	0	0	1	0
0.08602150537634409	0.5263157894736842	0.13013698630136986	0.08602150537634409	0.5263157894736842	0.13013698630136986	0	0	0	0	1	0	0	0	0	0	1	0	0	0
0.08602150537634409	0.5350877192982456	0.13070776255707764	0.08602150537634409	0.5350877192982456	0.13070776255707764	1	0	0	0	0	0	0	0	0	0	0	0	1	0
0.08602150537634409	0.5526315789473685	0.13184931506849315	0.08602150537634409	0.5526315789473685	0.13184931506849315	0	0	0	0	1	0	0	0	0	0	1	0	0	0
0.08602150537634409	0.6052631578947368	0.13527397260273974	0.08602150537634409	0.6052631578947368	0.13527397260273974	1	0	0	0	0	0	0	0	0	0	0	0	1	0
0.08602150537634409	0.6228070175438597	0.13641552511415525	0.08602150537634409	0.6228070175438597	0.13641552511415525	1	0	0	0	0	0	0	0	0	1	0	0	0	0
0.08602150537634409	0.6666666666666666	0.13926940639269406	0.08602150537634409	0.6666666666666666	0.13926940639269406	1	0	0	0	0	0	0	0	0	0	0	0	1	0
0.08602150537634409	0.6754385964912281	0.13984018264840184	0.08602150537634409	0.6754385964912281	0.13984018264840184	1	0	0	0	0	0	0	0	0	0	0	0	1	0
0.07526881720430108	0.2543859649122807	0.08447488584474885	0.08602150537634409	0.6929824561403509	0.14098173515981735	0	0	1	0	0	0	0	0	0	1	0	0	0	0
0.08602150537634409	0.7192982456140351	0.14269406392694065	0.08602150537634409	0.7192982456140351	0.14269406392694065	1	0	0	0	0	0	0	0	0	0	0	0	1	0
0.07526881720430108	0.3508771929824561	0.09075342465753425	0.08602150537634409	0.7456140350877193	0.14440639269406394	0	0	1	0	0	0	0	0	0	1	0	0	0	0
0.08602150537634409	0.7631578947368421	0.14554794520547945	0.08602150537634409	0.7631578947368421	0.14554794520547945	1	0	0	0	0	0	0	0	0	0	0	0	1	0
0.08602150537634409	0.7807017543859649	0.146689497716895	0.08602150537634409	0.7807017543859649	0.146689497716895	1	0	0	0	0	0	0	0	0	0	0	0	1	0
0.08602150537634409	0.7982456140350878	0.1478310502283105	0.08602150537634409	0.7982456140350878	0.1478310502283105	1	0	0	0	0	0	0	0	0	0	0	0	1	0
0.053763440860215055	0.06140350877192982	0.03767123287671233	0.08602150537634409	0.8070175438596491	0.14840182648401826	0	0	1	0	0	0	0	0	0	1	0	0	0	0
0.08602150537634409	0.8508771929824561	0.1512557077625571	0.08602150537634409	0.8508771929824561	0.1512557077625571	1	0	0	0	0	0	0	0	0	0	0	0	1	0
0.08602150537634409	0.868421052631579	0.1523972602739726	0.08602150537634409	0.868421052631579	0.1523972602739726	0	0	0	0	1	0	0	0	0	0	1	0	0	0
0.08602150537634409	0.8771929824561403	0.15296803652968036	0.08602150537634409	0.8771929824561403	0.15296803652968036	1	0	0	0	0	0	0	0	0	0	0	0	1	0
0.08602150537634409	0.8947368421052632	0.1541095890410959	0.08602150537634409	0.8947368421052632	0.1541095890410959	1	0	0	0	0	0	0	0	0	1	0	0	0	0
0.08602150537634409	0.9210526315789473	0.1558219178082192	0.08602150537634409	0.9210526315789473	0.1558219178082192	1	0	0	0	0	0	0	0	0	0	0	0	1	0
0.08602150537634409	0.9385964912280702	0.1569634703196347	0.08602150537634409	0.9385964912280702	0.1569634703196347	1	0	0	0	0	0	0	0	0	0	0	0	1	0
0.08602150537634409	0.956140350877193	0.15810502283105024	0.08602150537634409	0.956140350877193	0.15810502283105024	1	0	0	0	0	0	0	0	0	0	0	0	1	0
0.07526881720430108	0.2543859649122807	0.08447488584474885	0.08602150537634409	0.9649122807017544	0.158675799086758	0	0	1	0	0	0	0	0	0	1	0	0	0	0
0.08602150537634409	0.9824561403508771	0.1598173515981735	0.08602150537634409	0.9824561403508771	0.1598173515981735	1	0	0	0	0	0	0	0	0	0	0	0	1	0
0.08602150537634409	1	0.16095890410958905	0.08602150537634409	1	0.16095890410958905	1	0	0	0	0	0	0	0	0	0	0	0	1	0
0.0967741935483871	0.017543859649122806	0.16267123287671234	0.0967741935483871	0.017543859649122806	0.16267123287671234	1	0	0	0	0	0	0	0	0	0	0	0	1	0
0.10752688172043011	0.017543859649122806	0.1643835616438356	0.10752688172043011	0.017543859649122806	0.1643835616438356	1	0	0	0	0	0	0	0	1	0	0	0	0	0
0.10752688172043011	0.08771929824561403	0.1689497716894977	0.10752688172043011	0.08771929824561403	0.1689497716894977	1	0	0	0	0	0	0	0	0	0	0	0	1	0
0.10752688172043011	0.09649122807017543	0.1695205479452055	0.10752688172043011	0.09649122807017543	0.1695205479452055	1	0	0	0	0	0	0	0	1	0	0	0	0	0
0.10752688172043011	0.14912280701754385	0.17294520547945205	0.10752688172043011	0.14912280701754385	0.17294520547945205	1	0	0	0	0	0	0	0	0	1	0	0	0	0
0.10752688172043011	0.16666666666666666	0.1740867579908676	0.10752688172043011	0.16666666666666666	0.1740867579908676	1	0	0	0	0	0	0	0	0	0	0	0	1	0
0.11827956989247312	0.017543859649122806	0.17579908675799086	0.11827956989247312	0.017543859649122806	0.17579908675799086	1	0	0	0	0	0	0	0	1	0	0	0	0	0
0.11827956989247312	0.07894736842105263	0.1797945205479452	0.11827956989247312	0.07894736842105263	0.1797945205479452	1	0	0	0	0	0	0	0	1	0	0	0	0	0
0.11827956989247312	0.12280701754385964	0.182648401826484	0.11827956989247312	0.12280701754385964	0.182648401826484	1	0	0	0	0	0	0	0	0	1	0	0	0	0
0.11827956989247312	0.15789473684210525	0.18493150684931506	0.11827956989247312	0.15789473684210525	0.18493150684931506	1	0	0	0	0	0	0	0	0	0	0	0	1	0
0.11827956989247312	0.16666666666666666	0.18550228310502284	0.11827956989247312	0.16666666666666666	0.18550228310502284	1	0	0	0	0	0	0	0	0	1	0	0	0	0
0.11827956989247312	0.19298245614035087	0.1872146118721461	0.11827956989247312	0.19298245614035087	0.1872146118721461	1	0	0	0	0	0	0	0	0	0	0	0	1	0
0.11827956989247312	0.20175438596491227	0.1877853881278539	0.11827956989247312	0.20175438596491227	0.1877853881278539	0	0	0	0	0	0	1	0	0	1	0	0	0	0
0.11827956989247312	0.22807017543859648	0.18949771689497716	0.11827956989247312	0.22807017543859648	0.18949771689497716	1	0	0	0	0	0	0	0	0	0	0	0	1	0
0.11827956989247312	0.24561403508771928	0.1906392694063927	0.11827956989247312	0.24561403508771928	0.1906392694063927	1	0	0	0	0	0	0	0	0	0	0	0	1	0
0.12903225806451613	0.02631578947368421	0.19292237442922375	0.12903225806451613	0.02631578947368421	0.19292237442922375	1	0	0	0	0	0	0	0	1	0	0	0	0	0
0.12903225806451613	0.07017543859649122	0.19577625570776255	0.12903225806451613	0.07017543859649122	0.19577625570776255	0	1	0	0	0	0	0	0	0	1	0	0	0	0
0.12903225806451613	0.08771929824561403	0.1969178082191781	0.12903225806451613	0.08771929824561403	0.1969178082191781	1	0	0	0	0	0	0	0	0	0	0	0	1	0
0.06451612903225806	0.12280701754385964	0.06449771689497717	0.12903225806451613	0.10526315789473684	0.1980593607305936	0	0	1	0	0	0	0	0	0	1	0	0	0	0
0.12903225806451613	0.12280701754385964	0.19920091324200914	0.12903225806451613	0.12280701754385964	0.19920091324200914	1	0	0	0	0	0	0	0	0	0	0	0	1	0
0.12903225806451613	0.13157894736842105	0.1997716894977169	0.12903225806451613	0.13157894736842105	0.1997716894977169	1	0	0	0	0	0	0	0	0	0	0	0	1	0
0.12903225806451613	0.14035087719298245	0.20034246575342465	0.12903225806451613	0.14035087719298245	0.20034246575342465	1	0	0	0	0	0	0	0	0	0	0	0	1	0
0.12903225806451613	0.15789473684210525	0.2014840182648402	0.12903225806451613	0.15789473684210525	0.2014840182648402	0	1	0	0	0	0	0	0	0	1	0	0	0	0
0.12903225806451613	0.17543859649122806	0.2026255707762557	0.12903225806451613	0.17543859649122806	0.2026255707762557	1	0	0	0	0	0	0	0	0	0	0	0	1	0
0.12903225806451613	0.19298245614035087	0.20376712328767124	0.12903225806451613	0.19298245614035087	0.20376712328767124	0	0	0	0	1	0	0	0	0	0	1	0	0	0
0.12903225806451613	0.20175438596491227	0.204337899543379	0.12903225806451613	0.20175438596491227	0.204337899543379	1	0	0	0	0	0	0	0	0	0	0	0	1	0
0.11827956989247312	0.20175438596491227	0.1877853881278539	0.12903225806451613	0.21929824561403508	0.2054794520547945	0	0	1	0	0	0	0	0	0	1	0	0	0	0
0.12903225806451613	0.2543859649122807	0.20776255707762556	0.12903225806451613	0.2543859649122807	0.20776255707762556	1	0	0	0	0	0	0	0	0	0	0	0	1	0
0.12903225806451613	0.2719298245614035	0.2089041095890411	0.12903225806451613	0.2719298245614035	0.2089041095890411	0	0	0	0	1	0	0	0	0	0	1	0	0	0
0.12903225806451613	0.2807017543859649	0.20947488584474885	0.12903225806451613	0.2807017543859649	0.20947488584474885	1	0	0	0	0	0	0	0	0	0	0	0	1	0
0.13978494623655913	0.02631578947368421	0.2117579908675799	0.13978494623655913	0.02631578947368421	0.2117579908675799	1	0	0	0	0	0	0	0	1	0	0	0	0	0
0.13978494623655913	0.07894736842105263	0.2151826484018265	0.13978494623655913	0.07894736842105263	0.2151826484018265	1	0	0	0	0	0	0	0	0	0	0	0	1	0
0.12903225806451613	0.07017543859649122	0.19577625570776255	0.13978494623655913	0.08771929824561403	0.21575342465753425	0	0	1	0	0	0	0	0	0	1	0	0	0	0
0.13978494623655913	0.09649122807017543	0.216324200913242	0.13978494623655913	0.09649122807017543	0.216324200913242	1	0	0	0	0	0	0	0	0	0	0	0	1	0
0.13978494623655913	0.10526315789473684	0.21689497716894976	0.13978494623655913	0.10526315789473684	0.21689497716894976	0	0	0	0	0	1	0	0	0	0	1	0	0	0
0.13978494623655913	0.14035087719298245	0.2191780821917808	0.13978494623655913	0.14035087719298245	0.2191780821917808	1	0	0	0	0	0	0	0	0	0	0	0	1	0
0.12903225806451613	0.07017543859649122	0.19577625570776255	0.13978494623655913	0.16666666666666666	0.2208904109589041	0	0	1	0	0	0	0	0	0	1	0	0	0	0
0.13978494623655913	0.17543859649122806	0.22146118721461186	0.13978494623655913	0.17543859649122806	0.22146118721461186	1	0	0	0	0	0	0	0	0	0	0	0	1	0
0.13978494623655913	0.18421052631578946	0.22203196347031964	0.13978494623655913	0.18421052631578946	0.22203196347031964	0	0	0	0	0	1	0	0	0	0	1	0	0	0
0.13978494623655913	0.21052631578947367	0.2237442922374429	0.13978494623655913	0.21052631578947367	0.2237442922374429	1	0	0	0	0	0	0	0	0	0	0	0	1	0
0.12903225806451613	0.07017543859649122	0.19577625570776255	0.13978494623655913	0.21929824561403508	0.2243150684931507	0	0	1	0	0	0	0	0	0	1	0	0	0	0
0.13978494623655913	0.23684210526315788	0.2254566210045662	0.13978494623655913	0.23684210526315788	0.2254566210045662	1	0	0	0	0	0	0	0	0	0	0	0	1	0
0.13978494623655913	0.2631578947368421	0.2271689497716895	0.13978494623655913	0.2631578947368421	0.2271689497716895	0	0	0	0	0	1	0	0	0	0	1	0	0	0
0.13978494623655913	0.2982456140350877	0.22945205479452055	0.13978494623655913	0.2982456140350877	0.22945205479452055	1	0	0	0	0	0	0	0	0	0	0	0	1	0
0.13978494623655913	0.32456140350877194	0.23116438356164384	0.13978494623655913	0.32456140350877194	0.23116438356164384	1	0	0	0	0	0	0	0	0	0	0	0	1	0
0.12903225806451613	0.15789473684210525	0.2014840182648402	0.13978494623655913	0.3333333333333333	0.2317351598173516	0	0	1	0	0	0	0	0	0	1	0	0	0	0
0.13978494623655913	0.3508771929824561	0.2328767123287671	0.13978494623655913	0.3508771929824561	0.2328767123287671	1	0	0	0	0	0	0	0	0	0	0	0	1	0
0.13978494623655913	0.3684210526315789	0.23401826484018265	0.13978494623655913	0.3684210526315789	0.23401826484018265	1	0	0	0	0	0	0	0	0	0	0	0	1	0
0.13978494623655913	0.37719298245614036	0.2345890410958904	0.13978494623655913	0.37719298245614036	0.2345890410958904	0	0	0	0	1	0	0	0	0	0	1	0	0	0
0.13978494623655913	0.38596491228070173	0.23515981735159816	0.13978494623655913	0.38596491228070173	0.23515981735159816	1	0	0	0	0	0	0	0	0	0	0	0	1	0
0.13978494623655913	0.39473684210526316	0.23573059360730594	0.13978494623655913	0.39473684210526316	0.23573059360730594	1	0	0	0	0	0	0	0	0	0	0	0	1	0
0.12903225806451613	0.07017543859649122	0.19577625570776255	0.13978494623655913	0.41228070175438597	0.23687214611872145	0	0	1	0	0	0	0	0	0	1	0	0	0	0
0.13978494623655913	0.4298245614035088	0.238013698630137	0.13978494623655913	0.4298245614035088	0.238013698630137	1	0	0	0	0	0	0	0	0	0	0	0	1	0
0.06451612903225806	0.12280701754385964	0.06449771689497717	0.13978494623655913	0.4473684210526316	0.2391552511415525	0	0	1	0	0	0	0	0	0	1	0	0	0	0
0.13978494623655913	0.4649122807017544	0.24029680365296804	0.13978494623655913	0.4649122807017544	0.24029680365296804	1	0	0	0	0	0	0	0	0	0	0	0	1	0
0.13978494623655913	0.47368421052631576	0.2408675799086758	0.13978494623655913	0.47368421052631576	0.2408675799086758	1	0	0	0	0	0	0	0	0	0	0	0	1	0
0.13978494623655913	0.4824561403508772	0.24143835616438356	0.13978494623655913	0.4824561403508772	0.24143835616438356	1	0	0	0	0	0	0	0	0	0	0	0	1	0
0.15053763440860216	0.02631578947368421	0.2437214611872146	0.15053763440860216	0.02631578947368421	0.2437214611872146	1	0	0	0	0	0	0	0	1	0	0	0	0	0
0.15053763440860216	0.07894736842105263	0.2471461187214612	0.15053763440860216	0.07894736842105263	0.2471461187214612	1	0	0	0	0	0	0	0	0	0	0	0	1	0
0.12903225806451613	0.07017543859649122	0.19577625570776255	0.15053763440860216	0.08771929824561403	0.24771689497716895	0	0	1	0	0	0	0	0	0	1	0	0	0	0
0.15053763440860216	0.10526315789473684	0.24885844748858446	0.15053763440860216	0.10526315789473684	0.24885844748858446	1	0	0	0	0	0	0	0	0	0	0	0	1	0
0.15053763440860216	0.13157894736842105	0.2505707762557078	0.15053763440860216	0.13157894736842105	0.2505707762557078	0	0	0	0	0	1	0	0	0	0	1	0	0	0
0.15053763440860216	0.15789473684210525	0.2522831050228311	0.15053763440860216	0.15789473684210525	0.2522831050228311	1	0	0	0	0	0	0	0	0	0	0	0	1	0
0.12903225806451613	0.07017543859649122	0.19577625570776255	0.15053763440860216	0.17543859649122806	0.2534246575342466	0	0	1	0	0	0	0	0	0	1	0	0	0	0
0.15053763440860216	0.19298245614035087	0.2545662100456621	0.15053763440860216	0.19298245614035087	0.2545662100456621	1	0	0	0	0	0	0	0	0	0	0	0	1	0
0.15053763440860216	0.21929824561403508	0.2562785388127854	0.15053763440860216	0.21929824561403508	0.2562785388127854	0	0	0	0	0	1	0	0	0	0	1	0	0	0
0.15053763440860216	0.24561403508771928	0.2579908675799087	0.15053763440860216	0.24561403508771928	0.2579908675799087	1	0	0	0	0	0	0	0	0	0	0	0	1	0
0.11827956989247312	0.20175438596491227	0.1877853881278539	0.15053763440860216	0.2543859649122807	0.2585616438356164	0	0	1	0	0	0	0	0	0	1	0	0	0	0
0.15053763440860216	0.2894736842105263	0.2608447488584475	0.15053763440860216	0.2894736842105263	0.2608447488584475	1	0	0	0	0	0	0	0	0	0	0	0	1	0
0.11827956989247312	0.20175438596491227	0.1877853881278539	0.15053763440860216	0.30701754385964913	0.261986301369863	0	0	1	0	0	0	0	0	0	1	0	0	0	0
0.15053763440860216	0.34210526315789475	0.2642694063926941	0.15053763440860216	0.34210526315789475	0.2642694063926941	1	0	0	0	0	0	0	0	0	0	0	0	1	0
0.15053763440860216	0.35964912280701755	0.2654109589041096	0.15053763440860216	0.35964912280701755	0.2654109589041096	0	0	0	0	1	0	0	0	0	0	1	0	0	0
0.15053763440860216	0.38596491228070173	0.2671232876712329	0.15053763440860216	0.38596491228070173	0.2671232876712329	1	0	0	0	0	0	0	0	0	0	0	0	1	0
0.12903225806451613	0.07017543859649122	0.19577625570776255	0.15053763440860216	0.40350877192982454	0.2682648401826484	0	0	1	0	0	0	0	0	0	1	0	0	0	0
0.15053763440860216	0.42105263157894735	0.2694063926940639	0.15053763440860216	0.42105263157894735	0.2694063926940639	1	0	0	0	0	0	0	0	0	0	0	0	1	0
0.15053763440860216	0.43859649122807015	0.2705479452054795	0.15053763440860216	0.43859649122807015	0.2705479452054795	0	0	0	0	0	1	0	0	0	0	1	0	0	0
0.15053763440860216	0.4649122807017544	0.2722602739726027	0.15053763440860216	0.4649122807017544	0.2722602739726027	1	0	0	0	0	0	0	0	0	0	0	0	1	0
0.12903225806451613	0.07017543859649122	0.19577625570776255	0.15053763440860216	0.4824561403508772	0.2734018264840183	0	0	1	0	0	0	0	0	0	1	0	0	0	0
0.15053763440860216	0.5	0.2745433789954338	0.15053763440860216	0.5	0.2745433789954338	1	0	0	0	0	0	0	0	0	0	0	0	1	0
0.06451612903225806	0.12280701754385964	0.06449771689497717	0.15053763440860216	0.5175438596491229	0.2756849315068493	0	0	1	0	0	0	0	0	0	1	0	0	0	0
0.15053763440860216	0.5350877192982456	0.2768264840182648	0.15053763440860216	0.5350877192982456	0.2768264840182648	1	0	0	0	0	0	0	0	0	0	0	0	1	0
0.15053763440860216	0.543859649122807	0.2773972602739726	0.15053763440860216	0.543859649122807	0.2773972602739726	1	0	0	0	0	0	0	0	0	0	0	0	1	0
0.15053763440860216	0.5526315789473685	0.2779680365296804	0.15053763440860216	0.5526315789473685	0.2779680365296804	1	0	0	0	0	0	0	0	0	0	0	0	1	0
0.16129032258064516	0.02631578947368421	0.2802511415525114	0.16129032258064516	0.02631578947368421	0.2802511415525114	1	0	0	0	0	0	0	0	1	0	0	0	0	0
0.16129032258064516	0.08771929824561403	0.2842465753424658	0.16129032258064516	0.08771929824561403	0.2842465753424658	1	0	0	0	0	0	0	0	0	0	0	0	1	0
0.16129032258064516	0.09649122807017543	0.2848173515981735	0.16129032258064516	0.09649122807017543	0.2848173515981735	1	0	0	0	0	0	0	0	1	0	0	0	0	0
0.16129032258064516	0.13157894736842105	0.2871004566210046	0.16129032258064516	0.13157894736842105	0.2871004566210046	1	0	0	0	0	0	0	0	0	0	0	0	1	0
0.16129032258064516	0.14035087719298245	0.2876712328767123	0.16129032258064516	0.14035087719298245	0.2876712328767123	1	0	0	0	0	0	0	0	0	0	0	0	1	0
0.11827956989247312	0.20175438596491227	0.1877853881278539	0.16129032258064516	0.14912280701754385	0.2882420091324201	0	0	1	0	0	0	0	0	0	1	0	0	0	0
0.16129032258064516	0.18421052631578946	0.2905251141552511	0.16129032258064516	0.18421052631578946	0.2905251141552511	1	0	0	0	0	0	0	0	0	0	0	0	1	0
0.12903225806451613	0.15789473684210525	0.2014840182648402	0.16129032258064516	0.21052631578947367	0.2922374429223744	0	0	1	0	0	0	0	0	0	1	0	0	0	0
0.16129032258064516	0.21929824561403508	0.2928082191780822	0.16129032258064516	0.21929824561403508	0.2928082191780822	1	0	0	0	0	0	0	0	0	0	0	0	1	0
0.16129032258064516	0.22807017543859648	0.29337899543379	0.16129032258064516	0.22807017543859648	0.29337899543379	1	0	0	0	0	0	0	0	0	0	0	0	1	0
0.17204301075268819	0.017543859649122806	0.2950913242009132	0.17204301075268819	0.017543859649122806	0.2950913242009132	1	0	0	0	0	0	0	0	0	0	0	0	1	0
0.1827956989247312	0.017543859649122806	0.2968036529680365	0.1827956989247312	0.017543859649122806	0.2968036529680365	1	0	0	0	0	0	0	0	1	0	0	0	0	0
0.1827956989247312	0.07894736842105263	0.3007990867579909	0.1827956989247312	0.07894736842105263	0.3007990867579909	1	0	0	0	0	0	0	0	1	0	0	0	0	0
0.1827956989247312	0.12280701754385964	0.3036529680365297	0.1827956989247312	0.12280701754385964	0.3036529680365297	0	0	0	1	0	0	0	0	0	1	0	0	0	0
0.1827956989247312	0.15789473684210525	0.3059360730593607	0.1827956989247312	0.15789473684210525	0.3059360730593607	1	0	0	0	0	0	0	0	0	0	0	0	1	0
0.1827956989247312	0.16666666666666666	0.3065068493150685	0.1827956989247312	0.16666666666666666	0.3065068493150685	1	0	0	0	0	0	0	0	1	0	0	0	0	0
0.1827956989247312	0.21052631578947367	0.3093607305936073	0.1827956989247312	0.21052631578947367	0.3093607305936073	1	0	0	0	0	0	0	0	0	0	0	0	1	0
0.1827956989247312	0.21929824561403508	0.3099315068493151	0.1827956989247312	0.21929824561403508	0.3099315068493151	0	0	0	0	0	0	1	0	0	1	0	0	0	0
0.1827956989247312	0.22807017543859648	0.3105022831050228	0.1827956989247312	0.22807017543859648	0.3105022831050228	1	0	0	0	0	0	0	0	0	0	0	0	1	0
0.1827956989247312	0.24561403508771928	0.3116438356164384	0.1827956989247312	0.24561403508771928	0.3116438356164384	1	0	0	0	0	0	0	0	0	0	0	0	1	0
0.1827956989247312	0.2631578947368421	0.3127853881278539	0.1827956989247312	0.2631578947368421	0.3127853881278539	1	0	0	0	0	0	0	0	1	0	0	0	0	0
0.1827956989247312	0.21929824561403508	0.3099315068493151	0.1827956989247312	0.32456140350877194	0.3167808219178082	0	0	1	0	0	0	0	0	0	1	0	0	0	0
0.1827956989247312	0.34210526315789475	0.3179223744292237	0.1827956989247312	0.34210526315789475	0.3179223744292237	1	0	0	0	0	0	0	0	0	0	0	0	1	0
0.1827956989247312	0.3684210526315789	0.319634703196347	0.1827956989247312	0.3684210526315789	0.319634703196347	0	0	0	0	0	1	0	0	0	0	1	0	0	0
0.1827956989247312	0.39473684210526316	0.3213470319634703	0.1827956989247312	0.39473684210526316	0.3213470319634703	1	0	0	0	0	0	0	0	0	0	0	0	1	0
0.1827956989247312	0.21929824561403508	0.3099315068493151	0.1827956989247312	0.41228070175438597	0.3224885844748858	0	0	1	0	0	0	0	0	0	1	0	0	0	0
0.1827956989247312	0.4298245614035088	0.3236301369863014	0.1827956989247312	0.4298245614035088	0.3236301369863014	1	0	0	0	0	0	0	0	0	0	0	0	1	0
0.1827956989247312	0.45614035087719296	0.3253424657534247	0.1827956989247312	0.45614035087719296	0.3253424657534247	0	0	0	0	0	1	0	0	0	0	1	0	0	0
0.1827956989247312	0.49122807017543857	0.3276255707762557	0.1827956989247312	0.49122807017543857	0.3276255707762557	1	0	0	0	0	0	0	0	0	0	0	0	1	0
0.1827956989247312	0.21929824561403508	0.3099315068493151	0.1827956989247312	0.5175438596491229	0.329337899543379	0	0	1	0	0	0	0	0	0	1	0	0	0	0
0.1827956989247312	0.5350877192982456	0.3304794520547945	0.1827956989247312	0.5350877192982456	0.3304794520547945	1	0	0	0	0	0	0	0	0	0	0	0	1	0
0.1827956989247312	0.5614035087719298	0.3321917808219178	0.1827956989247312	0.5614035087719298	0.3321917808219178	0	0	0	0	0	1	0	0	0	0	1	0	0	0
0.1827956989247312	0.5877192982456141	0.3339041095890411	0.1827956989247312	0.5877192982456141	0.3339041095890411	1	0	0	0	0	0	0	0	0	0	0	0	1	0
0.1827956989247312	0.21929824561403508	0.3099315068493151	0.1827956989247312	0.6052631578947368	0.3350456621004566	0	0	1	0	0	0	0	0	0	1	0	0	0	0
0.1827956989247312	0.6228070175438597	0.3361872146118721	0.1827956989247312	0.6228070175438597	0.3361872146118721	1	0	0	0	0	0	0	0	0	0	0	0	1	0
0.1827956989247312	0.6491228070175439	0.3378995433789954	0.1827956989247312	0.6491228070175439	0.3378995433789954	0	0	0	0	0	1	0	0	0	0	1	0	0	0
0.1827956989247312	0.6842105263157895	0.3401826484018265	0.1827956989247312	0.6842105263157895	0.3401826484018265	1	0	0	0	0	0	0	0	0	0	0	0	1	0
0.1827956989247312	0.21929824561403508	0.3099315068493151	0.1827956989247312	0.7105263157894737	0.3418949771689498	0	0	1	0	0	0	0	0	0	1	0	0	0	0
0.1827956989247312	0.7280701754385965	0.3430365296803653	0.1827956989247312	0.7280701754385965	0.3430365296803653	1	0	0	0	0	0	0	0	0	0	0	0	1	0
0.1827956989247312	0.7543859649122807	0.3447488584474886	0.1827956989247312	0.7543859649122807	0.3447488584474886	0	0	0	0	0	1	0	0	0	0	1	0	0	0
0.1827956989247312	0.7807017543859649	0.3464611872146119	0.1827956989247312	0.7807017543859649	0.3464611872146119	1	0	0	0	0	0	0	0	0	0	0	0	1	0
0.1827956989247312	0.21929824561403508	0.3099315068493151	0.1827956989247312	0.7982456140350878	0.3476027397260274	0	0	1	0	0	0	0	0	0	1	0	0	0	0
0.1827956989247312	0.8157894736842105	0.3487442922374429	0.1827956989247312	0.8157894736842105	0.3487442922374429	1	0	0	0	0	0	0	0	0	0	0	0	1	0
0.1827956989247312	0.8421052631578947	0.3504566210045662	0.1827956989247312	0.8421052631578947	0.3504566210045662	0	0	0	0	0	1	0	0	0	0	1	0	0	0
0.1827956989247312	0.868421052631579	0.3521689497716895	0.1827956989247312	0.868421052631579	0.3521689497716895	1	0	0	0	0	0	0	0	0	0	0	0	1	0
0.1827956989247312	0.8859649122807017	0.353310502283105	0.1827956989247312	0.8859649122807017	0.353310502283105	1	0	0	0	0	0	0	0	0	0	0	0	1	0
0.1827956989247312	0.8947368421052632	0.3538812785388128	0.1827956989247312	0.8947368421052632	0.3538812785388128	1	0	0	0	0	0	0	0	0	0	0	1	0	0
0.1935483870967742	0.017543859649122806	0.3681506849315068	0.1935483870967742	0.017543859649122806	0.3681506849315068	1	0	0	0	0	0	0	0	1	0	0	0	0	0
0.1935483870967742	0.07894736842105263	0.3721461187214612	0.1935483870967742	0.07894736842105263	0.3721461187214612	1	0	0	0	0	0	0	0	1	0	0	0	0	0
0.1935483870967742	0.12280701754385964	0.375	0.1935483870967742	0.12280701754385964	0.375	0	0	0	1	0	0	0	0	0	1	0	0	0	0
0.1935483870967742	0.19298245614035087	0.3795662100456621	0.1935483870967742	0.19298245614035087	0.3795662100456621	1	0	0	0	0	0	0	0	0	0	0	0	1	0
0.1935483870967742	0.20175438596491227	0.3801369863013699	0.1935483870967742	0.20175438596491227	0.3801369863013699	1	0	0	0	0	0	0	0	1	0	0	0	0	0
0.1935483870967742	0.24561403508771928	0.3829908675799087	0.1935483870967742	0.24561403508771928	0.3829908675799087	1	0	0	0	0	0	0	0	0	0	0	0	1	0
0.1935483870967742	0.2543859649122807	0.3835616438356164	0.1935483870967742	0.2543859649122807	0.3835616438356164	0	0	0	0	0	0	1	0	0	1	0	0	0	0
0.1935483870967742	0.2631578947368421	0.3841324200913242	0.1935483870967742	0.2631578947368421	0.3841324200913242	1	0	0	0	0	0	0	0	0	0	0	0	1	0
0.1935483870967742	0.2807017543859649	0.3852739726027397	0.1935483870967742	0.2807017543859649	0.3852739726027397	1	0	0	0	0	0	0	0	0	0	0	0	1	0
0.20430107526881722	0.02631578947368421	0.3875570776255708	0.20430107526881722	0.02631578947368421	0.3875570776255708	1	0	0	0	0	0	0	0	1	0	0	0	0	0
0.20430107526881722	0.07894736842105263	0.3909817351598174	0.20430107526881722	0.07894736842105263	0.3909817351598174	1	0	0	0	0	0	0	0	0	0	0	0	1	0
0.20430107526881722	0.08771929824561403	0.3915525114155251	0.20430107526881722	0.08771929824561403	0.3915525114155251	1	0	0	0	0	0	0	0	0	0	0	0	1	0
0.20430107526881722	0.09649122807017543	0.3921232876712329	0.20430107526881722	0.09649122807017543	0.3921232876712329	1	0	0	0	0	0	0	0	0	0	0	0	1	0
0.1935483870967742	0.2543859649122807	0.3835616438356164	0.20430107526881722	0.10526315789473684	0.3926940639269406	0	0	1	0	0	0	0	0	0	1	0	0	0	0
0.20430107526881722	0.12280701754385964	0.3938356164383562	0.20430107526881722	0.12280701754385964	0.3938356164383562	1	0	0	0	0	0	0	0	0	0	0	0	1	0
0.06451612903225806	0.12280701754385964	0.06449771689497717	0.20430107526881722	0.14035087719298245	0.3949771689497717	0	0	1	0	0	0	0	0	0	1	0	0	0	0
0.20430107526881722	0.15789473684210525	0.3961187214611872	0.20430107526881722	0.15789473684210525	0.3961187214611872	1	0	0	0	0	0	0	0	0	0	0	0	1	0
0.20430107526881722	0.16666666666666666	0.396689497716895	0.20430107526881722	0.16666666666666666	0.396689497716895	1	0	0	0	0	0	0	0	0	0	0	0	1	0
0.20430107526881722	0.17543859649122806	0.3972602739726027	0.20430107526881722	0.17543859649122806	0.3972602739726027	1	0	0	0	0	0	0	0	0	0	0	0	1	0
0.20430107526881722	0.19298245614035087	0.3984018264840183	0.20430107526881722	0.19298245614035087	0.3984018264840183	1	0	0	0	0	0	0	0	0	0	0	0	1	0
0.1827956989247312	0.12280701754385964	0.3036529680365297	0.20430107526881722	0.21929824561403508	0.4001141552511416	0	0	1	0	0	0	0	0	0	1	0	0	0	0
0.20430107526881722	0.2543859649122807	0.4023972602739726	0.20430107526881722	0.2543859649122807	0.4023972602739726	1	0	0	0	0	0	0	0	0	0	0	0	1	0
0.20430107526881722	0.2631578947368421	0.4029680365296804	0.20430107526881722	0.2631578947368421	0.4029680365296804	1	0	0	0	0	0	0	0	0	0	0	0	1	0
0.1935483870967742	0.2543859649122807	0.3835616438356164	0.20430107526881722	0.2719298245614035	0.4035388127853881	0	0	1	0	0	0	0	0	0	1	0	0	0	0
0.20430107526881722	0.2807017543859649	0.4041095890410959	0.20430107526881722	0.2807017543859649	0.4041095890410959	1	0	0	0	0	0	0	0	0	0	0	0	1	0
0.20430107526881722	0.2982456140350877	0.4052511415525114	0.20430107526881722	0.2982456140350877	0.4052511415525114	1	0	0	0	0	0	0	0	0	0	0	0	1	0
0.053763440860215055	0.06140350877192982	0.03767123287671233	0.20430107526881722	0.32456140350877194	0.4069634703196347	0	0	1	0	0	0	0	0	0	1	0	0	0	0
0.20430107526881722	0.35964912280701755	0.4092465753424658	0.20430107526881722	0.35964912280701755	0.4092465753424658	1	0	0	0	0	0	0	0	0	0	0	0	1	0
0.20430107526881722	0.3684210526315789	0.4098173515981735	0.20430107526881722	0.3684210526315789	0.4098173515981735	1	0	0	0	0	0	0	0	0	0	0	0	1	0
0.1935483870967742	0.2543859649122807	0.3835616438356164	0.20430107526881722	0.38596491228070173	0.410958904109589	0	0	1	0	0	0	0	0	0	1	0	0	0	0
0.20430107526881722	0.39473684210526316	0.4115296803652968	0.20430107526881722	0.39473684210526316	0.4115296803652968	1	0	0	0	0	0	0	0	0	0	0	0	1	0
0.21505376344086022	0.02631578947368421	0.4138127853881279	0.21505376344086022	0.02631578947368421	0.4138127853881279	1	0	0	0	0	0	0	0	0	0	0	0	1	0
0.1935483870967742	0.2543859649122807	0.3835616438356164	0.21505376344086022	0.03508771929824561	0.4143835616438356	0	0	1	0	0	0	0	0	0	1	0	0	0	0
0.21505376344086022	0.05263157894736842	0.4155251141552511	0.21505376344086022	0.05263157894736842	0.4155251141552511	1	0	0	0	0	0	0	0	0	0	0	0	1	0
0.21505376344086022	0.07017543859649122	0.4166666666666667	0.21505376344086022	0.07017543859649122	0.4166666666666667	0	0	0	0	0	1	0	0	0	0	1	0	0	0
0.21505376344086022	0.10526315789473684	0.4189497716894977	0.21505376344086022	0.10526315789473684	0.4189497716894977	1	0	0	0	0	0	0	0	0	0	0	0	1	0
0.21505376344086022	0.12280701754385964	0.4200913242009132	0.21505376344086022	0.12280701754385964	0.4200913242009132	1	0	0	0	0	0	0	0	1	0	0	0	0	0
0.053763440860215055	0.06140350877192982	0.03767123287671233	0.21505376344086022	0.18421052631578946	0.4240867579908676	0	0	1	0	0	0	0	0	0	1	0	0	0	0
0.21505376344086022	0.21929824561403508	0.4263698630136986	0.21505376344086022	0.21929824561403508	0.4263698630136986	1	0	0	0	0	0	0	0	0	0	0	0	1	0
0.22580645161290322	0.017543859649122806	0.4280821917808219	0.22580645161290322	0.017543859649122806	0.4280821917808219	1	0	0	0	0	0	0	0	0	0	0	0	1	0
0.23655913978494625	0.008771929824561403	0.4292237442922374	0.23655913978494625	0.008771929824561403	0.4292237442922374	1	0	0	0	0	0	0	0	0	0	0	0	1	0
0.23655913978494625	0.017543859649122806	0.4297945205479452	0.23655913978494625	0.017543859649122806	0.4297945205479452	1	0	0	0	0	0	0	0	1	0	0	0	0	0
0.23655913978494625	0.07017543859649122	0.4332191780821918	0.23655913978494625	0.07017543859649122	0.4332191780821918	1	0	0	0	0	0	0	0	1	0	0	0	0	0
0.23655913978494625	0.15789473684210525	0.4389269406392694	0.23655913978494625	0.15789473684210525	0.4389269406392694	1	0	0	0	0	0	0	0	0	1	0	0	0	0
0.25806451612903225	0.008771929824561403	0.4412100456621005	0.25806451612903225	0.008771929824561403	0.4412100456621005	1	0	0	0	0	0	0	0	1	0	0	0	0	0
0.25806451612903225	0.05263157894736842	0.4440639269406393	0.25806451612903225	0.05263157894736842	0.4440639269406393	0	0	0	1	0	0	0	0	0	1	0	0	0	0
0.25806451612903225	0.08771929824561403	0.4463470319634703	0.25806451612903225	0.08771929824561403	0.4463470319634703	1	0	0	0	0	0	0	0	0	0	0	0	1	0
0.25806451612903225	0.09649122807017543	0.4469178082191781	0.25806451612903225	0.09649122807017543	0.4469178082191781	1	0	0	0	0	0	0	0	1	0	0	0	0	0
0.25806451612903225	0.14035087719298245	0.4497716894977169	0.25806451612903225	0.14035087719298245	0.4497716894977169	0	0	0	0	0	0	1	0	0	1	0	0	0	0
0.25806451612903225	0.16666666666666666	0.4514840182648402	0.25806451612903225	0.16666666666666666	0.4514840182648402	1	0	0	0	0	0	0	0	0	0	0	0	1	0
0.26881720430107525	0.008771929824561403	0.4526255707762557	0.26881720430107525	0.008771929824561403	0.4526255707762557	1	0	0	0	0	0	0	0	0	0	0	0	1	0
0.27956989247311825	0.017543859649122806	0.454337899543379	0.27956989247311825	0.017543859649122806	0.454337899543379	1	0	0	0	0	0	0	0	1	0	0	0	0	0
0.27956989247311825	0.043859649122807015	0.4560502283105023	0.27956989247311825	0.043859649122807015	0.4560502283105023	1	0	0	0	0	0	0	0	0	0	0	0	1	0
0.25806451612903225	0.14035087719298245	0.4497716894977169	0.27956989247311825	0.05263157894736842	0.45662100456621	0	0	1	0	0	0	0	0	0	1	0	0	0	0
0.27956989247311825	0.07894736842105263	0.4583333333333333	0.27956989247311825	0.07894736842105263	0.4583333333333333	1	0	0	0	0	0	0	0	0	0	0	0	1	0
0.27956989247311825	0.09649122807017543	0.4594748858447489	0.27956989247311825	0.09649122807017543	0.4594748858447489	0	0	1	0	0	0	0	0	0	1	0	0	0	0
0.27956989247311825	0.14035087719298245	0.4623287671232877	0.27956989247311825	0.14035087719298245	0.4623287671232877	1	0	0	0	0	0	0	0	0	0	0	0	1	0
0.27956989247311825	0.14912280701754385	0.4628995433789954	0.27956989247311825	0.14912280701754385	0.4628995433789954	1	0	0	0	0	0	0	0	0	0	1	0	0	0
0.27956989247311825	0.21929824561403508	0.4674657534246575	0.27956989247311825	0.21929824561403508	0.4674657534246575	1	0	0	0	0	0	0	0	0	0	0	0	1	0
0.27956989247311825	0.23684210526315788	0.4686073059360731	0.27956989247311825	0.23684210526315788	0.4686073059360731	1	0	0	0	0	0	0	0	0	0	1	0	0	0
0.27956989247311825	0.2631578947368421	0.4703196347031963	0.27956989247311825	0.2631578947368421	0.4703196347031963	1	0	0	0	0	0	0	0	0	0	0	0	1	0
0.27956989247311825	0.2719298245614035	0.4708904109589041	0.27956989247311825	0.2719298245614035	0.4708904109589041	1	0	0	0	0	0	0	0	0	0	0	0	1	0
0.2903225806451613	0.017543859649122806	0.4726027397260274	0.2903225806451613	0.017543859649122806	0.4726027397260274	1	0	0	0	0	0	0	0	0	0	0	0	1	0
0.3010752688172043	0.02631578947368421	0.4748858447488584	0.3010752688172043	0.02631578947368421	0.4748858447488584	0	0	1	0	0	0	0	0	0	1	0	0	0	0
0.3010752688172043	0.08771929824561403	0.4788812785388128	0.3010752688172043	0.08771929824561403	0.4788812785388128	1	0	0	0	0	0	0	0	0	0	0	0	1	0
0.3010752688172043	0.09649122807017543	0.4794520547945205	0.3010752688172043	0.09649122807017543	0.4794520547945205	1	0	0	0	0	0	0	0	0	0	1	0	0	0
0.3010752688172043	0.16666666666666666	0.4840182648401826	0.3010752688172043	0.16666666666666666	0.4840182648401826	1	0	0	0	0	0	0	0	0	0	0	0	1	0
0.3010752688172043	0.18421052631578946	0.4851598173515982	0.3010752688172043	0.18421052631578946	0.4851598173515982	1	0	0	0	0	0	0	0	0	0	1	0	0	0
0.3010752688172043	0.21052631578947367	0.4868721461187215	0.3010752688172043	0.21052631578947367	0.4868721461187215	1	0	0	0	0	0	0	0	0	0	0	0	1	0
0.3010752688172043	0.22807017543859648	0.488013698630137	0.3010752688172043	0.22807017543859648	0.488013698630137	1	0	0	0	0	0	0	0	0	1	0	0	0	0
0.3010752688172043	0.2719298245614035	0.4908675799086758	0.3010752688172043	0.2719298245614035	0.4908675799086758	1	0	0	0	0	0	0	0	0	0	0	0	1	0
0.3010752688172043	0.2807017543859649	0.4914383561643836	0.3010752688172043	0.2807017543859649	0.4914383561643836	1	0	0	0	0	0	0	0	0	0	0	0	1	0
0.3118279569892473	0.02631578947368421	0.4937214611872146	0.3118279569892473	0.02631578947368421	0.4937214611872146	0	0	1	0	0	0	0	0	0	1	0	0	0	0
0.3118279569892473	0.08771929824561403	0.4977168949771689	0.3118279569892473	0.08771929824561403	0.4977168949771689	1	0	0	0	0	0	0	0	0	0	0	0	1	0
0.3118279569892473	0.09649122807017543	0.4982876712328767	0.3118279569892473	0.09649122807017543	0.4982876712328767	1	0	0	0	0	0	0	0	0	0	1	0	0	0
0.3118279569892473	0.17543859649122806	0.5034246575342466	0.3118279569892473	0.17543859649122806	0.5034246575342466	1	0	0	0	0	0	0	0	0	0	0	0	1	0
0.3118279569892473	0.19298245614035087	0.5045662100456622	0.3118279569892473	0.19298245614035087	0.5045662100456622	1	0	0	0	0	0	0	0	0	0	1	0	0	0
0.3118279569892473	0.21929824561403508	0.5062785388127854	0.3118279569892473	0.21929824561403508	0.5062785388127854	1	0	0	0	0	0	0	0	0	0	0	0	1	0
0.3118279569892473	0.23684210526315788	0.507420091324201	0.3118279569892473	0.23684210526315788	0.507420091324201	1	0	0	0	0	0	0	0	0	1	0	0	0	0
0.3118279569892473	0.2894736842105263	0.5108447488584474	0.3118279569892473	0.2894736842105263	0.5108447488584474	1	0	0	0	0	0	0	0	0	0	0	0	1	0
0.3118279569892473	0.2982456140350877	0.5114155251141552	0.3118279569892473	0.2982456140350877	0.5114155251141552	1	0	0	0	0	0	0	0	0	0	0	0	1	0
0.3225806451612903	0.017543859649122806	0.5131278538812786	0.3225806451612903	0.017543859649122806	0.5131278538812786	1	0	0	0	0	0	0	0	0	0	0	0	1	0
0.3333333333333333	0.008771929824561403	0.514269406392694	0.3333333333333333	0.008771929824561403	0.514269406392694	1	0	0	0	0	0	0	0	0	0	0	0	1	0
0.3548387096774194	0.008771929824561403	0.5159817351598174	0.3548387096774194	0.008771929824561403	0.5159817351598174	1	0	0	0	0	0	0	0	0	1	0	0	0	0
0.3548387096774194	0.07017543859649122	0.5199771689497716	0.3548387096774194	0.07017543859649122	0.5199771689497716	1	0	0	0	0	0	0	0	0	1	0	0	0	0
0.3655913978494624	0.008771929824561403	0.5228310502283106	0.3655913978494624	0.008771929824561403	0.5228310502283106	1	0	0	0	0	0	0	0	1	0	0	0	0	0
0.3655913978494624	0.043859649122807015	0.5251141552511416	0.3655913978494624	0.043859649122807015	0.5251141552511416	0	1	0	0	0	0	0	0	0	1	0	0	0	0
0.3655913978494624	0.07017543859649122	0.5268264840182648	0.3655913978494624	0.07017543859649122	0.5268264840182648	1	0	0	0	0	0	0	0	0	0	0	0	1	0
0.3655913978494624	0.07894736842105263	0.5273972602739726	0.3655913978494624	0.07894736842105263	0.5273972602739726	0	0	0	0	1	0	0	0	0	0	1	0	0	0
0.3655913978494624	0.12280701754385964	0.5302511415525114	0.3655913978494624	0.12280701754385964	0.5302511415525114	1	0	0	0	0	0	0	0	0	0	0	0	1	0
0.3655913978494624	0.14035087719298245	0.531392694063927	0.3655913978494624	0.14035087719298245	0.531392694063927	0	0	0	0	1	0	0	0	0	0	1	0	0	0
0.3655913978494624	0.14912280701754385	0.5319634703196348	0.3655913978494624	0.14912280701754385	0.5319634703196348	1	0	0	0	0	0	0	0	0	0	0	0	1	0
0.3763440860215054	0.008771929824561403	0.533675799086758	0.3763440860215054	0.008771929824561403	0.533675799086758	1	0	0	0	0	0	0	0	1	0	0	0	0	0
0.3763440860215054	0.043859649122807015	0.535958904109589	0.3763440860215054	0.043859649122807015	0.535958904109589	0	1	0	0	0	0	0	0	0	1	0	0	0	0
0.3763440860215054	0.07017543859649122	0.5376712328767124	0.3763440860215054	0.07017543859649122	0.5376712328767124	1	0	0	0	0	0	0	0	0	0	0	0	1	0
0.3763440860215054	0.07894736842105263	0.53824200913242	0.3763440860215054	0.07894736842105263	0.53824200913242	0	0	0	0	1	0	0	0	0	0	1	0	0	0
0.3763440860215054	0.12280701754385964	0.541095890410959	0.3763440860215054	0.12280701754385964	0.541095890410959	1	0	0	0	0	0	0	0	0	0	0	0	1	0
0.3763440860215054	0.14035087719298245	0.5422374429223744	0.3763440860215054	0.14035087719298245	0.5422374429223744	0	0	0	0	1	0	0	0	0	0	1	0	0	0
0.3763440860215054	0.14912280701754385	0.5428082191780822	0.3763440860215054	0.14912280701754385	0.5428082191780822	1	0	0	0	0	0	0	0	0	0	0	0	1	0
0.3870967741935484	0.008771929824561403	0.5445205479452054	0.3870967741935484	0.008771929824561403	0.5445205479452054	1	0	0	0	0	0	0	0	1	0	0	0	0	0
0.3870967741935484	0.043859649122807015	0.5468036529680366	0.3870967741935484	0.043859649122807015	0.5468036529680366	0	1	0	0	0	0	0	0	0	1	0	0	0	0
0.3870967741935484	0.07894736842105263	0.5490867579908676	0.3870967741935484	0.07894736842105263	0.5490867579908676	1	0	0	0	0	0	0	0	0	0	0	0	1	0
0.3870967741935484	0.08771929824561403	0.5496575342465754	0.3870967741935484	0.08771929824561403	0.5496575342465754	0	0	0	0	1	0	0	0	0	0	1	0	0	0
0.3870967741935484	0.13157894736842105	0.5525114155251142	0.3870967741935484	0.13157894736842105	0.5525114155251142	1	0	0	0	0	0	0	0	0	0	0	0	1	0
0.3870967741935484	0.14912280701754385	0.5536529680365296	0.3870967741935484	0.14912280701754385	0.5536529680365296	0	0	0	0	1	0	0	0	0	0	1	0	0	0
0.3870967741935484	0.15789473684210525	0.5542237442922374	0.3870967741935484	0.15789473684210525	0.5542237442922374	1	0	0	0	0	0	0	0	0	0	0	0	1	0
0.41935483870967744	0.008771929824561403	0.5570776255707762	0.41935483870967744	0.008771929824561403	0.5570776255707762	1	0	0	0	0	0	0	0	1	0	0	0	0	0
0.41935483870967744	0.043859649122807015	0.5593607305936074	0.41935483870967744	0.043859649122807015	0.5593607305936074	0	0	0	1	0	0	0	0	0	1	0	0	0	0
0.41935483870967744	0.07894736842105263	0.5616438356164384	0.41935483870967744	0.07894736842105263	0.5616438356164384	1	0	0	0	0	0	0	0	0	0	0	0	1	0
0.41935483870967744	0.08771929824561403	0.5622146118721462	0.41935483870967744	0.08771929824561403	0.5622146118721462	1	0	0	0	0	0	0	0	0	0	0	0	1	0
0.43010752688172044	0.008771929824561403	0.5633561643835616	0.43010752688172044	0.008771929824561403	0.5633561643835616	1	0	0	0	0	0	0	0	0	0	0	0	1	0
0.44086021505376344	0.017543859649122806	0.565068493150685	0.44086021505376344	0.017543859649122806	0.565068493150685	1	0	0	0	0	0	0	0	0	0	0	1	0	0
0.45161290322580644	0.017543859649122806	0.571917808219178	0.45161290322580644	0.017543859649122806	0.571917808219178	0	0	1	0	0	0	0	0	0	1	0	0	0	0
0.45161290322580644	0.05263157894736842	0.5742009132420092	0.45161290322580644	0.05263157894736842	0.5742009132420092	0	0	1	0	0	0	0	0	0	0	0	0	1	0
0.45161290322580644	0.07894736842105263	0.5759132420091324	0.45161290322580644	0.07894736842105263	0.5759132420091324	0	0	1	0	0	0	0	0	0	1	0	0	0	0
0.45161290322580644	0.10526315789473684	0.5776255707762558	0.45161290322580644	0.10526315789473684	0.5776255707762558	1	0	0	0	0	0	0	0	0	0	0	0	1	0
0.46236559139784944	0.017543859649122806	0.579337899543379	0.46236559139784944	0.017543859649122806	0.579337899543379	1	0	0	0	0	0	0	0	1	0	0	0	0	0
0.46236559139784944	0.05263157894736842	0.58162100456621	0.46236559139784944	0.05263157894736842	0.58162100456621	0	1	0	0	0	0	0	0	0	1	0	0	0	0
0.46236559139784944	0.08771929824561403	0.583904109589041	0.46236559139784944	0.08771929824561403	0.583904109589041	1	0	0	0	0	0	0	0	0	0	0	0	1	0
0.46236559139784944	0.10526315789473684	0.5850456621004566	0.46236559139784944	0.10526315789473684	0.5850456621004566	0	0	1	0	0	0	0	0	0	1	0	0	0	0
0.46236559139784944	0.13157894736842105	0.58675799086758	0.46236559139784944	0.13157894736842105	0.58675799086758	1	0	0	0	0	0	0	0	0	0	0	0	1	0
0.46236559139784944	0.14035087719298245	0.5873287671232876	0.46236559139784944	0.14035087719298245	0.5873287671232876	1	0	0	0	0	0	0	0	0	1	0	0	0	0
0.46236559139784944	0.19298245614035087	0.5907534246575342	0.46236559139784944	0.19298245614035087	0.5907534246575342	1	0	0	0	0	0	0	0	0	0	0	0	1	0
0.46236559139784944	0.20175438596491227	0.591324200913242	0.46236559139784944	0.20175438596491227	0.591324200913242	1	0	0	0	0	0	0	0	0	0	0	0	1	0
0.46236559139784944	0.21052631578947367	0.5918949771689498	0.46236559139784944	0.21052631578947367	0.5918949771689498	1	0	0	0	0	0	0	0	0	0	0	0	1	0
0.4731182795698925	0.017543859649122806	0.593607305936073	0.4731182795698925	0.017543859649122806	0.593607305936073	1	0	0	0	0	0	0	0	1	0	0	0	0	0
0.4731182795698925	0.05263157894736842	0.5958904109589042	0.4731182795698925	0.05263157894736842	0.5958904109589042	1	0	0	0	0	0	0	0	0	0	0	0	1	0
0.4731182795698925	0.06140350877192982	0.5964611872146118	0.4731182795698925	0.06140350877192982	0.5964611872146118	1	0	0	0	0	0	0	0	1	0	0	0	0	0
0.4731182795698925	0.09649122807017543	0.598744292237443	0.4731182795698925	0.09649122807017543	0.598744292237443	0	1	0	0	0	0	0	0	0	1	0	0	0	0
0.4731182795698925	0.11403508771929824	0.5998858447488584	0.4731182795698925	0.11403508771929824	0.5998858447488584	1	0	0	0	0	0	0	0	0	0	0	0	1	0
0.4731182795698925	0.13157894736842105	0.601027397260274	0.4731182795698925	0.13157894736842105	0.601027397260274	0	0	0	0	1	0	0	0	0	0	1	0	0	0
0.4731182795698925	0.14035087719298245	0.6015981735159818	0.4731182795698925	0.14035087719298245	0.6015981735159818	1	0	0	0	0	0	0	0	0	0	0	0	1	0
0.4731182795698925	0.09649122807017543	0.598744292237443	0.4731182795698925	0.15789473684210525	0.6027397260273972	0	0	1	0	0	0	0	0	0	1	0	0	0	0
0.4731182795698925	0.17543859649122806	0.6038812785388128	0.4731182795698925	0.17543859649122806	0.6038812785388128	1	0	0	0	0	0	0	0	0	0	0	0	1	0
0.46236559139784944	0.05263157894736842	0.58162100456621	0.4731182795698925	0.19298245614035087	0.6050228310502284	0	0	1	0	0	0	0	0	0	1	0	0	0	0
0.4731182795698925	0.21929824561403508	0.6067351598173516	0.4731182795698925	0.21929824561403508	0.6067351598173516	1	0	0	0	0	0	0	0	0	0	0	0	1	0
0.4731182795698925	0.09649122807017543	0.598744292237443	0.4731182795698925	0.23684210526315788	0.6078767123287672	0	0	1	0	0	0	0	0	0	1	0	0	0	0
0.4731182795698925	0.24561403508771928	0.6084474885844748	0.4731182795698925	0.24561403508771928	0.6084474885844748	1	0	0	0	0	0	0	0	0	0	0	0	1	0
0.4731182795698925	0.2631578947368421	0.6095890410958904	0.4731182795698925	0.2631578947368421	0.6095890410958904	1	0	0	0	0	0	0	0	0	0	0	0	1	0
0.4838709677419355	0.017543859649122806	0.6113013698630136	0.4838709677419355	0.017543859649122806	0.6113013698630136	1	0	0	0	0	0	0	0	0	0	0	0	1	0
0.4946236559139785	0.02631578947368421	0.6135844748858448	0.4946236559139785	0.02631578947368421	0.6135844748858448	1	0	0	0	0	0	0	0	1	0	0	0	0	0
0.4946236559139785	0.05263157894736842	0.615296803652968	0.4946236559139785	0.05263157894736842	0.615296803652968	1	0	0	0	0	0	0	0	0	0	0	0	1	0
0.4946236559139785	0.06140350877192982	0.6158675799086758	0.4946236559139785	0.06140350877192982	0.6158675799086758	0	0	1	0	0	0	0	0	0	1	0	0	0	0
0.4946236559139785	0.08771929824561403	0.617579908675799	0.4946236559139785	0.08771929824561403	0.617579908675799	1	0	0	0	0	0	0	0	0	0	0	0	1	0
0.4731182795698925	0.09649122807017543	0.598744292237443	0.4946236559139785	0.09649122807017543	0.6181506849315068	0	0	1	0	0	0	0	0	0	1	0	0	0	0
0.4946236559139785	0.10526315789473684	0.6187214611872146	0.4946236559139785	0.10526315789473684	0.6187214611872146	1	0	0	0	0	0	0	0	0	0	0	0	1	0
0.4946236559139785	0.12280701754385964	0.6198630136986302	0.4946236559139785	0.12280701754385964	0.6198630136986302	1	0	0	0	0	0	0	0	0	0	0	0	1	0
0.4946236559139785	0.14912280701754385	0.6215753424657534	0.4946236559139785	0.14912280701754385	0.6215753424657534	0	0	0	0	0	1	0	0	0	0	1	0	0	0
0.4946236559139785	0.17543859649122806	0.6232876712328768	0.4946236559139785	0.17543859649122806	0.6232876712328768	1	0	0	0	0	0	0	0	0	0	0	0	1	0
0.3655913978494624	0.043859649122807015	0.5251141552511416	0.4946236559139785	0.18421052631578946	0.6238584474885844	0	0	1	0	0	0	0	0	0	1	0	0	0	0
0.4946236559139785	0.21052631578947367	0.6255707762557078	0.4946236559139785	0.21052631578947367	0.6255707762557078	1	0	0	0	0	0	0	0	0	0	0	0	1	0
0.4731182795698925	0.09649122807017543	0.598744292237443	0.4946236559139785	0.21929824561403508	0.6261415525114156	0	0	1	0	0	0	0	0	0	1	0	0	0	0
0.4946236559139785	0.22807017543859648	0.6267123287671232	0.4946236559139785	0.22807017543859648	0.6267123287671232	1	0	0	0	0	0	0	0	0	0	0	0	1	0
0.4946236559139785	0.24561403508771928	0.6278538812785388	0.4946236559139785	0.24561403508771928	0.6278538812785388	1	0	0	0	0	0	0	0	0	0	0	0	1	0
0.4946236559139785	0.2631578947368421	0.6289954337899544	0.4946236559139785	0.2631578947368421	0.6289954337899544	0	0	0	0	1	0	0	0	0	0	1	0	0	0
0.4946236559139785	0.2719298245614035	0.6295662100456622	0.4946236559139785	0.2719298245614035	0.6295662100456622	1	0	0	0	0	0	0	0	0	0	0	0	1	0
0.5053763440860215	0.02631578947368421	0.6318493150684932	0.5053763440860215	0.02631578947368421	0.6318493150684932	1	0	0	0	0	0	0	0	1	0	0	0	0	0
0.3655913978494624	0.043859649122807015	0.5251141552511416	0.5053763440860215	0.07017543859649122	0.634703196347032	0	0	1	0	0	0	0	0	0	1	0	0	0	0
0.5053763440860215	0.09649122807017543	0.6364155251141552	0.5053763440860215	0.09649122807017543	0.6364155251141552	1	0	0	0	0	0	0	0	0	0	0	0	1	0
0.4731182795698925	0.09649122807017543	0.598744292237443	0.5053763440860215	0.10526315789473684	0.636986301369863	0	0	1	0	0	0	0	0	0	1	0	0	0	0
0.5053763440860215	0.11403508771929824	0.6375570776255708	0.5053763440860215	0.11403508771929824	0.6375570776255708	1	0	0	0	0	0	0	0	0	0	0	0	1	0
0.5053763440860215	0.13157894736842105	0.6386986301369864	0.5053763440860215	0.13157894736842105	0.6386986301369864	1	0	0	0	0	0	0	0	0	0	0	0	1	0
0.5053763440860215	0.14912280701754385	0.6398401826484018	0.5053763440860215	0.14912280701754385	0.6398401826484018	1	0	0	0	0	0	0	0	0	0	0	0	1	0
0.5053763440860215	0.15789473684210525	0.6404109589041096	0.5053763440860215	0.15789473684210525	0.6404109589041096	0	0	0	0	1	0	0	0	0	0	1	0	0	0
0.5053763440860215	0.16666666666666666	0.6409817351598174	0.5053763440860215	0.16666666666666666	0.6409817351598174	1	0	0	0	0	0	0	0	0	0	0	0	1	0
0.5161290322580645	0.017543859649122806	0.6426940639269406	0.5161290322580645	0.017543859649122806	0.6426940639269406	1	0	0	0	0	0	0	0	0	0	0	0	1	0
0.5268817204301075	0.017543859649122806	0.644406392694064	0.5268817204301075	0.017543859649122806	0.644406392694064	1	0	0	0	0	0	0	0	1	0	0	0	0	0
0.5268817204301075	0.05263157894736842	0.646689497716895	0.5268817204301075	0.05263157894736842	0.646689497716895	1	0	0	0	0	0	0	0	0	0	0	0	1	0
0.5268817204301075	0.06140350877192982	0.6472602739726028	0.5268817204301075	0.06140350877192982	0.6472602739726028	1	0	0	0	0	0	0	0	1	0	0	0	0	0
0.5268817204301075	0.09649122807017543	0.6495433789954338	0.5268817204301075	0.09649122807017543	0.6495433789954338	0	1	0	0	0	0	0	0	0	1	0	0	0	0
0.5268817204301075	0.11403508771929824	0.6506849315068494	0.5268817204301075	0.11403508771929824	0.6506849315068494	1	0	0	0	0	0	0	0	0	0	0	0	1	0
0.46236559139784944	0.05263157894736842	0.58162100456621	0.5268817204301075	0.13157894736842105	0.6518264840182648	0	0	1	0	0	0	0	0	0	1	0	0	0	0
0.5268817204301075	0.16666666666666666	0.6541095890410958	0.5268817204301075	0.16666666666666666	0.6541095890410958	1	0	0	0	0	0	0	0	0	0	0	0	1	0
0.5268817204301075	0.18421052631578946	0.6552511415525114	0.5268817204301075	0.18421052631578946	0.6552511415525114	0	0	0	0	1	0	0	0	0	0	1	0	0	0
0.5268817204301075	0.19298245614035087	0.6558219178082192	0.5268817204301075	0.19298245614035087	0.6558219178082192	1	0	0	0	0	0	0	0	0	0	0	0	1	0
0.5268817204301075	0.09649122807017543	0.6495433789954338	0.5268817204301075	0.21052631578947367	0.6569634703196348	0	0	1	0	0	0	0	0	0	1	0	0	0	0
0.5268817204301075	0.22807017543859648	0.6581050228310502	0.5268817204301075	0.22807017543859648	0.6581050228310502	1	0	0	0	0	0	0	0	0	0	0	0	1	0
0.5268817204301075	0.2543859649122807	0.6598173515981736	0.5268817204301075	0.2543859649122807	0.6598173515981736	0	0	0	0	1	0	0	0	0	0	1	0	0	0
0.5268817204301075	0.2631578947368421	0.6603881278538812	0.5268817204301075	0.2631578947368421	0.6603881278538812	1	0	0	0	0	0	0	0	0	0	0	0	1	0
0.5268817204301075	0.09649122807017543	0.6495433789954338	0.5268817204301075	0.2807017543859649	0.6615296803652968	0	0	1	0	0	0	0	0	0	1	0	0	0	0
0.5268817204301075	0.2894736842105263	0.6621004566210046	0.5268817204301075	0.2894736842105263	0.6621004566210046	1	0	0	0	0	0	0	0	0	0	0	0	1	0
0.5268817204301075	0.30701754385964913	0.66324200913242	0.5268817204301075	0.30701754385964913	0.66324200913242	1	0	0	0	0	0	0	0	0	0	0	0	1	0
0.5376344086021505	0.017543859649122806	0.6649543378995434	0.5376344086021505	0.017543859649122806	0.6649543378995434	1	0	0	0	0	0	0	0	0	0	0	0	1	0
0.5483870967741935	0.02631578947368421	0.6672374429223744	0.5483870967741935	0.02631578947368421	0.6672374429223744	1	0	0	0	0	0	0	0	1	0	0	0	0	0
0.5483870967741935	0.05263157894736842	0.6689497716894978	0.5483870967741935	0.05263157894736842	0.6689497716894978	1	0	0	0	0	0	0	0	0	0	0	0	1	0
0.5483870967741935	0.06140350877192982	0.6695205479452054	0.5483870967741935	0.06140350877192982	0.6695205479452054	0	0	1	0	0	0	0	0	0	1	0	0	0	0
0.5483870967741935	0.08771929824561403	0.6712328767123288	0.5483870967741935	0.08771929824561403	0.6712328767123288	1	0	0	0	0	0	0	0	0	0	0	0	1	0
0.5268817204301075	0.09649122807017543	0.6495433789954338	0.5483870967741935	0.09649122807017543	0.6718036529680366	0	0	1	0	0	0	0	0	0	1	0	0	0	0
0.5483870967741935	0.10526315789473684	0.6723744292237442	0.5483870967741935	0.10526315789473684	0.6723744292237442	1	0	0	0	0	0	0	0	0	0	0	0	1	0
0.5483870967741935	0.12280701754385964	0.6735159817351598	0.5483870967741935	0.12280701754385964	0.6735159817351598	1	0	0	0	0	0	0	0	0	0	0	0	1	0
0.5483870967741935	0.14912280701754385	0.6752283105022832	0.5483870967741935	0.14912280701754385	0.6752283105022832	0	0	0	0	0	1	0	0	0	0	1	0	0	0
0.5483870967741935	0.17543859649122806	0.6769406392694064	0.5483870967741935	0.17543859649122806	0.6769406392694064	1	0	0	0	0	0	0	0	0	0	0	0	1	0
0.3655913978494624	0.043859649122807015	0.5251141552511416	0.5483870967741935	0.18421052631578946	0.6775114155251142	0	0	1	0	0	0	0	0	0	1	0	0	0	0
0.5483870967741935	0.21052631578947367	0.6792237442922374	0.5483870967741935	0.21052631578947367	0.6792237442922374	1	0	0	0	0	0	0	0	0	0	0	0	1	0
0.5268817204301075	0.09649122807017543	0.6495433789954338	0.5483870967741935	0.21929824561403508	0.6797945205479452	0	0	1	0	0	0	0	0	0	1	0	0	0	0
0.5483870967741935	0.22807017543859648	0.680365296803653	0.5483870967741935	0.22807017543859648	0.680365296803653	1	0	0	0	0	0	0	0	0	0	0	0	1	0
0.5483870967741935	0.24561403508771928	0.6815068493150684	0.5483870967741935	0.24561403508771928	0.6815068493150684	1	0	0	0	0	0	0	0	0	0	0	0	1	0
0.5483870967741935	0.2631578947368421	0.682648401826484	0.5483870967741935	0.2631578947368421	0.682648401826484	0	0	0	0	1	0	0	0	0	0	1	0	0	0
0.5483870967741935	0.2719298245614035	0.6832191780821918	0.5483870967741935	0.2719298245614035	0.6832191780821918	1	0	0	0	0	0	0	0	0	0	0	0	1	0
0.5591397849462365	0.02631578947368421	0.6855022831050228	0.5591397849462365	0.02631578947368421	0.6855022831050228	1	0	0	0	0	0	0	0	1	0	0	0	0	0
0.5698924731182796	0.03508771929824561	0.690068493150685	0.5698924731182796	0.03508771929824561	0.690068493150685	1	0	0	0	0	0	0	0	1	0	0	0	0	0
0.5698924731182796	0.07894736842105263	0.6929223744292238	0.5698924731182796	0.07894736842105263	0.6929223744292238	1	0	0	0	0	0	0	0	0	0	0	0	1	0
0.5806451612903226	0.017543859649122806	0.694634703196347	0.5806451612903226	0.017543859649122806	0.694634703196347	1	0	0	0	0	0	0	0	0	0	0	0	1	0
0.5913978494623656	0.017543859649122806	0.6963470319634704	0.5913978494623656	0.017543859649122806	0.6963470319634704	1	0	0	0	0	0	0	0	1	0	0	0	0	0
0.5913978494623656	0.05263157894736842	0.6986301369863014	0.5913978494623656	0.05263157894736842	0.6986301369863014	1	0	0	0	0	0	0	0	0	0	0	0	1	0
0.5913978494623656	0.06140350877192982	0.6992009132420092	0.5913978494623656	0.06140350877192982	0.6992009132420092	1	0	0	0	0	0	0	0	1	0	0	0	0	0
0.5913978494623656	0.09649122807017543	0.7014840182648402	0.5913978494623656	0.09649122807017543	0.7014840182648402	0	1	0	0	0	0	0	0	0	1	0	0	0	0
0.5913978494623656	0.11403508771929824	0.7026255707762558	0.5913978494623656	0.11403508771929824	0.7026255707762558	1	0	0	0	0	0	0	0	0	0	0	0	1	0
0.46236559139784944	0.05263157894736842	0.58162100456621	0.5913978494623656	0.13157894736842105	0.7037671232876712	0	0	1	0	0	0	0	0	0	1	0	0	0	0
0.5913978494623656	0.15789473684210525	0.7054794520547946	0.5913978494623656	0.15789473684210525	0.7054794520547946	1	0	0	0	0	0	0	0	0	0	0	0	1	0
0.5913978494623656	0.16666666666666666	0.7060502283105022	0.5913978494623656	0.16666666666666666	0.7060502283105022	0	0	0	0	1	0	0	0	0	0	1	0	0	0
0.5913978494623656	0.17543859649122806	0.70662100456621	0.5913978494623656	0.17543859649122806	0.70662100456621	1	0	0	0	0	0	0	0	0	0	0	0	1	0
0.5913978494623656	0.09649122807017543	0.7014840182648402	0.5913978494623656	0.19298245614035087	0.7077625570776256	0	0	1	0	0	0	0	0	0	1	0	0	0	0
0.5913978494623656	0.21052631578947367	0.708904109589041	0.5913978494623656	0.21052631578947367	0.708904109589041	1	0	0	0	0	0	0	0	0	0	0	0	1	0
0.5913978494623656	0.23684210526315788	0.7106164383561644	0.5913978494623656	0.23684210526315788	0.7106164383561644	0	0	0	0	1	0	0	0	0	0	1	0	0	0
0.5913978494623656	0.24561403508771928	0.7111872146118722	0.5913978494623656	0.24561403508771928	0.7111872146118722	1	0	0	0	0	0	0	0	0	0	0	0	1	0
0.5913978494623656	0.09649122807017543	0.7014840182648402	0.5913978494623656	0.2631578947368421	0.7123287671232876	0	0	1	0	0	0	0	0	0	1	0	0	0	0
0.5913978494623656	0.2719298245614035	0.7128995433789954	0.5913978494623656	0.2719298245614035	0.7128995433789954	1	0	0	0	0	0	0	0	0	0	0	0	1	0
0.5913978494623656	0.2894736842105263	0.714041095890411	0.5913978494623656	0.2894736842105263	0.714041095890411	1	0	0	0	0	0	0	0	0	0	0	0	1	0
0.6021505376344086	0.017543859649122806	0.7157534246575342	0.6021505376344086	0.017543859649122806	0.7157534246575342	1	0	0	0	0	0	0	0	0	0	0	0	1	0
0.3763440860215054	0.043859649122807015	0.535958904109589	0.6129032258064516	0.02631578947368421	0.7180365296803652	0	0	1	0	0	0	0	0	0	1	0	0	0	0
0.6129032258064516	0.05263157894736842	0.7197488584474886	0.6129032258064516	0.05263157894736842	0.7197488584474886	1	0	0	0	0	0	0	0	0	0	0	0	1	0
0.5913978494623656	0.09649122807017543	0.7014840182648402	0.6129032258064516	0.06140350877192982	0.7203196347031964	0	0	1	0	0	0	0	0	0	1	0	0	0	0
0.6129032258064516	0.07017543859649122	0.7208904109589042	0.6129032258064516	0.07017543859649122	0.7208904109589042	1	0	0	0	0	0	0	0	0	0	0	0	1	0
0.6129032258064516	0.08771929824561403	0.7220319634703196	0.6129032258064516	0.08771929824561403	0.7220319634703196	1	0	0	0	0	0	0	0	0	0	0	0	1	0
0.3763440860215054	0.043859649122807015	0.535958904109589	0.6129032258064516	0.10526315789473684	0.7231735159817352	0	0	1	0	0	0	0	0	0	1	0	0	0	0
0.6129032258064516	0.13157894736842105	0.7248858447488584	0.6129032258064516	0.13157894736842105	0.7248858447488584	1	0	0	0	0	0	0	0	0	0	0	0	1	0
0.5913978494623656	0.09649122807017543	0.7014840182648402	0.6129032258064516	0.14035087719298245	0.7254566210045662	0	0	1	0	0	0	0	0	0	1	0	0	0	0
0.6129032258064516	0.15789473684210525	0.7265981735159818	0.6129032258064516	0.15789473684210525	0.7265981735159818	1	0	0	0	0	0	0	0	0	0	0	0	1	0
0.6129032258064516	0.17543859649122806	0.7277397260273972	0.6129032258064516	0.17543859649122806	0.7277397260273972	0	0	0	0	1	0	0	0	0	0	1	0	0	0
0.6129032258064516	0.18421052631578946	0.728310502283105	0.6129032258064516	0.18421052631578946	0.728310502283105	1	0	0	0	0	0	0	0	0	0	0	0	1	0
0.6129032258064516	0.19298245614035087	0.7288812785388128	0.6129032258064516	0.19298245614035087	0.7288812785388128	1	0	0	0	0	0	0	0	0	0	0	0	1	0
0.6236559139784946	0.02631578947368421	0.7311643835616438	0.6236559139784946	0.02631578947368421	0.7311643835616438	1	0	0	0	0	0	0	0	1	0	0	0	0	0
0.6236559139784946	0.05263157894736842	0.7328767123287672	0.6236559139784946	0.05263157894736842	0.7328767123287672	1	0	0	0	0	0	0	0	0	0	0	0	1	0
0.6236559139784946	0.06140350877192982	0.7334474885844748	0.6236559139784946	0.06140350877192982	0.7334474885844748	0	0	1	0	0	0	0	0	0	1	0	0	0	0
0.6236559139784946	0.08771929824561403	0.7351598173515982	0.6236559139784946	0.08771929824561403	0.7351598173515982	1	0	0	0	0	0	0	0	0	0	0	0	1	0
0.5913978494623656	0.09649122807017543	0.7014840182648402	0.6236559139784946	0.09649122807017543	0.735730593607306	0	0	1	0	0	0	0	0	0	1	0	0	0	0
0.6236559139784946	0.10526315789473684	0.7363013698630136	0.6236559139784946	0.10526315789473684	0.7363013698630136	1	0	0	0	0	0	0	0	0	0	0	0	1	0
0.6236559139784946	0.12280701754385964	0.7374429223744292	0.6236559139784946	0.12280701754385964	0.7374429223744292	1	0	0	0	0	0	0	0	0	0	0	0	1	0
0.6236559139784946	0.14912280701754385	0.7391552511415526	0.6236559139784946	0.14912280701754385	0.7391552511415526	0	0	0	0	0	1	0	0	0	0	1	0	0	0
0.6236559139784946	0.17543859649122806	0.7408675799086758	0.6236559139784946	0.17543859649122806	0.7408675799086758	1	0	0	0	0	0	0	0	0	0	0	0	1	0
0.6344086021505376	0.02631578947368421	0.7431506849315068	0.6344086021505376	0.02631578947368421	0.7431506849315068	1	0	0	0	0	0	0	0	0	0	0	0	1	0
0.3763440860215054	0.043859649122807015	0.535958904109589	0.6451612903225806	0.03508771929824561	0.7460045662100456	0	0	1	0	0	0	0	0	0	1	0	0	0	0
0.6451612903225806	0.06140350877192982	0.747716894977169	0.6451612903225806	0.06140350877192982	0.747716894977169	1	0	0	0	0	0	0	0	0	0	0	0	1	0
0.5913978494623656	0.09649122807017543	0.7014840182648402	0.6451612903225806	0.07017543859649122	0.7482876712328768	0	0	1	0	0	0	0	0	0	1	0	0	0	0
0.6451612903225806	0.07894736842105263	0.7488584474885844	0.6451612903225806	0.07894736842105263	0.7488584474885844	1	0	0	0	0	0	0	0	0	0	0	0	1	0
0.6451612903225806	0.08771929824561403	0.7494292237442922	0.6451612903225806	0.08771929824561403	0.7494292237442922	1	0	0	0	0	0	0	0	0	0	0	0	1	0
0.6451612903225806	0.10526315789473684	0.7505707762557078	0.6451612903225806	0.10526315789473684	0.7505707762557078	1	0	0	0	0	0	0	0	0	0	0	0	1	0
0.3870967741935484	0.043859649122807015	0.5468036529680366	0.6559139784946236	0.03508771929824561	0.7534246575342466	0	0	1	0	0	0	0	0	0	1	0	0	0	0
0.6559139784946236	0.07017543859649122	0.7557077625570776	0.6559139784946236	0.07017543859649122	0.7557077625570776	1	0	0	0	0	0	0	0	0	0	0	0	1	0
0.5913978494623656	0.09649122807017543	0.7014840182648402	0.6559139784946236	0.07894736842105263	0.7562785388127854	0	0	1	0	0	0	0	0	0	1	0	0	0	0
0.6559139784946236	0.08771929824561403	0.7568493150684932	0.6559139784946236	0.08771929824561403	0.7568493150684932	1	0	0	0	0	0	0	0	0	0	0	0	1	0
0.6559139784946236	0.10526315789473684	0.7579908675799086	0.6559139784946236	0.10526315789473684	0.7579908675799086	1	0	0	0	0	0	0	0	0	0	0	0	1	0
0.6559139784946236	0.12280701754385964	0.7591324200913242	0.6559139784946236	0.12280701754385964	0.7591324200913242	0	0	1	0	0	0	0	0	0	1	0	0	0	0
0.6559139784946236	0.14912280701754385	0.7608447488584474	0.6559139784946236	0.14912280701754385	0.7608447488584474	1	0	0	0	0	0	0	0	0	0	0	0	1	0
0.3870967741935484	0.043859649122807015	0.5468036529680366	0.6559139784946236	0.15789473684210525	0.7614155251141552	0	0	1	0	0	0	0	0	0	1	0	0	0	0
0.6559139784946236	0.19298245614035087	0.7636986301369864	0.6559139784946236	0.19298245614035087	0.7636986301369864	1	0	0	0	0	0	0	0	0	0	0	0	1	0
0.5913978494623656	0.09649122807017543	0.7014840182648402	0.6559139784946236	0.20175438596491227	0.764269406392694	0	0	1	0	0	0	0	0	0	1	0	0	0	0
0.6559139784946236	0.21929824561403508	0.7654109589041096	0.6559139784946236	0.21929824561403508	0.7654109589041096	1	0	0	0	0	0	0	0	0	0	0	0	1	0
0.6559139784946236	0.23684210526315788	0.7665525114155252	0.6559139784946236	0.23684210526315788	0.7665525114155252	0	0	0	0	1	0	0	0	0	0	1	0	0	0
0.6559139784946236	0.24561403508771928	0.7671232876712328	0.6559139784946236	0.24561403508771928	0.7671232876712328	1	0	0	0	0	0	0	0	0	0	0	0	1	0
0.6559139784946236	0.2543859649122807	0.7676940639269406	0.6559139784946236	0.2543859649122807	0.7676940639269406	1	0	0	0	0	0	0	0	0	0	0	0	1	0
0.3763440860215054	0.043859649122807015	0.535958904109589	0.6559139784946236	0.2719298245614035	0.7688356164383562	0	0	1	0	0	0	0	0	0	1	0	0	0	0
0.6559139784946236	0.2982456140350877	0.7705479452054794	0.6559139784946236	0.2982456140350877	0.7705479452054794	1	0	0	0	0	0	0	0	0	0	0	0	1	0
0.5913978494623656	0.09649122807017543	0.7014840182648402	0.6559139784946236	0.30701754385964913	0.7711187214611872	0	0	1	0	0	0	0	0	0	1	0	0	0	0
0.6559139784946236	0.3157894736842105	0.771689497716895	0.6559139784946236	0.3157894736842105	0.771689497716895	1	0	0	0	0	0	0	0	0	0	0	0	1	0
0.6559139784946236	0.32456140350877194	0.7722602739726028	0.6559139784946236	0.32456140350877194	0.7722602739726028	1	0	0	0	0	0	0	0	0	0	0	0	1	0
0.6559139784946236	0.3333333333333333	0.7728310502283106	0.6559139784946236	0.3333333333333333	0.7728310502283106	1	0	0	0	0	0	0	0	0	0	0	0	1	0
0.6666666666666666	0.02631578947368421	0.7751141552511416	0.6666666666666666	0.02631578947368421	0.7751141552511416	1	0	0	0	0	0	0	0	0	0	0	0	1	0
0.6774193548387096	0.02631578947368421	0.7773972602739726	0.6774193548387096	0.02631578947368421	0.7773972602739726	1	0	0	0	0	0	0	0	1	0	0	0	0	0
0.3870967741935484	0.043859649122807015	0.5468036529680366	0.6881720430107527	0.03508771929824561	0.7819634703196348	0	0	1	0	0	0	0	0	0	1	0	0	0	0
0.6881720430107527	0.07017543859649122	0.7842465753424658	0.6881720430107527	0.07017543859649122	0.7842465753424658	1	0	0	0	0	0	0	0	0	0	0	0	1	0
0.5913978494623656	0.09649122807017543	0.7014840182648402	0.6881720430107527	0.07894736842105263	0.7848173515981736	0	0	1	0	0	0	0	0	0	1	0	0	0	0
0.6881720430107527	0.08771929824561403	0.7853881278538812	0.6881720430107527	0.08771929824561403	0.7853881278538812	1	0	0	0	0	0	0	0	0	0	0	0	1	0
0.6881720430107527	0.10526315789473684	0.7865296803652968	0.6881720430107527	0.10526315789473684	0.7865296803652968	1	0	0	0	0	0	0	0	0	0	0	0	1	0
0.3870967741935484	0.043859649122807015	0.5468036529680366	0.6881720430107527	0.12280701754385964	0.7876712328767124	0	0	1	0	0	0	0	0	0	1	0	0	0	0
0.6881720430107527	0.15789473684210525	0.7899543378995434	0.6881720430107527	0.15789473684210525	0.7899543378995434	1	0	0	0	0	0	0	0	0	0	0	0	1	0
0.5913978494623656	0.09649122807017543	0.7014840182648402	0.6881720430107527	0.16666666666666666	0.7905251141552512	0	0	1	0	0	0	0	0	0	1	0	0	0	0
0.6881720430107527	0.18421052631578946	0.7916666666666666	0.6881720430107527	0.18421052631578946	0.7916666666666666	1	0	0	0	0	0	0	0	0	0	0	0	1	0
0.6881720430107527	0.20175438596491227	0.7928082191780822	0.6881720430107527	0.20175438596491227	0.7928082191780822	0	0	0	0	1	0	0	0	0	0	1	0	0	0
0.6881720430107527	0.21052631578947367	0.79337899543379	0.6881720430107527	0.21052631578947367	0.79337899543379	1	0	0	0	0	0	0	0	0	0	0	0	1	0
0.6881720430107527	0.22807017543859648	0.7945205479452054	0.6881720430107527	0.22807017543859648	0.7945205479452054	1	0	0	0	0	0	0	0	0	0	0	0	1	0
0.6881720430107527	0.24561403508771928	0.795662100456621	0.6881720430107527	0.24561403508771928	0.795662100456621	0	0	0	0	1	0	0	0	0	0	1	0	0	0
0.6881720430107527	0.2543859649122807	0.7962328767123288	0.6881720430107527	0.2543859649122807	0.7962328767123288	1	0	0	0	0	0	0	0	0	0	0	0	1	0
0.6989247311827957	0.017543859649122806	0.797945205479452	0.6989247311827957	0.017543859649122806	0.797945205479452	1	0	0	0	0	0	0	0	0	0	0	0	1	0
0.7096774193548387	0.017543859649122806	0.7996575342465754	0.7096774193548387	0.017543859649122806	0.7996575342465754	1	0	0	0	0	0	0	0	1	0	0	0	0	0
0.7096774193548387	0.05263157894736842	0.8019406392694064	0.7096774193548387	0.05263157894736842	0.8019406392694064	0	1	0	0	0	0	0	0	0	1	0	0	0	0
0.7096774193548387	0.09649122807017543	0.8047945205479452	0.7096774193548387	0.09649122807017543	0.8047945205479452	1	0	0	0	0	0	0	0	0	0	0	0	1	0
0.7096774193548387	0.11403508771929824	0.8059360730593608	0.7096774193548387	0.11403508771929824	0.8059360730593608	0	0	0	0	1	0	0	0	0	0	1	0	0	0
0.7096774193548387	0.12280701754385964	0.8065068493150684	0.7096774193548387	0.12280701754385964	0.8065068493150684	1	0	0	0	0	0	0	0	0	0	0	0	1	0
0.7204301075268817	0.017543859649122806	0.8082191780821918	0.7204301075268817	0.017543859649122806	0.8082191780821918	1	0	0	0	0	0	0	0	1	0	0	0	0	0
0.7204301075268817	0.05263157894736842	0.8105022831050228	0.7204301075268817	0.05263157894736842	0.8105022831050228	0	1	0	0	0	0	0	0	0	1	0	0	0	0
0.7204301075268817	0.11403508771929824	0.8144977168949772	0.7204301075268817	0.11403508771929824	0.8144977168949772	1	0	0	0	0	0	0	0	0	0	0	0	1	0
0.7204301075268817	0.13157894736842105	0.8156392694063926	0.7204301075268817	0.13157894736842105	0.8156392694063926	0	0	0	0	1	0	0	0	0	0	1	0	0	0
0.7204301075268817	0.14035087719298245	0.8162100456621004	0.7204301075268817	0.14035087719298245	0.8162100456621004	1	0	0	0	0	0	0	0	0	0	0	0	1	0
0.7311827956989247	0.017543859649122806	0.8179223744292238	0.7311827956989247	0.017543859649122806	0.8179223744292238	1	0	0	0	0	0	0	0	1	0	0	0	0	0
0.7311827956989247	0.05263157894736842	0.8202054794520548	0.7311827956989247	0.05263157894736842	0.8202054794520548	1	0	0	0	0	0	0	0	0	0	0	0	1	0
0.7311827956989247	0.06140350877192982	0.8207762557077626	0.7311827956989247	0.06140350877192982	0.8207762557077626	1	0	0	0	0	0	0	0	1	0	0	0	0	0
0.7311827956989247	0.09649122807017543	0.8230593607305936	0.7311827956989247	0.09649122807017543	0.8230593607305936	0	1	0	0	0	0	0	0	0	1	0	0	0	0
0.7311827956989247	0.11403508771929824	0.8242009132420092	0.7311827956989247	0.11403508771929824	0.8242009132420092	1	0	0	0	0	0	0	0	0	0	0	0	1	0
0.46236559139784944	0.05263157894736842	0.58162100456621	0.7311827956989247	0.13157894736842105	0.8253424657534246	0	0	1	0	0	0	0	0	0	1	0	0	0	0
0.7311827956989247	0.16666666666666666	0.8276255707762558	0.7311827956989247	0.16666666666666666	0.8276255707762558	1	0	0	0	0	0	0	0	0	0	0	0	1	0
0.7311827956989247	0.18421052631578946	0.8287671232876712	0.7311827956989247	0.18421052631578946	0.8287671232876712	0	0	0	0	1	0	0	0	0	0	1	0	0	0
0.7311827956989247	0.19298245614035087	0.829337899543379	0.7311827956989247	0.19298245614035087	0.829337899543379	1	0	0	0	0	0	0	0	0	0	0	0	1	0
0.7311827956989247	0.09649122807017543	0.8230593607305936	0.7311827956989247	0.21052631578947367	0.8304794520547946	0	0	1	0	0	0	0	0	0	1	0	0	0	0
0.7311827956989247	0.22807017543859648	0.83162100456621	0.7311827956989247	0.22807017543859648	0.83162100456621	1	0	0	0	0	0	0	0	0	0	0	0	1	0
0.7311827956989247	0.2543859649122807	0.8333333333333334	0.7311827956989247	0.2543859649122807	0.8333333333333334	0	0	0	0	1	0	0	0	0	0	1	0	0	0
0.7311827956989247	0.2631578947368421	0.833904109589041	0.7311827956989247	0.2631578947368421	0.833904109589041	1	0	0	0	0	0	0	0	0	0	0	0	1	0
0.7311827956989247	0.09649122807017543	0.8230593607305936	0.7311827956989247	0.2807017543859649	0.8350456621004566	0	0	1	0	0	0	0	0	0	1	0	0	0	0
0.7311827956989247	0.2894736842105263	0.8356164383561644	0.7311827956989247	0.2894736842105263	0.8356164383561644	1	0	0	0	0	0	0	0	0	0	0	0	1	0
0.7311827956989247	0.30701754385964913	0.83675799086758	0.7311827956989247	0.30701754385964913	0.83675799086758	1	0	0	0	0	0	0	0	0	0	0	0	1	0
0.7419354838709677	0.017543859649122806	0.8384703196347032	0.7419354838709677	0.017543859649122806	0.8384703196347032	1	0	0	0	0	0	0	0	0	0	0	0	1	0
0.7526881720430108	0.02631578947368421	0.8407534246575342	0.7526881720430108	0.02631578947368421	0.8407534246575342	1	0	0	0	0	0	0	0	1	0	0	0	0	0
0.7526881720430108	0.05263157894736842	0.8424657534246576	0.7526881720430108	0.05263157894736842	0.8424657534246576	1	0	0	0	0	0	0	0	0	0	0	0	1	0
0.3655913978494624	0.043859649122807015	0.5251141552511416	0.7526881720430108	0.06140350877192982	0.8430365296803652	0	0	1	0	0	0	0	0	0	1	0	0	0	0
0.7526881720430108	0.08771929824561403	0.8447488584474886	0.7526881720430108	0.08771929824561403	0.8447488584474886	1	0	0	0	0	0	0	0	0	0	0	0	1	0
0.7311827956989247	0.09649122807017543	0.8230593607305936	0.7526881720430108	0.09649122807017543	0.8453196347031964	0	0	1	0	0	0	0	0	0	1	0	0	0	0
0.7526881720430108	0.10526315789473684	0.8458904109589042	0.7526881720430108	0.10526315789473684	0.8458904109589042	1	0	0	0	0	0	0	0	0	0	0	0	1	0
0.7526881720430108	0.12280701754385964	0.8470319634703196	0.7526881720430108	0.12280701754385964	0.8470319634703196	1	0	0	0	0	0	0	0	0	0	0	0	1	0
0.7526881720430108	0.14912280701754385	0.848744292237443	0.7526881720430108	0.14912280701754385	0.848744292237443	0	0	0	0	1	0	0	0	0	0	1	0	0	0
0.7526881720430108	0.15789473684210525	0.8493150684931506	0.7526881720430108	0.15789473684210525	0.8493150684931506	1	0	0	0	0	0	0	0	0	0	0	0	1	0
0.7634408602150538	0.02631578947368421	0.8515981735159818	0.7634408602150538	0.02631578947368421	0.8515981735159818	1	0	0	0	0	0	0	0	0	0	0	0	1	0
0.7096774193548387	0.05263157894736842	0.8019406392694064	0.7741935483870968	0.03508771929824561	0.8544520547945206	0	0	1	0	0	0	0	0	0	1	0	0	0	0
0.7741935483870968	0.07017543859649122	0.8567351598173516	0.7741935483870968	0.07017543859649122	0.8567351598173516	1	0	0	0	0	0	0	0	0	0	0	0	1	0
0.7741935483870968	0.08771929824561403	0.8578767123287672	0.7741935483870968	0.08771929824561403	0.8578767123287672	1	0	0	0	0	0	0	0	0	0	0	0	1	0
0.7849462365591398	0.02631578947368421	0.8601598173515982	0.7849462365591398	0.02631578947368421	0.8601598173515982	1	0	0	0	0	0	0	0	0	0	0	0	1	0
0.7956989247311828	0.02631578947368421	0.8624429223744292	0.7956989247311828	0.02631578947368421	0.8624429223744292	1	0	0	0	0	0	0	0	1	0	0	0	0	0
0.8064516129032258	0.02631578947368421	0.8664383561643836	0.8064516129032258	0.02631578947368421	0.8664383561643836	1	0	0	0	0	0	0	0	0	0	0	0	1	0
0.8172043010752689	0.03508771929824561	0.8692922374429224	0.8172043010752689	0.03508771929824561	0.8692922374429224	1	0	0	0	0	0	0	0	1	0	0	0	0	0
0.8172043010752689	0.06140350877192982	0.8710045662100456	0.8172043010752689	0.06140350877192982	0.8710045662100456	1	0	0	0	0	0	0	0	0	0	0	0	1	0
0.7096774193548387	0.05263157894736842	0.8019406392694064	0.8172043010752689	0.07017543859649122	0.8715753424657534	0	0	1	0	0	0	0	0	0	1	0	0	0	0
0.8172043010752689	0.11403508771929824	0.8744292237442922	0.8172043010752689	0.11403508771929824	0.8744292237442922	1	0	0	0	0	0	0	0	0	0	0	0	1	0
0.8172043010752689	0.13157894736842105	0.8755707762557078	0.8172043010752689	0.13157894736842105	0.8755707762557078	0	0	0	0	1	0	0	0	0	0	1	0	0	0
0.8172043010752689	0.14912280701754385	0.8767123287671232	0.8172043010752689	0.14912280701754385	0.8767123287671232	1	0	0	0	0	0	0	0	0	0	0	0	1	0
0.3870967741935484	0.043859649122807015	0.5468036529680366	0.8172043010752689	0.17543859649122806	0.8784246575342466	0	0	1	0	0	0	0	0	0	1	0	0	0	0
0.8172043010752689	0.21052631578947367	0.8807077625570776	0.8172043010752689	0.21052631578947367	0.8807077625570776	1	0	0	0	0	0	0	0	0	0	0	0	1	0
0.7311827956989247	0.09649122807017543	0.8230593607305936	0.8172043010752689	0.21929824561403508	0.8812785388127854	0	0	1	0	0	0	0	0	0	1	0	0	0	0
0.8172043010752689	0.22807017543859648	0.8818493150684932	0.8172043010752689	0.22807017543859648	0.8818493150684932	1	0	0	0	0	0	0	0	0	0	0	0	1	0
0.8172043010752689	0.23684210526315788	0.882420091324201	0.8172043010752689	0.23684210526315788	0.882420091324201	1	0	0	0	0	0	0	0	0	0	0	0	1	0
0.8279569892473119	0.03508771929824561	0.8852739726027398	0.8279569892473119	0.03508771929824561	0.8852739726027398	1	0	0	0	0	0	0	0	0	0	0	0	1	0
0.3655913978494624	0.043859649122807015	0.5251141552511416	0.8387096774193549	0.043859649122807015	0.8886986301369864	0	0	1	0	0	0	0	0	0	1	0	0	0	0
0.8387096774193549	0.07017543859649122	0.8904109589041096	0.8387096774193549	0.07017543859649122	0.8904109589041096	1	0	0	0	0	0	0	0	0	0	0	0	1	0
0.7311827956989247	0.09649122807017543	0.8230593607305936	0.8387096774193549	0.07894736842105263	0.8909817351598174	0	0	1	0	0	0	0	0	0	1	0	0	0	0
0.8387096774193549	0.08771929824561403	0.8915525114155252	0.8387096774193549	0.08771929824561403	0.8915525114155252	1	0	0	0	0	0	0	0	0	0	0	0	1	0
0.8387096774193549	0.10526315789473684	0.8926940639269406	0.8387096774193549	0.10526315789473684	0.8926940639269406	1	0	0	0	0	0	0	0	0	0	0	0	1	0
0.8387096774193549	0.12280701754385964	0.8938356164383562	0.8387096774193549	0.12280701754385964	0.8938356164383562	0	0	0	0	1	0	0	0	0	0	1	0	0	0
0.8387096774193549	0.13157894736842105	0.894406392694064	0.8387096774193549	0.13157894736842105	0.894406392694064	1	0	0	0	0	0	0	0	0	0	0	0	1	0
0.7096774193548387	0.05263157894736842	0.8019406392694064	0.8494623655913979	0.043859649122807015	0.8978310502283106	0	0	1	0	0	0	0	0	0	1	0	0	0	0
0.8494623655913979	0.07894736842105263	0.9001141552511416	0.8494623655913979	0.07894736842105263	0.9001141552511416	1	0	0	0	0	0	0	0	0	0	0	0	1	0
0.8494623655913979	0.09649122807017543	0.901255707762557	0.8494623655913979	0.09649122807017543	0.901255707762557	1	0	0	0	0	0	0	0	0	0	0	0	1	0
0.8602150537634409	0.03508771929824561	0.9041095890410958	0.8602150537634409	0.03508771929824561	0.9041095890410958	1	0	0	0	0	0	0	0	0	0	0	0	1	0
0.8709677419354839	0.03508771929824561	0.9069634703196348	0.8709677419354839	0.03508771929824561	0.9069634703196348	1	0	0	0	0	0	0	0	1	0	0	0	0	0
0.8817204301075269	0.03508771929824561	0.9115296803652968	0.8817204301075269	0.03508771929824561	0.9115296803652968	1	0	0	0	0	0	0	0	0	0	0	0	1	0
0.3655913978494624	0.043859649122807015	0.5251141552511416	0.8924731182795699	0.043859649122807015	0.9149543378995434	0	0	1	0	0	0	0	0	0	1	0	0	0	0
0.8924731182795699	0.07017543859649122	0.9166666666666666	0.8924731182795699	0.07017543859649122	0.9166666666666666	1	0	0	0	0	0	0	0	0	0	0	0	1	0
0.7311827956989247	0.09649122807017543	0.8230593607305936	0.8924731182795699	0.07894736842105263	0.9172374429223744	0	0	1	0	0	0	0	0	0	1	0	0	0	0
0.8924731182795699	0.08771929824561403	0.9178082191780822	0.8924731182795699	0.08771929824561403	0.9178082191780822	1	0	0	0	0	0	0	0	0	0	0	0	1	0
0.8924731182795699	0.10526315789473684	0.9189497716894978	0.8924731182795699	0.10526315789473684	0.9189497716894978	1	0	0	0	0	0	0	0	0	0	0	0	1	0
0.8924731182795699	0.12280701754385964	0.9200913242009132	0.8924731182795699	0.12280701754385964	0.9200913242009132	0	0	0	0	1	0	0	0	0	0	1	0	0	0
0.8924731182795699	0.13157894736842105	0.920662100456621	0.8924731182795699	0.13157894736842105	0.920662100456621	1	0	0	0	0	0	0	0	0	0	0	0	1	0
0.7204301075268817	0.05263157894736842	0.8105022831050228	0.9032258064516129	0.043859649122807015	0.9240867579908676	0	0	1	0	0	0	0	0	0	1	0	0	0	0
0.9032258064516129	0.09649122807017543	0.9275114155251142	0.9032258064516129	0.09649122807017543	0.9275114155251142	1	0	0	0	0	0	0	0	0	0	0	0	1	0
0.9032258064516129	0.11403508771929824	0.9286529680365296	0.9032258064516129	0.11403508771929824	0.9286529680365296	1	0	0	0	0	0	0	0	0	0	0	0	1	0
0.7096774193548387	0.05263157894736842	0.8019406392694064	0.9139784946236559	0.043859649122807015	0.9320776255707762	0	0	1	0	0	0	0	0	0	1	0	0	0	0
0.9139784946236559	0.08771929824561403	0.934931506849315	0.9139784946236559	0.08771929824561403	0.934931506849315	1	0	0	0	0	0	0	0	0	0	0	0	1	0
0.9139784946236559	0.10526315789473684	0.9360730593607306	0.9139784946236559	0.10526315789473684	0.9360730593607306	0	0	1	0	0	0	0	0	0	1	0	0	0	0
0.9139784946236559	0.13157894736842105	0.9377853881278538	0.9139784946236559	0.13157894736842105	0.9377853881278538	1	0	0	0	0	0	0	0	0	0	0	0	1	0
0.7096774193548387	0.05263157894736842	0.8019406392694064	0.9139784946236559	0.14035087719298245	0.9383561643835616	0	0	1	0	0	0	0	0	0	1	0	0	0	0
0.9139784946236559	0.17543859649122806	0.9406392694063926	0.9139784946236559	0.17543859649122806	0.9406392694063926	1	0	0	0	0	0	0	0	0	0	0	0	1	0
0.7204301075268817	0.05263157894736842	0.8105022831050228	0.9139784946236559	0.19298245614035087	0.9417808219178082	0	0	1	0	0	0	0	0	0	1	0	0	0	0
0.9139784946236559	0.24561403508771928	0.9452054794520548	0.9139784946236559	0.24561403508771928	0.9452054794520548	1	0	0	0	0	0	0	0	0	0	0	0	1	0
0.9139784946236559	0.2543859649122807	0.9457762557077626	0.9139784946236559	0.2543859649122807	0.9457762557077626	1	0	0	0	0	0	0	0	0	0	0	0	1	0
0.9247311827956989	0.03508771929824561	0.9486301369863014	0.9247311827956989	0.03508771929824561	0.9486301369863014	1	0	0	0	0	0	0	0	0	0	0	0	1	0
0.9354838709677419	0.02631578947368421	0.9509132420091324	0.9354838709677419	0.02631578947368421	0.9509132420091324	1	0	0	0	0	0	0	0	0	0	0	0	1	0
0.946236559139785	0.017543859649122806	0.9526255707762558	0.946236559139785	0.017543859649122806	0.9526255707762558	1	0	0	0	0	0	0	0	0	0	0	0	1	0
0.956989247311828	0.017543859649122806	0.954337899543379	0.956989247311828	0.017543859649122806	0.954337899543379	1	0	0	0	0	0	0	0	1	0	0	0	0	0
0.956989247311828	0.05263157894736842	0.95662100456621	0.956989247311828	0.05263157894736842	0.95662100456621	1	0	0	0	0	0	0	0	0	0	0	0	1	0
0.956989247311828	0.06140350877192982	0.9571917808219178	0.956989247311828	0.06140350877192982	0.9571917808219178	1	0	0	0	0	0	0	0	1	0	0	0	0	0
0.956989247311828	0.09649122807017543	0.9594748858447488	0.956989247311828	0.09649122807017543	0.9594748858447488	0	1	0	0	0	0	0	0	0	1	0	0	0	0
0.956989247311828	0.11403508771929824	0.9606164383561644	0.956989247311828	0.11403508771929824	0.9606164383561644	1	0	0	0	0	0	0	0	0	0	0	0	1	0
0.956989247311828	0.13157894736842105	0.96175799086758	0.956989247311828	0.13157894736842105	0.96175799086758	0	0	0	0	1	0	0	0	0	0	1	0	0	0
0.956989247311828	0.14035087719298245	0.9623287671232876	0.956989247311828	0.14035087719298245	0.9623287671232876	1	0	0	0	0	0	0	0	0	0	0	0	1	0
0.956989247311828	0.09649122807017543	0.9594748858447488	0.956989247311828	0.15789473684210525	0.9634703196347032	0	0	1	0	0	0	0	0	0	1	0	0	0	0
0.956989247311828	0.17543859649122806	0.9646118721461188	0.956989247311828	0.17543859649122806	0.9646118721461188	1	0	0	0	0	0	0	0	0	0	0	0	1	0
0.46236559139784944	0.05263157894736842	0.58162100456621	0.956989247311828	0.19298245614035087	0.9657534246575342	0	0	1	0	0	0	0	0	0	1	0	0	0	0
0.956989247311828	0.21929824561403508	0.9674657534246576	0.956989247311828	0.21929824561403508	0.9674657534246576	1	0	0	0	0	0	0	0	0	0	0	0	1	0
0.956989247311828	0.09649122807017543	0.9594748858447488	0.956989247311828	0.23684210526315788	0.968607305936073	0	0	1	0	0	0	0	0	0	1	0	0	0	0
0.956989247311828	0.24561403508771928	0.9691780821917808	0.956989247311828	0.24561403508771928	0.9691780821917808	1	0	0	0	0	0	0	0	0	0	0	0	1	0
0.956989247311828	0.2631578947368421	0.9703196347031964	0.956989247311828	0.2631578947368421	0.9703196347031964	1	0	0	0	0	0	0	0	0	0	0	0	1	0
0.967741935483871	0.02631578947368421	0.9726027397260274	0.967741935483871	0.02631578947368421	0.9726027397260274	0	0	1	0	0	0	0	0	0	1	0	0	0	0
0.967741935483871	0.07894736842105263	0.976027397260274	0.967741935483871	0.07894736842105263	0.976027397260274	1	0	0	0	0	0	0	0	0	0	0	0	1	0
0.967741935483871	0.08771929824561403	0.9765981735159818	0.967741935483871	0.08771929824561403	0.9765981735159818	1	0	0	0	0	0	0	0	0	0	1	0	0	0
0.967741935483871	0.12280701754385964	0.9788812785388128	0.967741935483871	0.12280701754385964	0.9788812785388128	1	0	0	0	0	0	0	0	0	0	0	0	1	0
0.3655913978494624	0.043859649122807015	0.5251141552511416	0.967741935483871	0.14035087719298245	0.9800228310502284	0	0	1	0	0	0	0	0	0	1	0	0	0	0
0.967741935483871	0.16666666666666666	0.9817351598173516	0.967741935483871	0.16666666666666666	0.9817351598173516	1	0	0	0	0	0	0	0	0	0	0	0	1	0
0.956989247311828	0.09649122807017543	0.9594748858447488	0.967741935483871	0.17543859649122806	0.9823059360730594	0	0	1	0	0	0	0	0	0	1	0	0	0	0
0.967741935483871	0.18421052631578946	0.9828767123287672	0.967741935483871	0.18421052631578946	0.9828767123287672	1	0	0	0	0	0	0	0	0	0	0	0	1	0
0.967741935483871	0.19298245614035087	0.9834474885844748	0.967741935483871	0.19298245614035087	0.9834474885844748	1	0	0	0	0	0	0	0	0	0	0	0	1	0
0.967741935483871	0.20175438596491227	0.9840182648401826	0.967741935483871	0.20175438596491227	0.9840182648401826	1	0	0	0	0	0	0	0	0	0	0	0	1	0
0.978494623655914	0.017543859649122806	0.985730593607306	0.978494623655914	0.017543859649122806	0.985730593607306	0	0	1	0	0	0	0	0	0	1	0	0	0	0
0.978494623655914	0.07017543859649122	0.9891552511415526	0.978494623655914	0.07017543859649122	0.9891552511415526	1	0	0	0	0	0	0	0	0	0	0	0	1	0
0.978494623655914	0.07894736842105263	0.9897260273972602	0.978494623655914	0.07894736842105263	0.9897260273972602	1	0	0	0	0	0	0	0	0	0	1	0	0	0
0.978494623655914	0.11403508771929824	0.9920091324200914	0.978494623655914	0.11403508771929824	0.9920091324200914	1	0	0	0	0	0	0	0	0	0	0	0	1	0
0.978494623655914	0.12280701754385964	0.992579908675799	0.978494623655914	0.12280701754385964	0.992579908675799	1	0	0	0	0	0	0	0	0	0	0	0	1	0
0.989247311827957	0.017543859649122806	0.9942922374429224	0.989247311827957	0.017543859649122806	0.9942922374429224	1	0	0	0	0	0	0	0	1	0	0	0	0	0
0.989247311827957	0.07894736842105263	0.9982876712328768	0.989247311827957	0.07894736842105263	0.9982876712328768	0	0	0	0	1	0	0	0	0	0	1	0	0	0
0.989247311827957	0.08771929824561403	0.9988584474885844	0.989247311827957	0.08771929824561403	0.9988584474885844	1	0	0	0	0	0	0	0	0	0	0	0	1	0
1	0.008771929824561403	1	1	0.008771929824561403	1	1	0	0	0	0	0	0	0	0	0	0	0	1	0