0.2727272727272727	0.015873015873015872	0.3746898263027295	0.2727272727272727	0.015873015873015872	0.3746898263027295	1	0	0	0	0	0	0	0	1	0	0	0	0	0
0.2727272727272727	0.1111111111111111	0.38213399503722084	0.2727272727272727	0.1111111111111111	0.38213399503722084	1	0	0	0	0	0	0	0	1	0	0	0	0	0
0.2727272727272727	0.2698412698412698	0.3945409429280397	0.2727272727272727	0.2698412698412698	0.3945409429280397	1	0	0	0	0	0	0	0	0	1	0	0	0	0
0.3090909090909091	0.015873015873015872	0.40198511166253104	0.3090909090909091	0.015873015873015872	0.40198511166253104	1	0	0	0	0	0	0	0	1	0	0	0	0	0
0.3090909090909091	0.1111111111111111	0.4094292803970223	0.3090909090909091	0.1111111111111111	0.4094292803970223	1	0	0	0	0	0	0	0	1	0	0	0	0	0
0.3090909090909091	0.1746031746031746	0.4143920595533499	0.3090909090909091	0.1746031746031746	0.4143920595533499	0	1	0	0	0	0	0	0	0	1	0	0	0	0
0.3090909090909091	0.19047619047619047	0.41563275434243174	0.3090909090909091	0.19047619047619047	0.41563275434243174	1	0	0	0	0	0	0	0	0	0	0	0	1	0
0.3090909090909091	0.20634920634920634	0.41687344913151364	0.3090909090909091	0.20634920634920634	0.41687344913151364	1	0	0	0	0	0	0	0	0	0	1	0	0	0
0.3090909090909091	0.25396825396825395	0.4205955334987593	0.3090909090909091	0.25396825396825395	0.4205955334987593	1	0	0	0	0	0	0	0	0	0	0	0	1	0
0.3090909090909091	0.2698412698412698	0.4218362282878412	0.3090909090909091	0.2698412698412698	0.4218362282878412	1	0	0	0	0	0	0	0	0	0	1	0	0	0
0.21818181818181817	0.19047619047619047	0.2543424317617866	0.21818181818181817	0.19047619047619047	0.2543424317617866	1	0	0	0	0	0	0	0	1	0	0	0	0	0
0.21818181818181817	0.2698412698412698	0.26054590570719605	0.21818181818181817	0.2698412698412698	0.26054590570719605	1	0	0	0	0	0	0	0	1	0	0	0	0	0
0.23636363636363636	0.015873015873015872	0.2667493796526055	0.23636363636363636	0.015873015873015872	0.2667493796526055	1	0	0	0	0	0	0	0	0	0	0	0	1	0
0.23636363636363636	0.031746031746031744	0.2679900744416873	0.23636363636363636	0.031746031746031744	0.2679900744416873	1	0	0	0	0	0	0	0	0	1	0	0	0	0
0.23636363636363636	0.14285714285714285	0.27667493796526055	0.23636363636363636	0.14285714285714285	0.27667493796526055	1	0	0	0	0	0	0	0	0	1	0	0	0	0
0.23636363636363636	0.20634920634920634	0.2816377171215881	0.23636363636363636	0.20634920634920634	0.2816377171215881	1	0	0	0	0	0	0	0	0	0	1	0	0	0
0.2545454545454545	0.015873015873015872	0.29528535980148884	0.2545454545454545	0.015873015873015872	0.29528535980148884	1	0	0	0	0	0	0	0	0	0	0	0	1	0
0.2545454545454545	0.031746031746031744	0.29652605459057074	0.2545454545454545	0.031746031746031744	0.29652605459057074	1	0	0	0	0	0	0	0	0	1	0	0	0	0
0.2545454545454545	0.14285714285714285	0.3052109181141439	0.2545454545454545	0.14285714285714285	0.3052109181141439	1	0	0	0	0	0	0	0	0	1	0	0	0	0
0.2545454545454545	0.2222222222222222	0.31141439205955335	0.2545454545454545	0.2222222222222222	0.31141439205955335	1	0	0	0	0	0	0	0	0	1	0	0	0	0
0.2545454545454545	0.2698412698412698	0.315136476426799	0.2545454545454545	0.2698412698412698	0.315136476426799	1	0	0	0	0	0	0	0	0	0	0	0	1	0
0.2545454545454545	0.30158730158730157	0.3176178660049628	0.2545454545454545	0.30158730158730157	0.3176178660049628	1	0	0	0	0	0	0	0	0	1	0	0	0	0
0.2545454545454545	0.5396825396825397	0.3362282878411911	0.2545454545454545	0.5396825396825397	0.3362282878411911	1	0	0	0	0	0	0	0	0	0	0	0	1	0
0.2545454545454545	0.5555555555555556	0.337468982630273	0.2545454545454545	0.5555555555555556	0.337468982630273	1	0	0	0	0	0	0	0	1	0	0	0	0	0
0.2545454545454545	0.6349206349206349	0.3436724565756824	0.2545454545454545	0.6349206349206349	0.3436724565756824	1	0	0	0	0	0	0	0	0	0	0	0	1	0
0.2545454545454545	0.6507936507936508	0.34491315136476425	0.2545454545454545	0.6507936507936508	0.34491315136476425	1	0	0	0	0	0	0	0	0	0	0	0	1	0
0.2545454545454545	0.6666666666666666	0.34615384615384615	0.2545454545454545	0.6666666666666666	0.34615384615384615	1	0	0	0	0	0	0	0	0	1	0	0	0	0
0.2545454545454545	0.7142857142857143	0.34987593052109184	0.2545454545454545	0.7142857142857143	0.34987593052109184	1	0	0	0	0	0	0	0	0	0	0	0	1	0
0.2545454545454545	0.7301587301587301	0.3511166253101737	0.2545454545454545	0.7301587301587301	0.3511166253101737	1	0	0	0	0	0	0	0	0	1	0	0	0	0
0.2545454545454545	0.7777777777777778	0.3548387096774194	0.2545454545454545	0.7777777777777778	0.3548387096774194	1	0	0	0	0	0	0	0	0	0	0	0	1	0
0.2545454545454545	0.7936507936507936	0.3560794044665012	0.2545454545454545	0.7936507936507936	0.3560794044665012	1	0	0	0	0	0	0	0	0	0	1	0	0	0
0.2545454545454545	0.8095238095238095	0.3573200992555831	0.2545454545454545	0.8095238095238095	0.3573200992555831	1	0	0	0	0	0	0	0	0	0	0	0	1	0
0.2545454545454545	0.8253968253968254	0.358560794044665	0.2545454545454545	0.8253968253968254	0.358560794044665	1	0	0	0	0	0	0	0	0	0	0	0	1	0
0.2545454545454545	0.8412698412698413	0.3598014888337469	0.2545454545454545	0.8412698412698413	0.3598014888337469	1	0	0	0	0	0	0	0	0	1	0	0	0	0
0.2545454545454545	0.9047619047619048	0.36476426799007444	0.2545454545454545	0.9047619047619048	0.36476426799007444	1	0	0	0	0	0	0	0	0	0	0	0	1	0
0.2545454545454545	0.9206349206349206	0.36600496277915634	0.2545454545454545	0.9206349206349206	0.36600496277915634	1	0	0	0	0	0	0	0	0	1	0	0	0	0
0.2545454545454545	0.9682539682539683	0.369727047146402	0.2545454545454545	0.9682539682539683	0.369727047146402	1	0	0	0	0	0	0	0	0	0	0	0	1	0
0.2545454545454545	0.9841269841269841	0.3709677419354839	0.2545454545454545	0.9841269841269841	0.3709677419354839	1	0	0	0	0	0	0	0	0	0	1	0	0	0
0.2545454545454545	1	0.37220843672456577	0.2545454545454545	1	0.37220843672456577	1	0	0	0	0	0	0	0	0	0	0	0	1	0
0.2727272727272727	0.015873015873015872	0.3746898263027295	0.2727272727272727	0.015873015873015872	0.3746898263027295	1	0	0	0	0	0	0	0	1	0	0	0	0	0
0.2727272727272727	0.1111111111111111	0.38213399503722084	0.2727272727272727	0.1111111111111111	0.38213399503722084	1	0	0	0	0	0	0	0	1	0	0	0	0	0
0.2727272727272727	0.2698412698412698	0.3945409429280397	0.2727272727272727	0.2698412698412698	0.3945409429280397	1	0	0	0	0	0	0	0	0	1	0	0	0	0
0.2727272727272727	0.31746031746031744	0.39826302729528534	0.2727272727272727	0.31746031746031744	0.39826302729528534	1	0	0	0	0	0	0	0	0	0	0	0	1	0
0.3090909090909091	0.015873015873015872	0.40198511166253104	0.3090909090909091	0.015873015873015872	0.40198511166253104	1	0	0	0	0	0	0	0	1	0	0	0	0	0
0.3090909090909091	0.1111111111111111	0.4094292803970223	0.3090909090909091	0.1111111111111111	0.4094292803970223	1	0	0	0	0	0	0	0	1	0	0	0	0	0
0.3090909090909091	0.1746031746031746	0.4143920595533499	0.3090909090909091	0.1746031746031746	0.4143920595533499	0	1	0	0	0	0	0	0	0	1	0	0	0	0
0.3090909090909091	0.19047619047619047	0.41563275434243174	0.3090909090909091	0.19047619047619047	0.41563275434243174	1	0	0	0	0	0	0	0	0	0	0	0	1	0
0.3090909090909091	0.20634920634920634	0.41687344913151364	0.3090909090909091	0.20634920634920634	0.41687344913151364	1	0	0	0	0	0	0	0	0	0	1	0	0	0
0.3090909090909091	0.25396825396825395	0.4205955334987593	0.3090909090909091	0.25396825396825395	0.4205955334987593	1	0	0	0	0	0	0	0	0	0	0	0	1	0
0.3090909090909091	0.2698412698412698	0.4218362282878412	0.3090909090909091	0.2698412698412698	0.4218362282878412	1	0	0	0	0	0	0	0	0	0	1	0	0	0
0.3090909090909091	0.30158730158730157	0.42431761786600497	0.3090909090909091	0.30158730158730157	0.42431761786600497	1	0	0	0	0	0	0	0	0	0	0	0	1	0
0.34545454545454546	0.015873015873015872	0.4280397022332506	0.34545454545454546	0.015873015873015872	0.4280397022332506	1	0	0	0	0	0	0	0	0	1	0	0	0	0
0.34545454545454546	0.06349206349206349	0.4317617866004963	0.34545454545454546	0.06349206349206349	0.4317617866004963	0	1	0	0	0	0	0	0	0	1	0	0	0	0
0.21818181818181817	0.19047619047619047	0.2543424317617866	0.21818181818181817	0.19047619047619047	0.2543424317617866	1	0	0	0	0	0	0	0	1	0	0	0	0	0
0.21818181818181817	0.2698412698412698	0.26054590570719605	0.21818181818181817	0.2698412698412698	0.26054590570719605	1	0	0	0	0	0	0	0	1	0	0	0	0	0
0.23636363636363636	0.015873015873015872	0.2667493796526055	0.23636363636363636	0.015873015873015872	0.2667493796526055	1	0	0	0	0	0	0	0	0	0	0	0	1	0
0.23636363636363636	0.031746031746031744	0.2679900744416873	0.23636363636363636	0.031746031746031744	0.2679900744416873	1	0	0	0	0	0	0	0	0	1	0	0	0	0
0.23636363636363636	0.14285714285714285	0.27667493796526055	0.23636363636363636	0.14285714285714285	0.27667493796526055	1	0	0	0	0	0	0	0	0	1	0	0	0	0
0.23636363636363636	0.20634920634920634	0.2816377171215881	0.23636363636363636	0.20634920634920634	0.2816377171215881	1	0	0	0	0	0	0	0	0	0	1	0	0	0
0.2545454545454545	0.015873015873015872	0.29528535980148884	0.2545454545454545	0.015873015873015872	0.29528535980148884	1	0	0	0	0	0	0	0	0	0	0	0	1	0
0.2545454545454545	0.031746031746031744	0.29652605459057074	0.2545454545454545	0.031746031746031744	0.29652605459057074	1	0	0	0	0	0	0	0	0	1	0	0	0	0
0.2545454545454545	0.14285714285714285	0.3052109181141439	0.2545454545454545	0.14285714285714285	0.3052109181141439	1	0	0	0	0	0	0	0	0	1	0	0	0	0
0.2545454545454545	0.2222222222222222	0.31141439205955335	0.2545454545454545	0.2222222222222222	0.31141439205955335	1	0	0	0	0	0	0	0	0	1	0	0	0	0
0.2545454545454545	0.2698412698412698	0.315136476426799	0.2545454545454545	0.2698412698412698	0.315136476426799	1	0	0	0	0	0	0	0	0	0	0	0	1	0
0.2545454545454545	0.30158730158730157	0.3176178660049628	0.2545454545454545	0.30158730158730157	0.3176178660049628	1	0	0	0	0	0	0	0	0	1	0	0	0	0
0.2545454545454545	0.5396825396825397	0.3362282878411911	0.2545454545454545	0.5396825396825397	0.3362282878411911	1	0	0	0	0	0	0	0	0	0	0	0	1	0
0.2545454545454545	0.5555555555555556	0.337468982630273	0.2545454545454545	0.5555555555555556	0.337468982630273	1	0	0	0	0	0	0	0	1	0	0	0	0	0
0.2545454545454545	0.6349206349206349	0.3436724565756824	0.2545454545454545	0.6349206349206349	0.3436724565756824	1	0	0	0	0	0	0	0	0	0	0	0	1	0
0.2545454545454545	0.6507936507936508	0.34491315136476425	0.2545454545454545	0.6507936507936508	0.34491315136476425	1	0	0	0	0	0	0	0	0	0	0	0	1	0
0.2545454545454545	0.6666666666666666	0.34615384615384615	0.2545454545454545	0.6666666666666666	0.34615384615384615	1	0	0	0	0	0	0	0	0	1	0	0	0	0
0.2545454545454545	0.7142857142857143	0.34987593052109184	0.2545454545454545	0.7142857142857143	0.34987593052109184	1	0	0	0	0	0	0	0	0	0	0	0	1	0
0.2545454545454545	0.7301587301587301	0.3511166253101737	0.2545454545454545	0.7301587301587301	0.3511166253101737	1	0	0	0	0	0	0	0	0	1	0	0	0	0
0.2545454545454545	0.7777777777777778	0.3548387096774194	0.2545454545454545	0.7777777777777778	0.3548387096774194	1	0	0	0	0	0	0	0	0	0	0	0	1	0
0.2545454545454545	0.7936507936507936	0.3560794044665012	0.2545454545454545	0.7936507936507936	0.3560794044665012	1	0	0	0	0	0	0	0	0	0	1	0	0	0
0.2545454545454545	0.8095238095238095	0.3573200992555831	0.2545454545454545	0.8095238095238095	0.3573200992555831	1	0	0	0	0	0	0	0	0	0	0	0	1	0
0.2545454545454545	0.8253968253968254	0.358560794044665	0.2545454545454545	0.8253968253968254	0.358560794044665	1	0	0	0	0	0	0	0	0	0	0	0	1	0
0.2545454545454545	0.8412698412698413	0.3598014888337469	0.2545454545454545	0.8412698412698413	0.3598014888337469	1	0	0	0	0	0	0	0	0	1	0	0	0	0
0.2545454545454545	0.9047619047619048	0.36476426799007444	0.2545454545454545	0.9047619047619048	0.36476426799007444	1	0	0	0	0	0	0	0	0	0	0	0	1	0
0.2545454545454545	0.9206349206349206	0.36600496277915634	0.2545454545454545	0.9206349206349206	0.36600496277915634	1	0	0	0	0	0	0	0	0	1	0	0	0	0
0.2545454545454545	0.9682539682539683	0.369727047146402	0.2545454545454545	0.9682539682539683	0.369727047146402	1	0	0	0	0	0	0	0	0	0	0	0	1	0
0.2545454545454545	0.9841269841269841	0.3709677419354839	0.2545454545454545	0.9841269841269841	0.3709677419354839	1	0	0	0	0	0	0	0	0	0	1	0	0	0
0.2545454545454545	1	0.37220843672456577	0.2545454545454545	1	0.37220843672456577	1	0	0	0	0	0	0	0	0	0	0	0	1	0
0.2727272727272727	0.015873015873015872	0.3746898263027295	0.2727272727272727	0.015873015873015872	0.3746898263027295	1	0	0	0	0	0	0	0	1	0	0	0	0	0
0.2727272727272727	0.1111111111111111	0.38213399503722084	0.2727272727272727	0.1111111111111111	0.38213399503722084	1	0	0	0	0	0	0	0	1	0	0	0	0	0
0.2727272727272727	0.2698412698412698	0.3945409429280397	0.2727272727272727	0.2698412698412698	0.3945409429280397	1	0	0	0	0	0	0	0	0	1	0	0	0	0
0.2727272727272727	0.31746031746031744	0.39826302729528534	0.2727272727272727	0.31746031746031744	0.39826302729528534	1	0	0	0	0	0	0	0	0	0	0	0	1	0
0.3090909090909091	0.015873015873015872	0.40198511166253104	0.3090909090909091	0.015873015873015872	0.40198511166253104	1	0	0	0	0	0	0	0	1	0	0	0	0	0
0.3090909090909091	0.1111111111111111	0.4094292803970223	0.3090909090909091	0.1111111111111111	0.4094292803970223	1	0	0	0	0	0	0	0	1	0	0	0	0	0
0.3090909090909091	0.1746031746031746	0.4143920595533499	0.3090909090909091	0.1746031746031746	0.4143920595533499	0	1	0	0	0	0	0	0	0	1	0	0	0	0
0.3090909090909091	0.19047619047619047	0.41563275434243174	0.3090909090909091	0.19047619047619047	0.41563275434243174	1	0	0	0	0	0	0	0	0	0	0	0	1	0
0.3090909090909091	0.20634920634920634	0.41687344913151364	0.3090909090909091	0.20634920634920634	0.41687344913151364	1	0	0	0	0	0	0	0	0	0	1	0	0	0
0.3090909090909091	0.25396825396825395	0.4205955334987593	0.3090909090909091	0.25396825396825395	0.4205955334987593	1	0	0	0	0	0	0	0	0	0	0	0	1	0
0.3090909090909091	0.2698412698412698	0.4218362282878412	0.3090909090909091	0.2698412698412698	0.4218362282878412	1	0	0	0	0	0	0	0	0	0	1	0	0	0
0.3090909090909091	0.30158730158730157	0.42431761786600497	0.3090909090909091	0.30158730158730157	0.42431761786600497	1	0	0	0	0	0	0	0	0	0	0	0	1	0
0.34545454545454546	0.015873015873015872	0.4280397022332506	0.34545454545454546	0.015873015873015872	0.4280397022332506	1	0	0	0	0	0	0	0	0	1	0	0	0	0
0.34545454545454546	0.06349206349206349	0.4317617866004963	0.34545454545454546	0.06349206349206349	0.4317617866004963	0	1	0	0	0	0	0	0	0	1	0	0	0	0
0.34545454545454546	0.07936507936507936	0.43300248138957814	0.34545454545454546	0.07936507936507936	0.43300248138957814	1	0	0	0	0	0	0	0	0	0	0	0	1	0
0.34545454545454546	0.09523809523809523	0.43424317617866004	0.34545454545454546	0.09523809523809523	0.43424317617866004	0	1	0	0	0	0	0	0	0	1	0	0	0	0
0.36363636363636365	0.015873015873015872	0.43796526054590573	0.36363636363636365	0.015873015873015872	0.43796526054590573	1	0	0	0	0	0	0	0	1	0	0	0	0	0
0.36363636363636365	0.07936507936507936	0.44292803970223327	0.36363636363636365	0.07936507936507936	0.44292803970223327	0	1	0	0	0	0	0	0	0	1	0	0	0	0
0.36363636363636365	0.12698412698412698	0.4466501240694789	0.36363636363636365	0.12698412698412698	0.4466501240694789	1	0	0	0	0	0	0	0	0	0	0	0	1	0
0.3090909090909091	0.1746031746031746	0.4143920595533499	0.36363636363636365	0.14285714285714285	0.4478908188585608	0	0	1	0	0	0	0	0	0	1	0	0	0	0
0.36363636363636365	0.15873015873015872	0.4491315136476427	0.36363636363636365	0.15873015873015872	0.4491315136476427	1	0	0	0	0	0	0	0	0	0	0	0	1	0
0.36363636363636365	0.1746031746031746	0.45037220843672454	0.36363636363636365	0.1746031746031746	0.45037220843672454	1	0	0	0	0	0	0	0	0	0	0	0	1	0
0.36363636363636365	0.19047619047619047	0.45161290322580644	0.36363636363636365	0.19047619047619047	0.45161290322580644	0	1	0	0	0	0	0	0	0	1	0	0	0	0
0.36363636363636365	0.25396825396825395	0.456575682382134	0.36363636363636365	0.25396825396825395	0.456575682382134	1	0	0	0	0	0	0	0	0	0	0	0	1	0
0.3090909090909091	0.1746031746031746	0.4143920595533499	0.36363636363636365	0.2698412698412698	0.45781637717121587	0	0	1	0	0	0	0	0	0	1	0	0	0	0
0.36363636363636365	0.2857142857142857	0.45905707196029777	0.36363636363636365	0.2857142857142857	0.45905707196029777	1	0	0	0	0	0	0	0	0	0	0	0	1	0
0.38181818181818183	0.015873015873015872	0.4627791563275434	0.38181818181818183	0.015873015873015872	0.4627791563275434	1	0	0	0	0	0	0	0	1	0	0	0	0	0
0.38181818181818183	0.07936507936507936	0.46774193548387094	0.38181818181818183	0.07936507936507936	0.46774193548387094	0	1	0	0	0	0	0	0	0	1	0	0	0	0
0.38181818181818183	0.12698412698412698	0.47146401985111663	0.38181818181818183	0.12698412698412698	0.47146401985111663	1	0	0	0	0	0	0	0	0	0	0	0	1	0
0.3090909090909091	0.1746031746031746	0.4143920595533499	0.38181818181818183	0.14285714285714285	0.47270471464019853	0	0	1	0	0	0	0	0	0	1	0	0	0	0
0.38181818181818183	0.15873015873015872	0.4739454094292804	0.38181818181818183	0.15873015873015872	0.4739454094292804	1	0	0	0	0	0	0	0	0	0	0	0	1	0
0.38181818181818183	0.1746031746031746	0.47518610421836227	0.38181818181818183	0.1746031746031746	0.47518610421836227	1	0	0	0	0	0	0	0	0	0	0	0	1	0
0.38181818181818183	0.19047619047619047	0.47642679900744417	0.38181818181818183	0.19047619047619047	0.47642679900744417	0	1	0	0	0	0	0	0	0	1	0	0	0	0
0.4	0.015873015873015872	0.4838709677419355	0.4	0.015873015873015872	0.4838709677419355	1	0	0	0	0	0	0	0	1	0	0	0	0	0
0.4	0.12698412698412698	0.49255583126550867	0.4	0.12698412698412698	0.49255583126550867	1	0	0	0	0	0	0	0	0	1	0	0	0	0
0.41818181818181815	0.015873015873015872	0.4987593052109181	0.41818181818181815	0.015873015873015872	0.4987593052109181	1	0	0	0	0	0	0	0	0	0	0	0	1	0
0.43636363636363634	0.07936507936507936	0.5062034739454094	0.43636363636363634	0.07936507936507936	0.5062034739454094	1	0	0	0	0	0	0	0	1	0	0	0	0	0
0.43636363636363634	0.14285714285714285	0.511166253101737	0.43636363636363634	0.14285714285714285	0.511166253101737	1	0	0	0	0	0	0	0	0	1	0	0	0	0
0.43636363636363634	0.15873015873015872	0.5124069478908189	0.43636363636363634	0.15873015873015872	0.5124069478908189	1	0	0	0	0	0	0	0	0	0	0	0	1	0
0.43636363636363634	0.1746031746031746	0.5136476426799007	0.43636363636363634	0.1746031746031746	0.5136476426799007	1	0	0	0	0	0	0	0	0	1	0	0	0	0
0.43636363636363634	0.19047619047619047	0.5148883374689827	0.43636363636363634	0.19047619047619047	0.5148883374689827	1	0	0	0	0	0	0	0	0	0	0	0	1	0
0.43636363636363634	0.20634920634920634	0.5161290322580645	0.43636363636363634	0.20634920634920634	0.5161290322580645	1	0	0	0	0	0	0	0	0	1	0	0	0	0
0.43636363636363634	0.25396825396825395	0.5198511166253101	0.43636363636363634	0.25396825396825395	0.5198511166253101	1	0	0	0	0	0	0	0	0	0	0	0	1	0
0.43636363636363634	0.2698412698412698	0.5210918114143921	0.43636363636363634	0.2698412698412698	0.5210918114143921	1	0	0	0	0	0	0	0	0	1	0	0	0	0
0.43636363636363634	0.2857142857142857	0.5223325062034739	0.43636363636363634	0.2857142857142857	0.5223325062034739	1	0	0	0	0	0	0	0	0	0	0	0	1	0
0.45454545454545453	0.015873015873015872	0.5248138957816377	0.45454545454545453	0.015873015873015872	0.5248138957816377	1	0	0	0	0	0	0	0	0	0	0	0	1	0
0.45454545454545453	0.031746031746031744	0.5260545905707196	0.45454545454545453	0.031746031746031744	0.5260545905707196	0	1	0	0	0	0	0	0	0	1	0	0	0	0
0.45454545454545453	0.047619047619047616	0.5272952853598015	0.45454545454545453	0.047619047619047616	0.5272952853598015	1	0	0	0	0	0	0	0	0	0	0	0	1	0
0.3090909090909091	0.1746031746031746	0.4143920595533499	0.45454545454545453	0.06349206349206349	0.5285359801488834	0	0	1	0	0	0	0	0	0	1	0	0	0	0
0.45454545454545453	0.07936507936507936	0.5297766749379652	0.45454545454545453	0.07936507936507936	0.5297766749379652	1	0	0	0	0	0	0	0	0	0	0	0	1	0
0.4909090909090909	0.015873015873015872	0.5347394540942928	0.4909090909090909	0.015873015873015872	0.5347394540942928	1	0	0	0	0	0	0	0	1	0	0	0	0	0
0.4909090909090909	0.09523809523809523	0.5409429280397022	0.4909090909090909	0.09523809523809523	0.5409429280397022	0	0	0	1	0	0	0	0	0	1	0	0	0	0
0.4909090909090909	0.2222222222222222	0.5508684863523573	0.4909090909090909	0.2222222222222222	0.5508684863523573	1	0	0	0	0	0	0	0	0	0	0	0	1	0
0.4909090909090909	0.23809523809523808	0.5521091811414393	0.4909090909090909	0.23809523809523808	0.5521091811414393	1	0	0	0	0	0	0	0	1	0	0	0	0	0
0.4909090909090909	0.30158730158730157	0.5570719602977667	0.4909090909090909	0.30158730158730157	0.5570719602977667	0	0	0	0	0	0	1	0	0	1	0	0	0	0
0.4909090909090909	0.31746031746031744	0.5583126550868487	0.4909090909090909	0.31746031746031744	0.5583126550868487	1	0	0	0	0	0	0	0	0	0	0	0	1	0
0.4909090909090909	0.3333333333333333	0.5595533498759305	0.4909090909090909	0.3333333333333333	0.5595533498759305	1	0	0	0	0	0	0	0	1	0	0	0	0	0
0.4909090909090909	0.3968253968253968	0.5645161290322581	0.4909090909090909	0.3968253968253968	0.5645161290322581	0	0	0	0	0	0	1	0	0	1	0	0	0	0
0.4909090909090909	0.4126984126984127	0.56575682382134	0.4909090909090909	0.4126984126984127	0.56575682382134	1	0	0	0	0	0	0	0	0	0	0	0	1	0
0.4909090909090909	0.42857142857142855	0.5669975186104218	0.4909090909090909	0.42857142857142855	0.5669975186104218	1	0	0	0	0	0	0	0	1	0	0	0	0	0
0.4909090909090909	0.49206349206349204	0.5719602977667494	0.4909090909090909	0.49206349206349204	0.5719602977667494	0	0	0	0	0	0	1	0	0	1	0	0	0	0
0.4909090909090909	0.5079365079365079	0.5732009925558312	0.4909090909090909	0.5079365079365079	0.5732009925558312	1	0	0	0	0	0	0	0	0	0	0	0	1	0
0.509090909090909	0.015873015873015872	0.575682382133995	0.509090909090909	0.015873015873015872	0.575682382133995	1	0	0	0	0	0	0	0	0	0	0	0	1	0
0.45454545454545453	0.031746031746031744	0.5260545905707196	0.5272727272727272	0.07936507936507936	0.5831265508684863	0	0	1	0	0	0	0	0	0	1	0	0	0	0
0.5272727272727272	0.09523809523809523	0.5843672456575683	0.5272727272727272	0.09523809523809523	0.5843672456575683	1	0	0	0	0	0	0	0	0	0	0	0	1	0
0.38181818181818183	0.19047619047619047	0.47642679900744417	0.5272727272727272	0.1111111111111111	0.5856079404466501	0	0	1	0	0	0	0	0	0	1	0	0	0	0
0.5272727272727272	0.1746031746031746	0.5905707196029777	0.5272727272727272	0.1746031746031746	0.5905707196029777	1	0	0	0	0	0	0	0	0	0	0	0	1	0
0.5272727272727272	0.19047619047619047	0.5918114143920595	0.5272727272727272	0.19047619047619047	0.5918114143920595	1	0	0	0	0	0	0	0	0	0	0	0	1	0
0.4909090909090909	0.30158730158730157	0.5570719602977667	0.5272727272727272	0.20634920634920634	0.5930521091811415	1	0	0	0	0	0	0	0	0	1	0	0	0	0
0.5272727272727272	0.2222222222222222	0.5942928039702233	0.5272727272727272	0.2222222222222222	0.5942928039702233	1	0	0	0	0	0	0	0	0	0	0	0	1	0
0.4909090909090909	0.30158730158730157	0.5570719602977667	0.5272727272727272	0.23809523809523808	0.5955334987593052	0	0	1	0	0	0	0	0	0	1	0	0	0	0
0.5272727272727272	0.25396825396825395	0.5967741935483871	0.5272727272727272	0.25396825396825395	0.5967741935483871	1	0	0	0	0	0	0	0	0	0	0	0	1	0
0.45454545454545453	0.031746031746031744	0.5260545905707196	0.5454545454545454	0.07936507936507936	0.6042183622828784	0	0	1	0	0	0	0	0	0	1	0	0	0	0
0.5454545454545454	0.09523809523809523	0.6054590570719603	0.5454545454545454	0.09523809523809523	0.6054590570719603	1	0	0	0	0	0	0	0	0	0	0	0	1	0
0.38181818181818183	0.19047619047619047	0.47642679900744417	0.5454545454545454	0.1111111111111111	0.6066997518610422	0	0	1	0	0	0	0	0	0	1	0	0	0	0
0.5454545454545454	0.1746031746031746	0.6116625310173698	0.5454545454545454	0.1746031746031746	0.6116625310173698	1	0	0	0	0	0	0	0	0	0	0	0	1	0
0.5454545454545454	0.19047619047619047	0.6129032258064516	0.5454545454545454	0.19047619047619047	0.6129032258064516	1	0	0	0	0	0	0	0	0	0	0	0	1	0
0.4909090909090909	0.3968253968253968	0.5645161290322581	0.5454545454545454	0.20634920634920634	0.6141439205955335	1	0	0	0	0	0	0	0	0	1	0	0	0	0
0.5454545454545454	0.2222222222222222	0.6153846153846154	0.5454545454545454	0.2222222222222222	0.6153846153846154	1	0	0	0	0	0	0	0	0	0	0	0	1	0
0.4909090909090909	0.3968253968253968	0.5645161290322581	0.5454545454545454	0.23809523809523808	0.6166253101736973	0	0	1	0	0	0	0	0	0	1	0	0	0	0
0.5454545454545454	0.25396825396825395	0.6178660049627791	0.5454545454545454	0.25396825396825395	0.6178660049627791	1	0	0	0	0	0	0	0	0	0	0	0	1	0
0.45454545454545453	0.031746031746031744	0.5260545905707196	0.5636363636363636	0.07936507936507936	0.6253101736972705	0	0	1	0	0	0	0	0	0	1	0	0	0	0
0.5636363636363636	0.09523809523809523	0.6265508684863523	0.5636363636363636	0.09523809523809523	0.6265508684863523	1	0	0	0	0	0	0	0	0	0	0	0	1	0
0.38181818181818183	0.19047619047619047	0.47642679900744417	0.5636363636363636	0.1111111111111111	0.6277915632754343	0	0	1	0	0	0	0	0	0	1	0	0	0	0
0.5636363636363636	0.1746031746031746	0.6327543424317618	0.5636363636363636	0.1746031746031746	0.6327543424317618	1	0	0	0	0	0	0	0	0	0	0	0	1	0
0.5636363636363636	0.19047619047619047	0.6339950372208437	0.5636363636363636	0.19047619047619047	0.6339950372208437	1	0	0	0	0	0	0	0	0	0	0	0	1	0
0.4909090909090909	0.49206349206349204	0.5719602977667494	0.5636363636363636	0.20634920634920634	0.6352357320099256	1	0	0	0	0	0	0	0	0	1	0	0	0	0
0.5636363636363636	0.2222222222222222	0.6364764267990074	0.5636363636363636	0.2222222222222222	0.6364764267990074	1	0	0	0	0	0	0	0	0	0	0	0	1	0
0.4909090909090909	0.49206349206349204	0.5719602977667494	0.5636363636363636	0.23809523809523808	0.6377171215880894	0	0	1	0	0	0	0	0	0	1	0	0	0	0
0.5636363636363636	0.25396825396825395	0.6389578163771712	0.5636363636363636	0.25396825396825395	0.6389578163771712	1	0	0	0	0	0	0	0	0	0	0	0	1	0
0.45454545454545453	0.031746031746031744	0.5260545905707196	0.5818181818181818	0.07936507936507936	0.6464019851116626	0	0	1	0	0	0	0	0	0	1	0	0	0	0
0.5818181818181818	0.09523809523809523	0.6476426799007444	0.5818181818181818	0.09523809523809523	0.6476426799007444	1	0	0	0	0	0	0	0	0	0	0	0	1	0
0.38181818181818183	0.19047619047619047	0.47642679900744417	0.5818181818181818	0.1111111111111111	0.6488833746898263	0	0	1	0	0	0	0	0	0	1	0	0	0	0
0.5818181818181818	0.1746031746031746	0.6538461538461539	0.5818181818181818	0.1746031746031746	0.6538461538461539	1	0	0	0	0	0	0	0	0	0	0	0	1	0
0.5818181818181818	0.19047619047619047	0.6550868486352357	0.5818181818181818	0.19047619047619047	0.6550868486352357	1	0	0	0	0	0	0	0	0	0	0	0	1	0
0.5818181818181818	0.20634920634920634	0.6563275434243176	0.5818181818181818	0.20634920634920634	0.6563275434243176	1	0	0	0	0	0	0	0	0	1	0	0	0	0
0.5818181818181818	0.25396825396825395	0.6600496277915633	0.5818181818181818	0.25396825396825395	0.6600496277915633	1	0	0	0	0	0	0	0	0	0	0	0	1	0
0.36363636363636365	0.19047619047619047	0.45161290322580644	0.5818181818181818	0.2698412698412698	0.6612903225806451	0	0	1	0	0	0	0	0	0	1	0	0	0	0
0.5818181818181818	0.3333333333333333	0.6662531017369727	0.5818181818181818	0.3333333333333333	0.6662531017369727	1	0	0	0	0	0	0	0	0	0	0	0	1	0
0.4909090909090909	0.30158730158730157	0.5570719602977667	0.5818181818181818	0.3492063492063492	0.6674937965260546	0	0	1	0	0	0	0	0	0	1	0	0	0	0
0.5818181818181818	0.36507936507936506	0.6687344913151365	0.5818181818181818	0.36507936507936506	0.6687344913151365	1	0	0	0	0	0	0	0	0	0	0	0	1	0
0.5818181818181818	0.38095238095238093	0.6699751861042184	0.5818181818181818	0.38095238095238093	0.6699751861042184	1	0	0	0	0	0	0	0	0	0	0	0	1	0
0.36363636363636365	0.19047619047619047	0.45161290322580644	0.6	0.07936507936507936	0.6774193548387096	0	0	1	0	0	0	0	0	0	1	0	0	0	0
0.6	0.14285714285714285	0.6823821339950372	0.6	0.14285714285714285	0.6823821339950372	1	0	0	0	0	0	0	0	0	0	0	0	1	0
0.4909090909090909	0.30158730158730157	0.5570719602977667	0.6	0.15873015873015872	0.6836228287841191	0	0	1	0	0	0	0	0	0	1	0	0	0	0
0.6	0.1746031746031746	0.684863523573201	0.6	0.1746031746031746	0.684863523573201	1	0	0	0	0	0	0	0	0	0	0	0	1	0
0.6	0.19047619047619047	0.6861042183622829	0.6	0.19047619047619047	0.6861042183622829	1	0	0	0	0	0	0	0	0	0	0	0	1	0
0.38181818181818183	0.19047619047619047	0.47642679900744417	0.6	0.20634920634920634	0.6873449131513648	0	0	1	0	0	0	0	0	0	1	0	0	0	0
0.6	0.2698412698412698	0.6923076923076923	0.6	0.2698412698412698	0.6923076923076923	1	0	0	0	0	0	0	0	0	0	0	0	1	0
0.6	0.30158730158730157	0.6947890818858561	0.6	0.30158730158730157	0.6947890818858561	1	0	0	0	0	0	0	0	0	0	0	0	1	0
0.6181818181818182	0.015873015873015872	0.6972704714640199	0.6181818181818182	0.015873015873015872	0.6972704714640199	1	0	0	0	0	0	0	0	0	0	0	0	1	0
0.6545454545454545	0.015873015873015872	0.7009925558312655	0.6545454545454545	0.015873015873015872	0.7009925558312655	1	0	0	0	0	0	0	0	0	1	0	0	0	0
0.6545454545454545	0.12698412698412698	0.7096774193548387	0.6545454545454545	0.12698412698412698	0.7096774193548387	0	1	0	0	0	0	0	0	0	1	0	0	0	0
0.6909090909090909	0.015873015873015872	0.7146401985111662	0.6909090909090909	0.015873015873015872	0.7146401985111662	1	0	0	0	0	0	0	0	1	0	0	0	0	0
0.6909090909090909	0.07936507936507936	0.7196029776674938	0.6909090909090909	0.07936507936507936	0.7196029776674938	0	0	0	1	0	0	0	0	0	1	0	0	0	0
0.6909090909090909	0.14285714285714285	0.7245657568238213	0.6909090909090909	0.14285714285714285	0.7245657568238213	1	0	0	0	0	0	0	0	0	0	0	0	1	0
0.6909090909090909	0.15873015873015872	0.7258064516129032	0.6909090909090909	0.15873015873015872	0.7258064516129032	1	0	0	0	0	0	0	0	0	0	0	0	1	0
0.7090909090909091	0.015873015873015872	0.728287841191067	0.7090909090909091	0.015873015873015872	0.728287841191067	1	0	0	0	0	0	0	0	0	0	0	0	1	0
0.7272727272727273	0.07936507936507936	0.7357320099255583	0.7272727272727273	0.07936507936507936	0.7357320099255583	0	0	1	0	0	0	0	0	0	1	0	0	0	0
0.7272727272727273	0.12698412698412698	0.739454094292804	0.7272727272727273	0.12698412698412698	0.739454094292804	1	0	0	0	0	0	0	0	0	0	0	0	1	0
0.6545454545454545	0.12698412698412698	0.7096774193548387	0.7272727272727273	0.15873015873015872	0.7419354838709677	0	0	1	0	0	0	0	0	0	1	0	0	0	0
0.7272727272727273	0.1746031746031746	0.7431761786600496	0.7272727272727273	0.1746031746031746	0.7431761786600496	1	0	0	0	0	0	0	0	0	0	0	0	1	0
0.7454545454545455	0.07936507936507936	0.750620347394541	0.7454545454545455	0.07936507936507936	0.750620347394541	1	0	0	0	0	0	0	0	1	0	0	0	0	0
0.7454545454545455	0.14285714285714285	0.7555831265508685	0.7454545454545455	0.14285714285714285	0.7555831265508685	0	1	0	0	0	0	0	0	0	1	0	0	0	0
0.7454545454545455	0.15873015873015872	0.7568238213399504	0.7454545454545455	0.15873015873015872	0.7568238213399504	1	0	0	0	0	0	0	0	0	0	0	0	1	0
0.6545454545454545	0.12698412698412698	0.7096774193548387	0.7454545454545455	0.1746031746031746	0.7580645161290323	0	0	1	0	0	0	0	0	0	1	0	0	0	0
0.7454545454545455	0.19047619047619047	0.7593052109181141	0.7454545454545455	0.19047619047619047	0.7593052109181141	1	0	0	0	0	0	0	0	0	0	0	0	1	0
0.7454545454545455	0.20634920634920634	0.760545905707196	0.7454545454545455	0.20634920634920634	0.760545905707196	1	0	0	0	0	0	0	0	0	1	0	0	0	0
0.7454545454545455	0.2698412698412698	0.7655086848635235	0.7454545454545455	0.2698412698412698	0.7655086848635235	1	0	0	0	0	0	0	0	0	0	0	0	1	0
0.7454545454545455	0.2857142857142857	0.7667493796526055	0.7454545454545455	0.2857142857142857	0.7667493796526055	1	0	0	0	0	0	0	0	0	0	0	0	1	0
0.7454545454545455	0.30158730158730157	0.7679900744416873	0.7454545454545455	0.30158730158730157	0.7679900744416873	1	0	0	0	0	0	0	0	0	0	0	0	1	0
0.7636363636363637	0.07936507936507936	0.7754342431761787	0.7636363636363637	0.07936507936507936	0.7754342431761787	1	0	0	0	0	0	0	0	1	0	0	0	0	0
0.7636363636363637	0.14285714285714285	0.7803970223325062	0.7636363636363637	0.14285714285714285	0.7803970223325062	0	1	0	0	0	0	0	0	0	1	0	0	0	0
0.7636363636363637	0.15873015873015872	0.7816377171215881	0.7636363636363637	0.15873015873015872	0.7816377171215881	1	0	0	0	0	0	0	0	0	0	0	0	1	0
0.7636363636363637	0.1746031746031746	0.78287841191067	0.7636363636363637	0.1746031746031746	0.78287841191067	1	0	0	0	0	0	0	0	0	0	1	0	0	0
0.7636363636363637	0.19047619047619047	0.7841191066997518	0.7636363636363637	0.19047619047619047	0.7841191066997518	1	0	0	0	0	0	0	0	0	0	0	0	1	0
0.7818181818181819	0.07936507936507936	0.7915632754342432	0.7818181818181819	0.07936507936507936	0.7915632754342432	1	0	0	0	0	0	0	0	1	0	0	0	0	0
0.7818181818181819	0.12698412698412698	0.7952853598014888	0.7818181818181819	0.12698412698412698	0.7952853598014888	1	0	0	0	0	0	0	0	0	0	0	0	1	0
0.7818181818181819	0.14285714285714285	0.7965260545905707	0.7818181818181819	0.14285714285714285	0.7965260545905707	1	0	0	0	0	0	0	0	1	0	0	0	0	0
0.7818181818181819	0.20634920634920634	0.8014888337468983	0.7818181818181819	0.20634920634920634	0.8014888337468983	0	1	0	0	0	0	0	0	0	1	0	0	0	0
0.7818181818181819	0.2222222222222222	0.8027295285359801	0.7818181818181819	0.2222222222222222	0.8027295285359801	1	0	0	0	0	0	0	0	0	0	0	0	1	0
0.7818181818181819	0.23809523809523808	0.8039702233250621	0.7818181818181819	0.23809523809523808	0.8039702233250621	1	0	0	0	0	0	0	0	0	0	1	0	0	0
0.7818181818181819	0.25396825396825395	0.8052109181141439	0.7818181818181819	0.25396825396825395	0.8052109181141439	1	0	0	0	0	0	0	0	0	0	0	0	1	0
0.7818181818181819	0.20634920634920634	0.8014888337468983	0.7818181818181819	0.2698412698412698	0.8064516129032258	0	0	1	0	0	0	0	0	0	1	0	0	0	0
0.7818181818181819	0.2857142857142857	0.8076923076923077	0.7818181818181819	0.2857142857142857	0.8076923076923077	1	0	0	0	0	0	0	0	0	0	0	0	1	0
0.7454545454545455	0.14285714285714285	0.7555831265508685	0.7818181818181819	0.30158730158730157	0.8089330024813896	0	0	1	0	0	0	0	0	0	1	0	0	0	0
0.7818181818181819	0.31746031746031744	0.8101736972704715	0.7818181818181819	0.31746031746031744	0.8101736972704715	1	0	0	0	0	0	0	0	0	0	0	0	1	0
0.7818181818181819	0.20634920634920634	0.8014888337468983	0.7818181818181819	0.3333333333333333	0.8114143920595533	0	0	1	0	0	0	0	0	0	1	0	0	0	0
0.7818181818181819	0.3492063492063492	0.8126550868486352	0.7818181818181819	0.3492063492063492	0.8126550868486352	1	0	0	0	0	0	0	0	0	0	0	0	1	0
0.7818181818181819	0.38095238095238093	0.815136476426799	0.7818181818181819	0.38095238095238093	0.815136476426799	1	0	0	0	0	0	0	0	0	0	0	0	1	0
0.8	0.07936507936507936	0.8225806451612904	0.8	0.07936507936507936	0.8225806451612904	1	0	0	0	0	0	0	0	0	0	0	0	1	0
0.8181818181818182	0.14285714285714285	0.8349875930521092	0.8181818181818182	0.14285714285714285	0.8349875930521092	1	0	0	0	0	0	0	0	1	0	0	0	0	0
0.8181818181818182	0.1746031746031746	0.8374689826302729	0.8181818181818182	0.1746031746031746	0.8374689826302729	1	0	0	0	0	0	0	0	0	0	0	0	1	0
0.6545454545454545	0.12698412698412698	0.7096774193548387	0.8181818181818182	0.19047619047619047	0.8387096774193549	0	0	1	0	0	0	0	0	0	1	0	0	0	0
0.8181818181818182	0.20634920634920634	0.8399503722084367	0.8181818181818182	0.20634920634920634	0.8399503722084367	1	0	0	0	0	0	0	0	0	0	0	0	1	0
0.7818181818181819	0.20634920634920634	0.8014888337468983	0.8181818181818182	0.2222222222222222	0.8411910669975186	0	0	1	0	0	0	0	0	0	1	0	0	0	0
0.8181818181818182	0.23809523809523808	0.8424317617866005	0.8181818181818182	0.23809523809523808	0.8424317617866005	1	0	0	0	0	0	0	0	0	0	0	0	1	0
0.8181818181818182	0.25396825396825395	0.8436724565756824	0.8181818181818182	0.25396825396825395	0.8436724565756824	1	0	0	0	0	0	0	0	0	0	0	0	1	0
0.8181818181818182	0.2857142857142857	0.8461538461538461	0.8181818181818182	0.2857142857142857	0.8461538461538461	1	0	0	0	0	0	0	0	0	0	1	0	0	0
0.8181818181818182	0.3333333333333333	0.8498759305210918	0.8181818181818182	0.3333333333333333	0.8498759305210918	1	0	0	0	0	0	0	0	0	0	0	0	1	0
0.8181818181818182	0.36507936507936506	0.8523573200992556	0.8181818181818182	0.36507936507936506	0.8523573200992556	1	0	0	0	0	0	0	0	0	0	0	0	1	0
0.7636363636363637	0.14285714285714285	0.7803970223325062	0.8181818181818182	0.3968253968253968	0.8548387096774194	0	0	1	0	0	0	0	0	0	1	0	0	0	0
0.8181818181818182	0.4126984126984127	0.8560794044665012	0.8181818181818182	0.4126984126984127	0.8560794044665012	1	0	0	0	0	0	0	0	0	0	0	0	1	0
0.8181818181818182	0.42857142857142855	0.8573200992555832	0.8181818181818182	0.42857142857142855	0.8573200992555832	1	0	0	0	0	0	0	0	0	0	1	0	0	0
0.8181818181818182	0.4444444444444444	0.858560794044665	0.8181818181818182	0.4444444444444444	0.858560794044665	1	0	0	0	0	0	0	0	0	0	0	0	1	0
0.8181818181818182	0.47619047619047616	0.8610421836228288	0.8181818181818182	0.47619047619047616	0.8610421836228288	1	0	0	0	0	0	0	0	1	0	0	0	0	0
0.8181818181818182	0.5555555555555556	0.8672456575682382	0.8181818181818182	0.5555555555555556	0.8672456575682382	1	0	0	0	0	0	0	0	0	0	0	0	1	0
0.8181818181818182	0.5714285714285714	0.8684863523573201	0.8181818181818182	0.5714285714285714	0.8684863523573201	1	0	0	0	0	0	0	0	0	0	0	0	1	0
0.8363636363636363	0.07936507936507936	0.8759305210918115	0.8363636363636363	0.07936507936507936	0.8759305210918115	1	0	0	0	0	0	0	0	0	0	0	0	1	0
0.8909090909090909	0.07936507936507936	0.8858560794044665	0.8909090909090909	0.07936507936507936	0.8858560794044665	1	0	0	0	0	0	0	0	1	0	0	0	0	0
0.8909090909090909	0.1111111111111111	0.8883374689826302	0.8909090909090909	0.1111111111111111	0.8883374689826302	1	0	0	0	0	0	0	0	0	0	0	0	1	0
0.7454545454545455	0.14285714285714285	0.7555831265508685	0.8909090909090909	0.12698412698412698	0.8895781637717122	0	0	1	0	0	0	0	0	0	1	0	0	0	0
0.8909090909090909	0.14285714285714285	0.890818858560794	0.8909090909090909	0.14285714285714285	0.890818858560794	1	0	0	0	0	0	0	0	0	0	0	0	1	0
0.8909090909090909	0.15873015873015872	0.892059553349876	0.8909090909090909	0.15873015873015872	0.892059553349876	1	0	0	0	0	0	0	0	0	0	1	0	0	0
0.8909090909090909	0.1746031746031746	0.8933002481389578	0.8909090909090909	0.1746031746031746	0.8933002481389578	1	0	0	0	0	0	0	0	0	0	0	0	1	0
0.8909090909090909	0.20634920634920634	0.8957816377171216	0.8909090909090909	0.20634920634920634	0.8957816377171216	1	0	0	0	0	0	0	0	0	0	0	0	1	0
0.7454545454545455	0.14285714285714285	0.7555831265508685	0.8909090909090909	0.2222222222222222	0.8970223325062034	0	0	1	0	0	0	0	0	0	1	0	0	0	0
0.8909090909090909	0.23809523809523808	0.8982630272952854	0.8909090909090909	0.23809523809523808	0.8982630272952854	1	0	0	0	0	0	0	0	0	0	0	0	1	0
0.7454545454545455	0.14285714285714285	0.7555831265508685	0.8909090909090909	0.25396825396825395	0.8995037220843672	0	0	1	0	0	0	0	0	0	1	0	0	0	0
0.8909090909090909	0.2698412698412698	0.9007444168734491	0.8909090909090909	0.2698412698412698	0.9007444168734491	1	0	0	0	0	0	0	0	0	0	0	0	1	0
0.8909090909090909	0.2857142857142857	0.901985111662531	0.8909090909090909	0.2857142857142857	0.901985111662531	1	0	0	0	0	0	0	0	0	0	1	0	0	0
0.8909090909090909	0.30158730158730157	0.9032258064516129	0.8909090909090909	0.30158730158730157	0.9032258064516129	1	0	0	0	0	0	0	0	0	0	0	0	1	0
0.8909090909090909	0.31746031746031744	0.9044665012406948	0.8909090909090909	0.31746031746031744	0.9044665012406948	1	0	0	0	0	0	0	0	0	0	1	0	0	0
0.8909090909090909	0.3333333333333333	0.9057071960297767	0.8909090909090909	0.3333333333333333	0.9057071960297767	1	0	0	0	0	0	0	0	0	0	0	0	1	0
0.8909090909090909	0.3492063492063492	0.9069478908188585	0.8909090909090909	0.3492063492063492	0.9069478908188585	1	0	0	0	0	0	0	0	1	0	0	0	0	0
0.8909090909090909	0.38095238095238093	0.9094292803970223	0.8909090909090909	0.38095238095238093	0.9094292803970223	1	0	0	0	0	0	0	0	0	0	0	0	1	0
0.7636363636363637	0.14285714285714285	0.7803970223325062	0.8909090909090909	0.3968253968253968	0.9106699751861043	0	0	1	0	0	0	0	0	0	1	0	0	0	0
0.8909090909090909	0.4126984126984127	0.9119106699751861	0.8909090909090909	0.4126984126984127	0.9119106699751861	1	0	0	0	0	0	0	0	0	0	0	0	1	0
0.8909090909090909	0.4444444444444444	0.9143920595533499	0.8909090909090909	0.4444444444444444	0.9143920595533499	1	0	0	0	0	0	0	0	0	0	1	0	0	0
0.8909090909090909	0.4603174603174603	0.9156327543424317	0.8909090909090909	0.4603174603174603	0.9156327543424317	1	0	0	0	0	0	0	0	0	0	0	0	1	0
0.7454545454545455	0.14285714285714285	0.7555831265508685	0.8909090909090909	0.49206349206349204	0.9181141439205955	0	0	1	0	0	0	0	0	0	1	0	0	0	0
0.8909090909090909	0.5079365079365079	0.9193548387096774	0.8909090909090909	0.5079365079365079	0.9193548387096774	1	0	0	0	0	0	0	0	0	0	0	0	1	0
0.8909090909090909	0.5396825396825397	0.9218362282878412	0.8909090909090909	0.5396825396825397	0.9218362282878412	1	0	0	0	0	0	0	0	0	0	0	0	1	0
0.8909090909090909	0.5873015873015873	0.9255583126550868	0.8909090909090909	0.5873015873015873	0.9255583126550868	1	0	0	0	0	0	0	0	0	0	0	0	1	0
0.9090909090909091	0.07936507936507936	0.9330024813895782	0.9090909090909091	0.07936507936507936	0.9330024813895782	1	0	0	0	0	0	0	0	1	0	0	0	0	0
0.7454545454545455	0.14285714285714285	0.7555831265508685	0.9272727272727272	0.14285714285714285	0.9491315136476427	0	0	1	0	0	0	0	0	0	1	0	0	0	0
0.9272727272727272	0.15873015873015872	0.9503722084367245	0.9272727272727272	0.15873015873015872	0.9503722084367245	1	0	0	0	0	0	0	0	0	0	0	0	1	0
0.7454545454545455	0.14285714285714285	0.7555831265508685	0.9272727272727272	0.1746031746031746	0.9516129032258065	0	0	1	0	0	0	0	0	0	1	0	0	0	0
0.9272727272727272	0.19047619047619047	0.9528535980148883	0.9272727272727272	0.19047619047619047	0.9528535980148883	1	0	0	0	0	0	0	0	0	0	0	0	1	0
0.9272727272727272	0.20634920634920634	0.9540942928039702	0.9272727272727272	0.20634920634920634	0.9540942928039702	1	0	0	0	0	0	0	0	0	0	1	0	0	0
0.9272727272727272	0.2222222222222222	0.9553349875930521	0.9272727272727272	0.2222222222222222	0.9553349875930521	1	0	0	0	0	0	0	0	0	0	0	0	1	0
0.9454545454545454	0.07936507936507936	0.9627791563275434	0.9454545454545454	0.07936507936507936	0.9627791563275434	0	0	1	0	0	0	0	0	0	1	0	0	0	0
0.9454545454545454	0.14285714285714285	0.967741935483871	0.9454545454545454	0.14285714285714285	0.967741935483871	1	0	0	0	0	0	0	0	0	0	0	0	1	0
0.7454545454545455	0.14285714285714285	0.7555831265508685	0.9454545454545454	0.1746031746031746	0.9702233250620348	0	0	1	0	0	0	0	0	0	1	0	0	0	0
0.9454545454545454	0.19047619047619047	0.9714640198511166	0.9454545454545454	0.19047619047619047	0.9714640198511166	1	0	0	0	0	0	0	0	0	0	0	0	1	0
0.9454545454545454	0.2222222222222222	0.9739454094292804	0.9454545454545454	0.2222222222222222	0.9739454094292804	0	0	1	0	0	0	0	0	0	1	0	0	0	0
0.9454545454545454	0.2857142857142857	0.9789081885856079	0.9454545454545454	0.2857142857142857	0.9789081885856079	1	0	0	0	0	0	0	0	0	0	0	0	1	0
0.9818181818181818	0.07936507936507936	0.9875930521091811	0.9818181818181818	0.07936507936507936	0.9875930521091811	1	0	0	0	0	0	0	0	1	0	0	0	0	0
0.9818181818181818	0.19047619047619047	0.9962779156327544	0.9818181818181818	0.19047619047619047	0.9962779156327544	1	0	0	0	0	0	0	0	0	0	1	0	0	0
0.9818181818181818	0.20634920634920634	0.9975186104218362	0.9818181818181818	0.20634920634920634	0.9975186104218362	1	0	0	0	0	0	0	0	0	0	0	0	1	0
1	0.015873015873015872	1	1	0.015873015873015872	1	1	0	0	0	0	0	0	0	0	0	0	0	1	0