0.26666666666666666	0.02702702702702703	0.454503886602652	0.26666666666666666	0.02702702702702703	0.454503886602652	1	0	0	0	0	0	0	0	1	0	0	0	0	0
0.26666666666666666	0.1891891891891892	0.45724737082761774	0.26666666666666666	0.1891891891891892	0.45724737082761774	1	0	0	0	0	0	0	0	1	0	0	0	0	0
0.26666666666666666	0.4594594594594595	0.4618198445358939	0.26666666666666666	0.4594594594594595	0.4618198445358939	1	0	0	0	0	0	0	0	0	1	0	0	0	0
0.3	0.02702702702702703	0.4741655235482396	0.3	0.02702702702702703	0.4741655235482396	1	0	0	0	0	0	0	0	1	0	0	0	0	0
0.3	0.13513513513513514	0.47599451303155005	0.3	0.13513513513513514	0.47599451303155005	0	1	0	0	0	0	0	0	0	1	0	0	0	0
0.31666666666666665	0.02702702702702703	0.47828074988568814	0.31666666666666665	0.02702702702702703	0.47828074988568814	1	0	0	0	0	0	0	0	1	0	0	0	0	0
0.31666666666666665	0.16216216216216217	0.48056698673982623	0.31666666666666665	0.16216216216216217	0.48056698673982623	0	1	0	0	0	0	0	0	0	1	0	0	0	0
0.31666666666666665	0.1891891891891892	0.48102423411065387	0.31666666666666665	0.1891891891891892	0.48102423411065387	1	0	0	0	0	0	0	0	0	0	0	0	1	0
0.31666666666666665	0.21621621621621623	0.48148148148148145	0.31666666666666665	0.21621621621621623	0.48148148148148145	0	0	0	0	1	0	0	0	0	0	1	0	0	0
0.31666666666666665	0.2972972972972973	0.4828532235939643	0.31666666666666665	0.2972972972972973	0.4828532235939643	1	0	0	0	0	0	0	0	0	0	0	0	1	0
0.31666666666666665	0.32432432432432434	0.48331047096479196	0.31666666666666665	0.32432432432432434	0.48331047096479196	1	0	0	0	0	0	0	0	0	0	0	0	1	0
0.31666666666666665	0.35135135135135137	0.48376771833561955	0.31666666666666665	0.35135135135135137	0.48376771833561955	0	0	0	0	1	0	0	0	0	0	1	0	0	0
0.31666666666666665	0.43243243243243246	0.4851394604481024	0.31666666666666665	0.43243243243243246	0.4851394604481024	1	0	0	0	0	0	0	0	0	0	0	0	1	0
0.3333333333333333	0.02702702702702703	0.4874256973022405	0.3333333333333333	0.02702702702702703	0.4874256973022405	1	0	0	0	0	0	0	0	1	0	0	0	0	0
0.3333333333333333	0.13513513513513514	0.489254686785551	0.3333333333333333	0.13513513513513514	0.489254686785551	0	1	0	0	0	0	0	0	0	1	0	0	0	0
0.3333333333333333	0.24324324324324326	0.49108367626886146	0.3333333333333333	0.24324324324324326	0.49108367626886146	1	0	0	0	0	0	0	0	0	0	0	0	1	0
0.3333333333333333	0.2702702702702703	0.4915409236396891	0.3333333333333333	0.2702702702702703	0.4915409236396891	0	0	0	0	1	0	0	0	0	0	1	0	0	0
0.3333333333333333	0.35135135135135137	0.4929126657521719	0.3333333333333333	0.35135135135135137	0.4929126657521719	1	0	0	0	0	0	0	0	0	0	0	0	1	0
0.3333333333333333	0.3783783783783784	0.49336991312299955	0.3333333333333333	0.3783783783783784	0.49336991312299955	1	0	0	0	0	0	0	0	0	0	0	0	1	0
0.3333333333333333	0.40540540540540543	0.49382716049382713	0.3333333333333333	0.40540540540540543	0.49382716049382713	0	0	0	0	1	0	0	0	0	0	1	0	0	0
0.3333333333333333	0.4864864864864865	0.49519890260631	0.3333333333333333	0.4864864864864865	0.49519890260631	1	0	0	0	0	0	0	0	0	0	0	0	1	0
0.35	0.02702702702702703	0.4974851394604481	0.35	0.02702702702702703	0.4974851394604481	1	0	0	0	0	0	0	0	1	0	0	0	0	0
0.35	0.13513513513513514	0.4993141289437586	0.35	0.13513513513513514	0.4993141289437586	0	1	0	0	0	0	0	0	0	1	0	0	0	0
0.35	0.21621621621621623	0.5006858710562414	0.35	0.21621621621621623	0.5006858710562414	1	0	0	0	0	0	0	0	0	0	0	0	1	0
0.35	0.24324324324324326	0.501143118427069	0.35	0.24324324324324326	0.501143118427069	0	0	0	0	1	0	0	0	0	0	1	0	0	0
0.35	0.32432432432432434	0.5025148605395519	0.35	0.32432432432432434	0.5025148605395519	1	0	0	0	0	0	0	0	0	0	0	0	1	0
0.36666666666666664	0.02702702702702703	0.50480109739369	0.36666666666666664	0.02702702702702703	0.50480109739369	1	0	0	0	0	0	0	0	1	0	0	0	0	0
0.36666666666666664	0.16216216216216217	0.507087334247828	0.36666666666666664	0.16216216216216217	0.507087334247828	0	0	0	1	0	0	0	0	0	1	0	0	0	0
0.36666666666666664	0.24324324324324326	0.508459076360311	0.36666666666666664	0.24324324324324326	0.508459076360311	1	0	0	0	0	0	0	0	0	0	0	0	1	0
0.36666666666666664	0.2702702702702703	0.5089163237311386	0.36666666666666664	0.2702702702702703	0.5089163237311386	1	0	0	0	0	0	0	0	1	0	0	0	0	0
0.36666666666666664	0.3783783783783784	0.510745313214449	0.36666666666666664	0.3783783783783784	0.510745313214449	0	0	0	0	0	0	1	0	0	1	0	0	0	0
0.36666666666666664	0.4594594594594595	0.5121170553269319	0.36666666666666664	0.4594594594594595	0.5121170553269319	1	0	0	0	0	0	0	0	0	0	0	0	1	0
0.375	0.02702702702702703	0.5130315500685871	0.375	0.02702702702702703	0.5130315500685871	1	0	0	0	0	0	0	0	0	0	0	0	1	0
0.38333333333333336	0.05405405405405406	0.51440329218107	0.38333333333333336	0.05405405405405406	0.51440329218107	0	0	1	0	0	0	0	0	0	1	0	0	0	0
0.38333333333333336	0.21621621621621623	0.5171467764060357	0.38333333333333336	0.21621621621621623	0.5171467764060357	1	0	0	0	0	0	0	0	0	0	0	0	1	0
0.35	0.13513513513513514	0.4993141289437586	0.38333333333333336	0.24324324324324326	0.5176040237768633	0	0	1	0	0	0	0	0	0	1	0	0	0	0
0.38333333333333336	0.32432432432432434	0.5189757658893461	0.38333333333333336	0.32432432432432434	0.5189757658893461	1	0	0	0	0	0	0	0	0	0	0	0	1	0
0.38333333333333336	0.35135135135135137	0.5194330132601738	0.38333333333333336	0.35135135135135137	0.5194330132601738	0	0	0	0	1	0	0	0	0	0	1	0	0	0
0.38333333333333336	0.3783783783783784	0.5198902606310014	0.38333333333333336	0.3783783783783784	0.5198902606310014	1	0	0	0	0	0	0	0	0	0	0	0	1	0
0.38333333333333336	0.40540540540540543	0.5203475080018289	0.38333333333333336	0.40540540540540543	0.5203475080018289	1	0	0	0	0	0	0	0	1	0	0	0	0	0
0.38333333333333336	0.5675675675675675	0.5230909922267947	0.38333333333333336	0.5675675675675675	0.5230909922267947	1	0	0	0	0	0	0	0	0	0	0	0	1	0
0.35	0.13513513513513514	0.4993141289437586	0.38333333333333336	0.5945945945945946	0.5235482395976223	0	0	1	0	0	0	0	0	0	1	0	0	0	0
0.38333333333333336	0.6756756756756757	0.5249199817101051	0.38333333333333336	0.6756756756756757	0.5249199817101051	1	0	0	0	0	0	0	0	0	0	0	0	1	0
0.38333333333333336	0.7027027027027027	0.5253772290809328	0.38333333333333336	0.7027027027027027	0.5253772290809328	1	0	0	0	0	0	0	0	0	0	0	0	1	0
0.38333333333333336	0.7297297297297297	0.5258344764517604	0.38333333333333336	0.7297297297297297	0.5258344764517604	1	0	0	0	0	0	0	0	0	0	0	0	1	0
0.3333333333333333	0.13513513513513514	0.489254686785551	0.39166666666666666	0.05405405405405406	0.5272062185642432	0	0	1	0	0	0	0	0	0	1	0	0	0	0
0.39166666666666666	0.16216216216216217	0.5290352080475538	0.39166666666666666	0.16216216216216217	0.5290352080475538	1	0	0	0	0	0	0	0	0	0	0	0	1	0
0.36666666666666664	0.3783783783783784	0.510745313214449	0.39166666666666666	0.1891891891891892	0.5294924554183813	0	0	1	0	0	0	0	0	0	1	0	0	0	0
0.39166666666666666	0.2702702702702703	0.5308641975308642	0.39166666666666666	0.2702702702702703	0.5308641975308642	1	0	0	0	0	0	0	0	0	0	0	0	1	0
0.39166666666666666	0.2972972972972973	0.5313214449016919	0.39166666666666666	0.2972972972972973	0.5313214449016919	1	0	0	0	0	0	0	0	0	0	0	0	1	0
0.36666666666666664	0.3783783783783784	0.510745313214449	0.39166666666666666	0.32432432432432434	0.5317786922725194	0	0	1	0	0	0	0	0	0	1	0	0	0	0
0.39166666666666666	0.40540540540540543	0.5331504343850023	0.39166666666666666	0.40540540540540543	0.5331504343850023	1	0	0	0	0	0	0	0	0	0	0	0	1	0
0.39166666666666666	0.43243243243243246	0.53360768175583	0.39166666666666666	0.43243243243243246	0.53360768175583	1	0	0	0	0	0	0	0	0	0	0	0	1	0
0.39166666666666666	0.4594594594594595	0.5340649291266575	0.39166666666666666	0.4594594594594595	0.5340649291266575	0	0	0	0	1	0	0	0	0	0	1	0	0	0
0.39166666666666666	0.4864864864864865	0.5345221764974851	0.39166666666666666	0.4864864864864865	0.5345221764974851	1	0	0	0	0	0	0	0	0	0	0	0	1	0
0.35	0.13513513513513514	0.4993141289437586	0.4	0.05405405405405406	0.535893918609968	0	0	1	0	0	0	0	0	0	1	0	0	0	0
0.4	0.13513513513513514	0.5372656607224509	0.4	0.13513513513513514	0.5372656607224509	1	0	0	0	0	0	0	0	0	0	0	0	1	0
0.36666666666666664	0.3783783783783784	0.510745313214449	0.4	0.16216216216216217	0.5377229080932785	0	0	1	0	0	0	0	0	0	1	0	0	0	0
0.4	0.24324324324324326	0.5390946502057613	0.4	0.24324324324324326	0.5390946502057613	1	0	0	0	0	0	0	0	0	0	0	0	1	0
0.4	0.2702702702702703	0.539551897576589	0.4	0.2702702702702703	0.539551897576589	1	0	0	0	0	0	0	0	0	0	0	0	1	0
0.4	0.2972972972972973	0.5400091449474166	0.4	0.2972972972972973	0.5400091449474166	0	0	0	0	1	0	0	0	0	0	1	0	0	0
0.4	0.32432432432432434	0.5404663923182441	0.4	0.32432432432432434	0.5404663923182441	1	0	0	0	0	0	0	0	0	0	0	0	1	0
0.4083333333333333	0.05405405405405406	0.541838134430727	0.4083333333333333	0.05405405405405406	0.541838134430727	1	0	0	0	0	0	0	0	0	1	0	0	0	0
0.4083333333333333	0.1891891891891892	0.5441243712848651	0.4083333333333333	0.1891891891891892	0.5441243712848651	1	0	0	0	0	0	0	0	0	0	0	0	1	0
0.4083333333333333	0.21621621621621623	0.5445816186556928	0.4083333333333333	0.21621621621621623	0.5445816186556928	1	0	0	0	0	0	0	0	1	0	0	0	0	0
0.4083333333333333	0.2972972972972973	0.5459533607681756	0.4083333333333333	0.2972972972972973	0.5459533607681756	1	0	0	0	0	0	0	0	0	0	0	0	1	0
0.4083333333333333	0.35135135135135137	0.5468678555098309	0.4083333333333333	0.35135135135135137	0.5468678555098309	1	0	0	0	0	0	0	0	0	1	0	0	0	0
0.4083333333333333	0.3783783783783784	0.5473251028806584	0.4083333333333333	0.3783783783783784	0.5473251028806584	1	0	0	0	0	0	0	0	0	0	0	0	1	0
0.4166666666666667	0.05405405405405406	0.5486968449931413	0.4166666666666667	0.05405405405405406	0.5486968449931413	0	0	1	0	0	0	0	0	0	1	0	0	0	0
0.4166666666666667	0.08108108108108109	0.549154092363969	0.4166666666666667	0.08108108108108109	0.549154092363969	1	0	0	0	0	0	0	0	0	0	0	0	1	0
0.4166666666666667	0.10810810810810811	0.5496113397347965	0.4166666666666667	0.10810810810810811	0.5496113397347965	1	0	0	0	0	0	0	0	0	1	0	0	0	0
0.4166666666666667	0.21621621621621623	0.551440329218107	0.4166666666666667	0.21621621621621623	0.551440329218107	1	0	0	0	0	0	0	0	0	0	0	0	1	0
0.36666666666666664	0.3783783783783784	0.510745313214449	0.4166666666666667	0.24324324324324326	0.5518975765889346	0	0	1	0	0	0	0	0	0	1	0	0	0	0
0.4166666666666667	0.32432432432432434	0.5532693187014175	0.4166666666666667	0.32432432432432434	0.5532693187014175	1	0	0	0	0	0	0	0	0	0	0	0	1	0
0.4166666666666667	0.35135135135135137	0.5537265660722451	0.4166666666666667	0.35135135135135137	0.5537265660722451	1	0	0	0	0	0	0	0	0	0	0	0	1	0
0.425	0.05405405405405406	0.5550983081847279	0.425	0.05405405405405406	0.5550983081847279	1	0	0	0	0	0	0	0	1	0	0	0	0	0
0.425	0.1891891891891892	0.557384545038866	0.425	0.1891891891891892	0.557384545038866	1	0	0	0	0	0	0	0	0	0	0	0	1	0
0.425	0.21621621621621623	0.5578417924096937	0.425	0.21621621621621623	0.5578417924096937	1	0	0	0	0	0	0	0	0	0	0	0	1	0
0.425	0.24324324324324326	0.5582990397805213	0.425	0.24324324324324326	0.5582990397805213	0	0	1	0	0	0	0	0	0	1	0	0	0	0
0.425	0.2702702702702703	0.5587562871513488	0.425	0.2702702702702703	0.5587562871513488	1	0	0	0	0	0	0	0	0	0	0	0	1	0
0.425	0.2972972972972973	0.5592135345221765	0.425	0.2972972972972973	0.5592135345221765	1	0	0	0	0	0	0	0	0	1	0	0	0	0
0.425	0.43243243243243246	0.5614997713763146	0.425	0.43243243243243246	0.5614997713763146	1	0	0	0	0	0	0	0	0	0	0	0	1	0
0.425	0.4594594594594595	0.5619570187471422	0.425	0.4594594594594595	0.5619570187471422	1	0	0	0	0	0	0	0	0	0	0	0	1	0
0.425	0.4864864864864865	0.5624142661179699	0.425	0.4864864864864865	0.5624142661179699	1	0	0	0	0	0	0	0	0	0	0	0	1	0
0.43333333333333335	0.05405405405405406	0.5637860082304527	0.43333333333333335	0.05405405405405406	0.5637860082304527	1	0	0	0	0	0	0	0	0	0	0	0	1	0
0.44166666666666665	0.08108108108108109	0.5656149977137631	0.44166666666666665	0.08108108108108109	0.5656149977137631	1	0	0	0	0	0	0	0	1	0	0	0	0	0
0.44166666666666665	0.1891891891891892	0.5674439871970736	0.44166666666666665	0.1891891891891892	0.5674439871970736	0	1	0	0	0	0	0	0	0	1	0	0	0	0
0.44166666666666665	0.2702702702702703	0.5688157293095565	0.44166666666666665	0.2702702702702703	0.5688157293095565	1	0	0	0	0	0	0	0	0	0	0	0	1	0
0.44166666666666665	0.2972972972972973	0.5692729766803841	0.44166666666666665	0.2972972972972973	0.5692729766803841	0	0	1	0	0	0	0	0	0	1	0	0	0	0
0.44166666666666665	0.32432432432432434	0.5697302240512117	0.44166666666666665	0.32432432432432434	0.5697302240512117	1	0	0	0	0	0	0	0	0	0	0	0	1	0
0.44166666666666665	0.35135135135135137	0.5701874714220393	0.44166666666666665	0.35135135135135137	0.5701874714220393	1	0	0	0	0	0	0	0	0	1	0	0	0	0
0.44166666666666665	0.4864864864864865	0.5724737082761774	0.44166666666666665	0.4864864864864865	0.5724737082761774	1	0	0	0	0	0	0	0	0	0	0	0	1	0
0.44166666666666665	0.5135135135135135	0.572930955647005	0.44166666666666665	0.5135135135135135	0.572930955647005	1	0	0	0	0	0	0	0	0	0	0	0	1	0
0.44166666666666665	0.5405405405405406	0.5733882030178327	0.44166666666666665	0.5405405405405406	0.5733882030178327	1	0	0	0	0	0	0	0	0	0	0	0	1	0
0.45	0.08108108108108109	0.5752171925011431	0.45	0.08108108108108109	0.5752171925011431	0	0	1	0	0	0	0	0	0	1	0	0	0	0
0.45	0.10810810810810811	0.5756744398719708	0.45	0.10810810810810811	0.5756744398719708	1	0	0	0	0	0	0	0	0	0	0	0	1	0
0.45	0.13513513513513514	0.5761316872427984	0.45	0.13513513513513514	0.5761316872427984	1	0	0	0	0	0	0	0	0	1	0	0	0	0
0.45	0.21621621621621623	0.5775034293552812	0.45	0.21621621621621623	0.5775034293552812	1	0	0	0	0	0	0	0	0	0	0	0	1	0
0.45	0.24324324324324326	0.5779606767261088	0.45	0.24324324324324326	0.5779606767261088	1	0	0	0	0	0	0	0	0	0	0	0	1	0
0.45	0.2702702702702703	0.5784179240969365	0.45	0.2702702702702703	0.5784179240969365	1	0	0	0	0	0	0	0	0	0	0	0	1	0
0.4583333333333333	0.08108108108108109	0.5802469135802469	0.4583333333333333	0.08108108108108109	0.5802469135802469	1	0	0	0	0	0	0	0	1	0	0	0	0	0
0.4583333333333333	0.16216216216216217	0.5816186556927297	0.4583333333333333	0.16216216216216217	0.5816186556927297	1	0	0	0	0	0	0	0	0	0	0	0	1	0
0.4583333333333333	0.1891891891891892	0.5820759030635574	0.4583333333333333	0.1891891891891892	0.5820759030635574	1	0	0	0	0	0	0	0	1	0	0	0	0	0
0.4583333333333333	0.2972972972972973	0.5839048925468678	0.4583333333333333	0.2972972972972973	0.5839048925468678	0	1	0	0	0	0	0	0	0	1	0	0	0	0
0.4583333333333333	0.32432432432432434	0.5843621399176955	0.4583333333333333	0.32432432432432434	0.5843621399176955	1	0	0	0	0	0	0	0	0	0	0	0	1	0
0.4583333333333333	0.35135135135135137	0.5848193872885231	0.4583333333333333	0.35135135135135137	0.5848193872885231	0	0	0	0	1	0	0	0	0	0	1	0	0	0
0.4583333333333333	0.3783783783783784	0.5852766346593508	0.4583333333333333	0.3783783783783784	0.5852766346593508	1	0	0	0	0	0	0	0	0	0	0	0	1	0
0.4583333333333333	0.2972972972972973	0.5839048925468678	0.4583333333333333	0.40540540540540543	0.5857338820301783	0	0	1	0	0	0	0	0	0	1	0	0	0	0
0.4583333333333333	0.43243243243243246	0.5861911294010059	0.4583333333333333	0.43243243243243246	0.5861911294010059	1	0	0	0	0	0	0	0	0	0	0	0	1	0
0.3	0.13513513513513514	0.47599451303155005	0.4583333333333333	0.4864864864864865	0.5871056241426612	0	0	1	0	0	0	0	0	0	1	0	0	0	0
0.4583333333333333	0.5135135135135135	0.5875628715134888	0.4583333333333333	0.5135135135135135	0.5875628715134888	1	0	0	0	0	0	0	0	0	0	0	0	1	0
0.4583333333333333	0.2972972972972973	0.5839048925468678	0.4583333333333333	0.5405405405405406	0.5880201188843164	0	0	1	0	0	0	0	0	0	1	0	0	0	0
0.4583333333333333	0.5675675675675675	0.588477366255144	0.4583333333333333	0.5675675675675675	0.588477366255144	1	0	0	0	0	0	0	0	0	0	0	0	1	0
0.4583333333333333	0.6216216216216216	0.5893918609967993	0.4583333333333333	0.6216216216216216	0.5893918609967993	1	0	0	0	0	0	0	0	0	0	0	0	1	0
0.4666666666666667	0.08108108108108109	0.5912208504801097	0.4666666666666667	0.08108108108108109	0.5912208504801097	1	0	0	0	0	0	0	0	0	0	0	0	1	0
0.475	0.10810810810810811	0.5935070873342478	0.475	0.10810810810810811	0.5935070873342478	1	0	0	0	0	0	0	0	1	0	0	0	0	0
0.475	0.16216216216216217	0.594421582075903	0.475	0.16216216216216217	0.594421582075903	1	0	0	0	0	0	0	0	0	0	0	0	1	0
0.31666666666666665	0.16216216216216217	0.48056698673982623	0.475	0.1891891891891892	0.5948788294467307	0	0	1	0	0	0	0	0	0	1	0	0	0	0
0.475	0.21621621621621623	0.5953360768175583	0.475	0.21621621621621623	0.5953360768175583	1	0	0	0	0	0	0	0	0	0	0	0	1	0
0.44166666666666665	0.1891891891891892	0.5674439871970736	0.475	0.24324324324324326	0.5957933241883859	0	0	1	0	0	0	0	0	0	1	0	0	0	0
0.475	0.32432432432432434	0.5971650663008687	0.475	0.32432432432432434	0.5971650663008687	1	0	0	0	0	0	0	0	0	0	0	0	1	0
0.475	0.35135135135135137	0.5976223136716964	0.475	0.35135135135135137	0.5976223136716964	1	0	0	0	0	0	0	0	0	0	0	0	1	0
0.4583333333333333	0.2972972972972973	0.5839048925468678	0.475	0.3783783783783784	0.598079561042524	0	0	1	0	0	0	0	0	0	1	0	0	0	0
0.475	0.40540540540540543	0.5985368084133517	0.475	0.40540540540540543	0.5985368084133517	1	0	0	0	0	0	0	0	0	0	0	0	1	0
0.475	0.43243243243243246	0.5989940557841792	0.475	0.43243243243243246	0.5989940557841792	1	0	0	0	0	0	0	0	0	0	0	0	1	0
0.475	0.4864864864864865	0.5999085505258345	0.475	0.4864864864864865	0.5999085505258345	0	0	0	0	0	1	0	0	0	0	1	0	0	0
0.475	0.5675675675675675	0.6012802926383173	0.475	0.5675675675675675	0.6012802926383173	1	0	0	0	0	0	0	0	0	0	0	0	1	0
0.475	0.6216216216216216	0.6021947873799726	0.475	0.6216216216216216	0.6021947873799726	1	0	0	0	0	0	0	0	0	0	0	0	1	0
0.35	0.13513513513513514	0.4993141289437586	0.475	0.6486486486486487	0.6026520347508002	0	0	1	0	0	0	0	0	0	1	0	0	0	0
0.475	0.7297297297297297	0.604023776863283	0.475	0.7297297297297297	0.604023776863283	1	0	0	0	0	0	0	0	0	0	0	0	1	0
0.4583333333333333	0.2972972972972973	0.5839048925468678	0.475	0.7567567567567568	0.6044810242341107	0	0	1	0	0	0	0	0	0	1	0	0	0	0
0.475	0.7837837837837838	0.6049382716049383	0.475	0.7837837837837838	0.6049382716049383	1	0	0	0	0	0	0	0	0	0	0	0	1	0
0.475	0.8108108108108109	0.6053955189757659	0.475	0.8108108108108109	0.6053955189757659	1	0	0	0	0	0	0	0	0	0	0	0	1	0
0.48333333333333334	0.10810810810810811	0.607681755829904	0.48333333333333334	0.10810810810810811	0.607681755829904	1	0	0	0	0	0	0	0	0	0	0	0	1	0
0.35	0.13513513513513514	0.4993141289437586	0.49166666666666664	0.13513513513513514	0.6104252400548696	0	0	1	0	0	0	0	0	0	1	0	0	0	0
0.49166666666666664	0.21621621621621623	0.6117969821673526	0.49166666666666664	0.21621621621621623	0.6117969821673526	1	0	0	0	0	0	0	0	0	0	0	0	1	0
0.4583333333333333	0.2972972972972973	0.5839048925468678	0.49166666666666664	0.24324324324324326	0.6122542295381802	0	0	1	0	0	0	0	0	0	1	0	0	0	0
0.49166666666666664	0.2702702702702703	0.6127114769090077	0.49166666666666664	0.2702702702702703	0.6127114769090077	1	0	0	0	0	0	0	0	0	0	0	0	1	0
0.49166666666666664	0.2972972972972973	0.6131687242798354	0.49166666666666664	0.2972972972972973	0.6131687242798354	1	0	0	0	0	0	0	0	0	0	0	0	1	0
0.49166666666666664	0.32432432432432434	0.613625971650663	0.49166666666666664	0.32432432432432434	0.613625971650663	0	0	0	0	1	0	0	0	0	0	1	0	0	0
0.49166666666666664	0.35135135135135137	0.6140832190214907	0.49166666666666664	0.35135135135135137	0.6140832190214907	1	0	0	0	0	0	0	0	0	0	0	0	1	0
0.5	0.13513513513513514	0.6168267032464564	0.5	0.13513513513513514	0.6168267032464564	0	0	1	0	0	0	0	0	0	1	0	0	0	0
0.5	0.16216216216216217	0.6172839506172839	0.5	0.16216216216216217	0.6172839506172839	1	0	0	0	0	0	0	0	0	0	0	0	1	0
0.5	0.1891891891891892	0.6177411979881116	0.5	0.1891891891891892	0.6177411979881116	1	0	0	0	0	0	0	0	0	1	0	0	0	0
0.5	0.2972972972972973	0.619570187471422	0.5	0.2972972972972973	0.619570187471422	1	0	0	0	0	0	0	0	0	0	0	0	1	0
0.4583333333333333	0.2972972972972973	0.5839048925468678	0.5	0.32432432432432434	0.6200274348422496	0	0	1	0	0	0	0	0	0	1	0	0	0	0
0.5	0.35135135135135137	0.6204846822130773	0.5	0.35135135135135137	0.6204846822130773	1	0	0	0	0	0	0	0	0	0	0	0	1	0
0.5	0.3783783783783784	0.6209419295839049	0.5	0.3783783783783784	0.6209419295839049	1	0	0	0	0	0	0	0	0	0	0	0	1	0
0.3333333333333333	0.13513513513513514	0.489254686785551	0.5083333333333333	0.13513513513513514	0.6236854138088705	0	0	1	0	0	0	0	0	0	1	0	0	0	0
0.5083333333333333	0.24324324324324326	0.6255144032921811	0.5083333333333333	0.24324324324324326	0.6255144032921811	1	0	0	0	0	0	0	0	0	0	0	0	1	0
0.36666666666666664	0.3783783783783784	0.510745313214449	0.5083333333333333	0.2702702702702703	0.6259716506630086	0	0	1	0	0	0	0	0	0	1	0	0	0	0
0.5083333333333333	0.35135135135135137	0.6273433927754916	0.5083333333333333	0.35135135135135137	0.6273433927754916	1	0	0	0	0	0	0	0	0	0	0	0	1	0
0.5083333333333333	0.3783783783783784	0.6278006401463192	0.5083333333333333	0.3783783783783784	0.6278006401463192	1	0	0	0	0	0	0	0	0	0	0	0	1	0
0.4583333333333333	0.2972972972972973	0.5839048925468678	0.5083333333333333	0.40540540540540543	0.6282578875171467	0	0	1	0	0	0	0	0	0	1	0	0	0	0
0.5083333333333333	0.43243243243243246	0.6287151348879744	0.5083333333333333	0.43243243243243246	0.6287151348879744	1	0	0	0	0	0	0	0	0	0	0	0	1	0
0.5083333333333333	0.4594594594594595	0.629172382258802	0.5083333333333333	0.4594594594594595	0.629172382258802	1	0	0	0	0	0	0	0	0	0	0	0	1	0
0.3333333333333333	0.13513513513513514	0.489254686785551	0.5083333333333333	0.4864864864864865	0.6296296296296297	0	0	1	0	0	0	0	0	0	1	0	0	0	0
0.5083333333333333	0.5945945945945946	0.6314586191129401	0.5083333333333333	0.5945945945945946	0.6314586191129401	1	0	0	0	0	0	0	0	0	0	0	0	1	0
0.36666666666666664	0.3783783783783784	0.510745313214449	0.5083333333333333	0.6216216216216216	0.6319158664837677	0	0	1	0	0	0	0	0	0	1	0	0	0	0
0.5083333333333333	0.7027027027027027	0.6332876085962506	0.5083333333333333	0.7027027027027027	0.6332876085962506	1	0	0	0	0	0	0	0	0	0	0	0	1	0
0.5083333333333333	0.7297297297297297	0.6337448559670782	0.5083333333333333	0.7297297297297297	0.6337448559670782	1	0	0	0	0	0	0	0	0	0	0	0	1	0
0.44166666666666665	0.1891891891891892	0.5674439871970736	0.5083333333333333	0.7567567567567568	0.6342021033379058	0	0	1	0	0	0	0	0	0	1	0	0	0	0
0.5083333333333333	0.8378378378378378	0.6355738454503886	0.5083333333333333	0.8378378378378378	0.6355738454503886	1	0	0	0	0	0	0	0	0	0	0	0	1	0
0.5083333333333333	0.8648648648648649	0.6360310928212163	0.5083333333333333	0.8648648648648649	0.6360310928212163	1	0	0	0	0	0	0	0	0	0	0	0	1	0
0.5083333333333333	0.8918918918918919	0.6364883401920439	0.5083333333333333	0.8918918918918919	0.6364883401920439	0	0	0	0	1	0	0	0	0	0	1	0	0	0
0.5083333333333333	0.918918918918919	0.6369455875628716	0.5083333333333333	0.918918918918919	0.6369455875628716	1	0	0	0	0	0	0	0	0	0	0	0	1	0
0.5166666666666667	0.10810810810810811	0.6392318244170097	0.5166666666666667	0.10810810810810811	0.6392318244170097	1	0	0	0	0	0	0	0	0	0	0	0	1	0
0.525	0.08108108108108109	0.6410608139003201	0.525	0.08108108108108109	0.6410608139003201	1	0	0	0	0	0	0	0	0	0	0	0	1	0
0.5333333333333333	0.05405405405405406	0.6424325560128029	0.5333333333333333	0.05405405405405406	0.6424325560128029	1	0	0	0	0	0	0	0	0	0	0	0	1	0
0.5416666666666666	0.02702702702702703	0.6433470507544582	0.5416666666666666	0.02702702702702703	0.6433470507544582	1	0	0	0	0	0	0	0	0	0	0	0	1	0
0.5583333333333333	0.02702702702702703	0.6451760402377686	0.5583333333333333	0.02702702702702703	0.6451760402377686	1	0	0	0	0	0	0	0	1	0	0	0	0	0
0.5583333333333333	0.13513513513513514	0.6470050297210791	0.5583333333333333	0.13513513513513514	0.6470050297210791	0	0	0	1	0	0	0	0	0	1	0	0	0	0
0.5583333333333333	0.24324324324324326	0.6488340192043895	0.5583333333333333	0.24324324324324326	0.6488340192043895	1	0	0	0	0	0	0	0	0	0	0	0	1	0
0.5583333333333333	0.2702702702702703	0.6492912665752172	0.5583333333333333	0.2702702702702703	0.6492912665752172	1	0	0	0	0	0	0	0	0	0	0	0	1	0
0.5666666666666667	0.02702702702702703	0.6502057613168725	0.5666666666666667	0.02702702702702703	0.6502057613168725	1	0	0	0	0	0	0	0	0	0	0	0	1	0
0.575	0.05405405405405406	0.6515775034293553	0.575	0.05405405405405406	0.6515775034293553	1	0	0	0	0	0	0	0	0	1	0	0	0	0
0.575	0.2702702702702703	0.6552354823959762	0.575	0.2702702702702703	0.6552354823959762	1	0	0	0	0	0	0	0	0	0	0	0	1	0
0.575	0.32432432432432434	0.6561499771376315	0.575	0.32432432432432434	0.6561499771376315	0	0	1	0	0	0	0	0	0	1	0	0	0	0
0.575	0.7297297297297297	0.6630086877000457	0.575	0.7297297297297297	0.6630086877000457	1	0	0	0	0	0	0	0	0	0	0	0	1	0
0.575	0.7567567567567568	0.6634659350708734	0.575	0.7567567567567568	0.6634659350708734	1	0	0	0	0	0	0	0	1	0	0	0	0	0
0.575	0.8918918918918919	0.6657521719250115	0.575	0.8918918918918919	0.6657521719250115	1	0	0	0	0	0	0	0	0	0	0	0	1	0
0.575	0.918918918918919	0.6662094192958391	0.575	0.918918918918919	0.6662094192958391	1	0	0	0	0	0	0	0	0	0	0	0	1	0
0.5833333333333334	0.05405405405405406	0.6675811614083219	0.5833333333333334	0.05405405405405406	0.6675811614083219	0	0	1	0	0	0	0	0	0	1	0	0	0	0
0.5833333333333334	0.13513513513513514	0.6689529035208047	0.5833333333333334	0.13513513513513514	0.6689529035208047	1	0	0	0	0	0	0	0	0	0	0	0	1	0
0.5833333333333334	0.16216216216216217	0.6694101508916324	0.5833333333333334	0.16216216216216217	0.6694101508916324	1	0	0	0	0	0	0	0	0	1	0	0	0	0
0.5833333333333334	0.24324324324324326	0.6707818930041153	0.5833333333333334	0.24324324324324326	0.6707818930041153	1	0	0	0	0	0	0	0	0	0	0	0	1	0
0.5833333333333334	0.2702702702702703	0.6712391403749428	0.5833333333333334	0.2702702702702703	0.6712391403749428	0	0	0	0	1	0	0	0	0	0	1	0	0	0
0.5833333333333334	0.2972972972972973	0.6716963877457705	0.5833333333333334	0.2972972972972973	0.6716963877457705	1	0	0	0	0	0	0	0	0	0	0	0	1	0
0.5833333333333334	0.32432432432432434	0.6721536351165981	0.5833333333333334	0.32432432432432434	0.6721536351165981	1	0	0	0	0	0	0	0	0	0	0	0	1	0
0.5916666666666667	0.05405405405405406	0.6735253772290809	0.5916666666666667	0.05405405405405406	0.6735253772290809	0	0	1	0	0	0	0	0	0	1	0	0	0	0
0.5916666666666667	0.16216216216216217	0.6753543667123914	0.5916666666666667	0.16216216216216217	0.6753543667123914	1	0	0	0	0	0	0	0	0	0	0	0	1	0
0.5916666666666667	0.1891891891891892	0.675811614083219	0.5916666666666667	0.1891891891891892	0.675811614083219	1	0	0	0	0	0	0	0	0	1	0	0	0	0
0.5916666666666667	0.2702702702702703	0.6771833561957019	0.5916666666666667	0.2702702702702703	0.6771833561957019	1	0	0	0	0	0	0	0	0	0	0	0	1	0
0.5916666666666667	0.2972972972972973	0.6776406035665294	0.5916666666666667	0.2972972972972973	0.6776406035665294	0	0	0	0	1	0	0	0	0	0	1	0	0	0
0.5916666666666667	0.32432432432432434	0.6780978509373571	0.5916666666666667	0.32432432432432434	0.6780978509373571	1	0	0	0	0	0	0	0	0	0	0	0	1	0
0.5916666666666667	0.35135135135135137	0.6785550983081847	0.5916666666666667	0.35135135135135137	0.6785550983081847	1	0	0	0	0	0	0	0	0	0	0	0	1	0
0.6	0.05405405405405406	0.6799268404206675	0.6	0.05405405405405406	0.6799268404206675	1	0	0	0	0	0	0	0	1	0	0	0	0	0
0.6	0.16216216216216217	0.6817558299039781	0.6	0.16216216216216217	0.6817558299039781	0	1	0	0	0	0	0	0	0	1	0	0	0	0
0.6	0.2972972972972973	0.6840420667581162	0.6	0.2972972972972973	0.6840420667581162	1	0	0	0	0	0	0	0	0	0	0	0	1	0
0.6	0.32432432432432434	0.6844993141289437	0.6	0.32432432432432434	0.6844993141289437	0	0	0	0	1	0	0	0	0	0	1	0	0	0
0.6	0.35135135135135137	0.6849565614997714	0.6	0.35135135135135137	0.6849565614997714	1	0	0	0	0	0	0	0	0	0	0	0	1	0
0.6166666666666667	0.05405405405405406	0.6931870141746685	0.6166666666666667	0.05405405405405406	0.6931870141746685	1	0	0	0	0	0	0	0	1	0	0	0	0	0
0.6166666666666667	0.1891891891891892	0.6954732510288066	0.6166666666666667	0.1891891891891892	0.6954732510288066	1	0	0	0	0	0	0	0	0	0	0	0	1	0
0.6	0.16216216216216217	0.6817558299039781	0.6166666666666667	0.21621621621621623	0.6959304983996342	0	0	1	0	0	0	0	0	0	1	0	0	0	0
0.6166666666666667	0.35135135135135137	0.6982167352537723	0.6166666666666667	0.35135135135135137	0.6982167352537723	1	0	0	0	0	0	0	0	0	0	0	0	1	0
0.6166666666666667	0.40540540540540543	0.6991312299954275	0.6166666666666667	0.40540540540540543	0.6991312299954275	1	0	0	0	0	0	0	0	0	0	0	0	1	0
0.625	0.05405405405405406	0.7005029721079103	0.625	0.05405405405405406	0.7005029721079103	1	0	0	0	0	0	0	0	0	0	0	0	1	0
0.6333333333333333	0.08108108108108109	0.7023319615912208	0.6333333333333333	0.08108108108108109	0.7023319615912208	0	0	1	0	0	0	0	0	0	1	0	0	0	0
0.6333333333333333	0.16216216216216217	0.7037037037037037	0.6333333333333333	0.16216216216216217	0.7037037037037037	0	0	1	0	0	0	0	0	0	0	0	0	1	0
0.3	0.13513513513513514	0.47599451303155005	0.6333333333333333	0.21621621621621623	0.7046181984453589	0	0	1	0	0	0	0	0	0	1	0	0	0	0
0.6333333333333333	0.24324324324324326	0.7050754458161865	0.6333333333333333	0.24324324324324326	0.7050754458161865	1	0	0	0	0	0	0	0	0	0	0	0	1	0
0.6416666666666667	0.08108108108108109	0.706904435299497	0.6416666666666667	0.08108108108108109	0.706904435299497	1	0	0	0	0	0	0	0	1	0	0	0	0	0
0.6416666666666667	0.16216216216216217	0.7082761774119799	0.6416666666666667	0.16216216216216217	0.7082761774119799	1	0	0	0	0	0	0	0	0	0	0	0	1	0
0.6416666666666667	0.1891891891891892	0.7087334247828075	0.6416666666666667	0.1891891891891892	0.7087334247828075	1	0	0	0	0	0	0	0	1	0	0	0	0	0
0.6416666666666667	0.2972972972972973	0.710562414266118	0.6416666666666667	0.2972972972972973	0.710562414266118	0	1	0	0	0	0	0	0	0	1	0	0	0	0
0.6416666666666667	0.32432432432432434	0.7110196616369456	0.6416666666666667	0.32432432432432434	0.7110196616369456	1	0	0	0	0	0	0	0	0	0	0	0	1	0
0.6416666666666667	0.35135135135135137	0.7114769090077732	0.6416666666666667	0.35135135135135137	0.7114769090077732	0	0	0	0	1	0	0	0	0	0	1	0	0	0
0.6416666666666667	0.3783783783783784	0.7119341563786008	0.6416666666666667	0.3783783783783784	0.7119341563786008	1	0	0	0	0	0	0	0	0	0	0	0	1	0
0.6416666666666667	0.2972972972972973	0.710562414266118	0.6416666666666667	0.40540540540540543	0.7123914037494284	0	0	1	0	0	0	0	0	0	1	0	0	0	0
0.6416666666666667	0.43243243243243246	0.7128486511202561	0.6416666666666667	0.43243243243243246	0.7128486511202561	1	0	0	0	0	0	0	0	0	0	0	0	1	0
0.3	0.13513513513513514	0.47599451303155005	0.6416666666666667	0.4864864864864865	0.7137631458619113	0	0	1	0	0	0	0	0	0	1	0	0	0	0
0.6416666666666667	0.5135135135135135	0.7142203932327389	0.6416666666666667	0.5135135135135135	0.7142203932327389	1	0	0	0	0	0	0	0	0	0	0	0	1	0
0.6416666666666667	0.2972972972972973	0.710562414266118	0.6416666666666667	0.5405405405405406	0.7146776406035665	0	0	1	0	0	0	0	0	0	1	0	0	0	0
0.6416666666666667	0.5675675675675675	0.7151348879743942	0.6416666666666667	0.5675675675675675	0.7151348879743942	1	0	0	0	0	0	0	0	0	0	0	0	1	0
0.6416666666666667	0.6216216216216216	0.7160493827160493	0.6416666666666667	0.6216216216216216	0.7160493827160493	1	0	0	0	0	0	0	0	0	0	0	0	1	0
0.65	0.08108108108108109	0.7178783721993599	0.65	0.08108108108108109	0.7178783721993599	1	0	0	0	0	0	0	0	0	0	0	0	1	0
0.6583333333333333	0.10810810810810811	0.720164609053498	0.6583333333333333	0.10810810810810811	0.720164609053498	1	0	0	0	0	0	0	0	1	0	0	0	0	0
0.6583333333333333	0.1891891891891892	0.7215363511659808	0.6583333333333333	0.1891891891891892	0.7215363511659808	1	0	0	0	0	0	0	0	0	0	0	0	1	0
0.6583333333333333	0.21621621621621623	0.7219935985368084	0.6583333333333333	0.21621621621621623	0.7219935985368084	1	0	0	0	0	0	0	0	1	0	0	0	0	0
0.6583333333333333	0.32432432432432434	0.7238225880201189	0.6583333333333333	0.32432432432432434	0.7238225880201189	0	1	0	0	0	0	0	0	0	1	0	0	0	0
0.6583333333333333	0.35135135135135137	0.7242798353909465	0.6583333333333333	0.35135135135135137	0.7242798353909465	1	0	0	0	0	0	0	0	0	0	0	0	1	0
0.6583333333333333	0.3783783783783784	0.7247370827617741	0.6583333333333333	0.3783783783783784	0.7247370827617741	0	0	0	0	1	0	0	0	0	0	1	0	0	0
0.6583333333333333	0.40540540540540543	0.7251943301326017	0.6583333333333333	0.40540540540540543	0.7251943301326017	1	0	0	0	0	0	0	0	0	0	0	0	1	0
0.6583333333333333	0.32432432432432434	0.7238225880201189	0.6583333333333333	0.43243243243243246	0.7256515775034293	0	0	1	0	0	0	0	0	0	1	0	0	0	0
0.6583333333333333	0.4594594594594595	0.726108824874257	0.6583333333333333	0.4594594594594595	0.726108824874257	1	0	0	0	0	0	0	0	0	0	0	0	1	0
0.3	0.13513513513513514	0.47599451303155005	0.6583333333333333	0.5135135135135135	0.7270233196159122	0	0	1	0	0	0	0	0	0	1	0	0	0	0
0.6583333333333333	0.5405405405405406	0.7274805669867398	0.6583333333333333	0.5405405405405406	0.7274805669867398	1	0	0	0	0	0	0	0	0	0	0	0	1	0
0.6583333333333333	0.32432432432432434	0.7238225880201189	0.6583333333333333	0.5675675675675675	0.7279378143575674	0	0	1	0	0	0	0	0	0	1	0	0	0	0
0.6583333333333333	0.5945945945945946	0.7283950617283951	0.6583333333333333	0.5945945945945946	0.7283950617283951	1	0	0	0	0	0	0	0	0	0	0	0	1	0
0.6583333333333333	0.6486486486486487	0.7293095564700502	0.6583333333333333	0.6486486486486487	0.7293095564700502	1	0	0	0	0	0	0	0	0	0	0	0	1	0
0.6666666666666666	0.10810810810810811	0.7315957933241883	0.6666666666666666	0.10810810810810811	0.7315957933241883	1	0	0	0	0	0	0	0	0	0	0	0	1	0
0.675	0.13513513513513514	0.7343392775491541	0.675	0.13513513513513514	0.7343392775491541	0	0	1	0	0	0	0	0	0	1	0	0	0	0
0.675	0.21621621621621623	0.735711019661637	0.675	0.21621621621621623	0.735711019661637	0	0	1	0	0	0	0	0	0	0	0	0	1	0
0.31666666666666665	0.16216216216216217	0.48056698673982623	0.675	0.2702702702702703	0.7366255144032922	0	0	1	0	0	0	0	0	0	1	0	0	0	0
0.675	0.2972972972972973	0.7370827617741198	0.675	0.2972972972972973	0.7370827617741198	1	0	0	0	0	0	0	0	0	0	0	0	1	0
0.6416666666666667	0.2972972972972973	0.710562414266118	0.675	0.32432432432432434	0.7375400091449474	0	0	1	0	0	0	0	0	0	1	0	0	0	0
0.675	0.35135135135135137	0.7379972565157751	0.675	0.35135135135135137	0.7379972565157751	1	0	0	0	0	0	0	0	0	0	0	0	1	0
0.675	0.3783783783783784	0.7384545038866026	0.675	0.3783783783783784	0.7384545038866026	1	0	0	0	0	0	0	0	0	0	0	0	1	0
0.6583333333333333	0.32432432432432434	0.7238225880201189	0.675	0.40540540540540543	0.7389117512574302	0	0	1	0	0	0	0	0	0	1	0	0	0	0
0.675	0.43243243243243246	0.7393689986282579	0.675	0.43243243243243246	0.7393689986282579	1	0	0	0	0	0	0	0	0	0	0	0	1	0
0.675	0.4594594594594595	0.7398262459990855	0.675	0.4594594594594595	0.7398262459990855	1	0	0	0	0	0	0	0	0	0	0	0	1	0
0.6833333333333333	0.10810810810810811	0.7421124828532236	0.6833333333333333	0.10810810810810811	0.7421124828532236	1	0	0	0	0	0	0	0	0	0	0	0	1	0
0.6916666666666667	0.08108108108108109	0.7439414723365341	0.6916666666666667	0.08108108108108109	0.7439414723365341	1	0	0	0	0	0	0	0	0	0	0	0	1	0
0.7	0.08108108108108109	0.7457704618198445	0.7	0.08108108108108109	0.7457704618198445	0	0	1	0	0	0	0	0	0	1	0	0	0	0
0.7	0.24324324324324326	0.7485139460448103	0.7	0.24324324324324326	0.7485139460448103	1	0	0	0	0	0	0	0	0	0	0	0	1	0
0.3333333333333333	0.13513513513513514	0.489254686785551	0.7	0.2702702702702703	0.7489711934156379	0	0	1	0	0	0	0	0	0	1	0	0	0	0
0.7	0.3783783783783784	0.7508001828989483	0.7	0.3783783783783784	0.7508001828989483	1	0	0	0	0	0	0	0	0	0	0	0	1	0
0.7	0.40540540540540543	0.751257430269776	0.7	0.40540540540540543	0.751257430269776	1	0	0	0	0	0	0	0	0	1	0	0	0	0
0.7	0.5135135135135135	0.7530864197530864	0.7	0.5135135135135135	0.7530864197530864	1	0	0	0	0	0	0	0	0	0	0	0	1	0
0.7	0.5405405405405406	0.7535436671239141	0.7	0.5405405405405406	0.7535436671239141	1	0	0	0	0	0	0	0	1	0	0	0	0	0
0.7	0.7027027027027027	0.7562871513488797	0.7	0.7027027027027027	0.7562871513488797	1	0	0	0	0	0	0	0	0	0	0	0	1	0
0.3333333333333333	0.13513513513513514	0.489254686785551	0.7	0.7297297297297297	0.7567443987197073	0	0	1	0	0	0	0	0	0	1	0	0	0	0
0.7	0.8378378378378378	0.7585733882030178	0.7	0.8378378378378378	0.7585733882030178	1	0	0	0	0	0	0	0	0	0	0	0	1	0
0.7	0.8648648648648649	0.7590306355738454	0.7	0.8648648648648649	0.7590306355738454	1	0	0	0	0	0	0	0	0	0	0	0	1	0
0.7	0.8918918918918919	0.7594878829446731	0.7	0.8918918918918919	0.7594878829446731	1	0	0	0	0	0	0	0	0	0	0	0	1	0
0.7083333333333334	0.08108108108108109	0.7613168724279835	0.7083333333333334	0.08108108108108109	0.7613168724279835	1	0	0	0	0	0	0	0	1	0	0	0	0	0
0.7083333333333334	0.16216216216216217	0.7626886145404664	0.7083333333333334	0.16216216216216217	0.7626886145404664	1	0	0	0	0	0	0	0	0	0	0	0	1	0
0.7083333333333334	0.1891891891891892	0.763145861911294	0.7083333333333334	0.1891891891891892	0.763145861911294	1	0	0	0	0	0	0	0	1	0	0	0	0	0
0.7083333333333334	0.2972972972972973	0.7649748513946045	0.7083333333333334	0.2972972972972973	0.7649748513946045	0	1	0	0	0	0	0	0	0	1	0	0	0	0
0.7083333333333334	0.32432432432432434	0.7654320987654321	0.7083333333333334	0.32432432432432434	0.7654320987654321	1	0	0	0	0	0	0	0	0	0	0	0	1	0
0.7083333333333334	0.35135135135135137	0.7658893461362597	0.7083333333333334	0.35135135135135137	0.7658893461362597	0	0	0	0	1	0	0	0	0	0	1	0	0	0
0.7083333333333334	0.3783783783783784	0.7663465935070873	0.7083333333333334	0.3783783783783784	0.7663465935070873	1	0	0	0	0	0	0	0	0	0	0	0	1	0
0.7083333333333334	0.2972972972972973	0.7649748513946045	0.7083333333333334	0.40540540540540543	0.766803840877915	0	0	1	0	0	0	0	0	0	1	0	0	0	0
0.7083333333333334	0.43243243243243246	0.7672610882487426	0.7083333333333334	0.43243243243243246	0.7672610882487426	1	0	0	0	0	0	0	0	0	0	0	0	1	0
0.3	0.13513513513513514	0.47599451303155005	0.7083333333333334	0.4864864864864865	0.7681755829903978	0	0	1	0	0	0	0	0	0	1	0	0	0	0
0.7083333333333334	0.5135135135135135	0.7686328303612254	0.7083333333333334	0.5135135135135135	0.7686328303612254	1	0	0	0	0	0	0	0	0	0	0	0	1	0
0.7083333333333334	0.2972972972972973	0.7649748513946045	0.7083333333333334	0.5405405405405406	0.7690900777320531	0	0	1	0	0	0	0	0	0	1	0	0	0	0
0.7083333333333334	0.5675675675675675	0.7695473251028807	0.7083333333333334	0.5675675675675675	0.7695473251028807	1	0	0	0	0	0	0	0	0	0	0	0	1	0
0.7083333333333334	0.6216216216216216	0.7704618198445359	0.7083333333333334	0.6216216216216216	0.7704618198445359	1	0	0	0	0	0	0	0	0	0	0	0	1	0
0.36666666666666664	0.16216216216216217	0.507087334247828	0.7083333333333334	0.6756756756756757	0.7713763145861912	0	0	1	0	0	0	0	0	0	1	0	0	0	0
0.7083333333333334	0.7567567567567568	0.772748056698674	0.7083333333333334	0.7567567567567568	0.772748056698674	1	0	0	0	0	0	0	0	0	0	0	0	1	0
0.7083333333333334	0.2972972972972973	0.7649748513946045	0.7083333333333334	0.7837837837837838	0.7732053040695016	0	0	1	0	0	0	0	0	0	1	0	0	0	0
0.7083333333333334	0.8108108108108109	0.7736625514403292	0.7083333333333334	0.8108108108108109	0.7736625514403292	1	0	0	0	0	0	0	0	0	0	0	0	1	0
0.7083333333333334	0.8378378378378378	0.7741197988111569	0.7083333333333334	0.8378378378378378	0.7741197988111569	1	0	0	0	0	0	0	0	0	0	0	0	1	0
0.7166666666666667	0.08108108108108109	0.7759487882944673	0.7166666666666667	0.08108108108108109	0.7759487882944673	1	0	0	0	0	0	0	0	1	0	0	0	0	0
0.7166666666666667	0.1891891891891892	0.7777777777777778	0.7166666666666667	0.1891891891891892	0.7777777777777778	0	1	0	0	0	0	0	0	0	1	0	0	0	0
0.7166666666666667	0.21621621621621623	0.7782350251486054	0.7166666666666667	0.21621621621621623	0.7782350251486054	1	0	0	0	0	0	0	0	0	0	0	0	1	0
0.725	0.08108108108108109	0.7800640146319159	0.725	0.08108108108108109	0.7800640146319159	0	0	1	0	0	0	0	0	0	1	0	0	0	0
0.725	0.16216216216216217	0.7814357567443987	0.725	0.16216216216216217	0.7814357567443987	0	0	1	0	0	0	0	0	0	0	0	0	1	0
0.7166666666666667	0.1891891891891892	0.7777777777777778	0.725	0.21621621621621623	0.782350251486054	0	0	1	0	0	0	0	0	0	1	0	0	0	0
0.725	0.24324324324324326	0.7828074988568816	0.725	0.24324324324324326	0.7828074988568816	1	0	0	0	0	0	0	0	0	0	0	0	1	0
0.7333333333333333	0.08108108108108109	0.7846364883401921	0.7333333333333333	0.08108108108108109	0.7846364883401921	1	0	0	0	0	0	0	0	1	0	0	0	0	0
0.7333333333333333	0.1891891891891892	0.7864654778235025	0.7333333333333333	0.1891891891891892	0.7864654778235025	0	1	0	0	0	0	0	0	0	1	0	0	0	0
0.7333333333333333	0.2702702702702703	0.7878372199359853	0.7333333333333333	0.2702702702702703	0.7878372199359853	1	0	0	0	0	0	0	0	0	0	0	0	1	0
0.7166666666666667	0.1891891891891892	0.7777777777777778	0.7333333333333333	0.2972972972972973	0.788294467306813	0	0	1	0	0	0	0	0	0	1	0	0	0	0
0.7333333333333333	0.32432432432432434	0.7887517146776406	0.7333333333333333	0.32432432432432434	0.7887517146776406	1	0	0	0	0	0	0	0	0	0	0	0	1	0
0.7333333333333333	0.35135135135135137	0.7892089620484682	0.7333333333333333	0.35135135135135137	0.7892089620484682	0	0	0	0	1	0	0	0	0	0	1	0	0	0
0.7333333333333333	0.3783783783783784	0.7896662094192959	0.7333333333333333	0.3783783783783784	0.7896662094192959	1	0	0	0	0	0	0	0	0	0	0	0	1	0
0.7333333333333333	0.40540540540540543	0.7901234567901234	0.7333333333333333	0.40540540540540543	0.7901234567901234	1	0	0	0	0	0	0	0	0	0	0	0	1	0
0.7416666666666667	0.08108108108108109	0.791952446273434	0.7416666666666667	0.08108108108108109	0.791952446273434	1	0	0	0	0	0	0	0	1	0	0	0	0	0
0.7416666666666667	0.16216216216216217	0.7933241883859168	0.7416666666666667	0.16216216216216217	0.7933241883859168	1	0	0	0	0	0	0	0	0	0	0	0	1	0
0.7416666666666667	0.1891891891891892	0.7937814357567444	0.7416666666666667	0.1891891891891892	0.7937814357567444	1	0	0	0	0	0	0	0	1	0	0	0	0	0
0.7416666666666667	0.2972972972972973	0.7956104252400549	0.7416666666666667	0.2972972972972973	0.7956104252400549	0	1	0	0	0	0	0	0	0	1	0	0	0	0
0.7416666666666667	0.32432432432432434	0.7960676726108825	0.7416666666666667	0.32432432432432434	0.7960676726108825	1	0	0	0	0	0	0	0	0	0	0	0	1	0
0.7416666666666667	0.35135135135135137	0.7965249199817102	0.7416666666666667	0.35135135135135137	0.7965249199817102	0	0	0	0	1	0	0	0	0	0	1	0	0	0
0.7416666666666667	0.3783783783783784	0.7969821673525377	0.7416666666666667	0.3783783783783784	0.7969821673525377	1	0	0	0	0	0	0	0	0	0	0	0	1	0
0.7416666666666667	0.2972972972972973	0.7956104252400549	0.7416666666666667	0.40540540540540543	0.7974394147233653	0	0	1	0	0	0	0	0	0	1	0	0	0	0
0.7416666666666667	0.43243243243243246	0.797896662094193	0.7416666666666667	0.43243243243243246	0.797896662094193	1	0	0	0	0	0	0	0	0	0	0	0	1	0
0.7166666666666667	0.1891891891891892	0.7777777777777778	0.7416666666666667	0.4864864864864865	0.7988111568358482	0	0	1	0	0	0	0	0	0	1	0	0	0	0
0.7416666666666667	0.5135135135135135	0.7992684042066758	0.7416666666666667	0.5135135135135135	0.7992684042066758	1	0	0	0	0	0	0	0	0	0	0	0	1	0
0.7416666666666667	0.2972972972972973	0.7956104252400549	0.7416666666666667	0.5405405405405406	0.7997256515775034	0	0	1	0	0	0	0	0	0	1	0	0	0	0
0.7416666666666667	0.5675675675675675	0.8001828989483311	0.7416666666666667	0.5675675675675675	0.8001828989483311	1	0	0	0	0	0	0	0	0	0	0	0	1	0
0.7416666666666667	0.6216216216216216	0.8010973936899863	0.7416666666666667	0.6216216216216216	0.8010973936899863	1	0	0	0	0	0	0	0	0	0	0	0	1	0
0.7416666666666667	0.6756756756756757	0.8020118884316415	0.7416666666666667	0.6756756756756757	0.8020118884316415	0	0	1	0	0	0	0	0	0	1	0	0	0	0
0.7416666666666667	0.7567567567567568	0.8033836305441243	0.7416666666666667	0.7567567567567568	0.8033836305441243	0	0	1	0	0	0	0	0	0	0	0	0	1	0
0.7333333333333333	0.1891891891891892	0.7864654778235025	0.7416666666666667	0.8108108108108109	0.8042981252857796	0	0	1	0	0	0	0	0	0	1	0	0	0	0
0.7416666666666667	0.8918918918918919	0.8056698673982624	0.7416666666666667	0.8918918918918919	0.8056698673982624	1	0	0	0	0	0	0	0	0	0	0	0	1	0
0.7416666666666667	0.2972972972972973	0.7956104252400549	0.7416666666666667	0.918918918918919	0.80612711476909	0	0	1	0	0	0	0	0	0	1	0	0	0	0
0.7416666666666667	0.9459459459459459	0.8065843621399177	0.7416666666666667	0.9459459459459459	0.8065843621399177	1	0	0	0	0	0	0	0	0	0	0	0	1	0
0.7416666666666667	0.972972972972973	0.8070416095107453	0.7416666666666667	0.972972972972973	0.8070416095107453	1	0	0	0	0	0	0	0	0	0	0	0	1	0
0.75	0.08108108108108109	0.8088705989940558	0.75	0.08108108108108109	0.8088705989940558	1	0	0	0	0	0	0	0	1	0	0	0	0	0
0.75	0.1891891891891892	0.8106995884773662	0.75	0.1891891891891892	0.8106995884773662	0	1	0	0	0	0	0	0	0	1	0	0	0	0
0.75	0.24324324324324326	0.8116140832190215	0.75	0.24324324324324326	0.8116140832190215	1	0	0	0	0	0	0	0	0	0	0	0	1	0
0.7166666666666667	0.1891891891891892	0.7777777777777778	0.75	0.2702702702702703	0.8120713305898491	0	0	1	0	0	0	0	0	0	1	0	0	0	0
0.75	0.2972972972972973	0.8125285779606767	0.75	0.2972972972972973	0.8125285779606767	1	0	0	0	0	0	0	0	0	0	0	0	1	0
0.75	0.32432432432432434	0.8129858253315043	0.75	0.32432432432432434	0.8129858253315043	0	0	0	0	1	0	0	0	0	0	1	0	0	0
0.75	0.35135135135135137	0.813443072702332	0.75	0.35135135135135137	0.813443072702332	1	0	0	0	0	0	0	0	0	0	0	0	1	0
0.75	0.3783783783783784	0.8139003200731596	0.75	0.3783783783783784	0.8139003200731596	1	0	0	0	0	0	0	0	0	0	0	0	1	0
0.75	0.1891891891891892	0.8106995884773662	0.7583333333333333	0.08108108108108109	0.81572930955647	0	0	1	0	0	0	0	0	0	1	0	0	0	0
0.7583333333333333	0.13513513513513514	0.8166438042981253	0.7583333333333333	0.13513513513513514	0.8166438042981253	1	0	0	0	0	0	0	0	0	0	0	0	1	0
0.7583333333333333	0.16216216216216217	0.8171010516689529	0.7583333333333333	0.16216216216216217	0.8171010516689529	0	0	0	0	1	0	0	0	0	0	1	0	0	0
0.7583333333333333	0.1891891891891892	0.8175582990397805	0.7583333333333333	0.1891891891891892	0.8175582990397805	1	0	0	0	0	0	0	0	0	0	0	0	1	0
0.7583333333333333	0.21621621621621623	0.8180155464106081	0.7583333333333333	0.21621621621621623	0.8180155464106081	1	0	0	0	0	0	0	0	0	0	0	0	1	0
0.7583333333333333	0.24324324324324326	0.8184727937814358	0.7583333333333333	0.24324324324324326	0.8184727937814358	0	0	0	0	1	0	0	0	0	0	1	0	0	0
0.7583333333333333	0.2702702702702703	0.8189300411522634	0.7583333333333333	0.2702702702702703	0.8189300411522634	1	0	0	0	0	0	0	0	0	0	0	0	1	0
0.7666666666666667	0.08108108108108109	0.8207590306355739	0.7666666666666667	0.08108108108108109	0.8207590306355739	1	0	0	0	0	0	0	0	1	0	0	0	0	0
0.7666666666666667	0.1891891891891892	0.8225880201188843	0.7666666666666667	0.1891891891891892	0.8225880201188843	0	1	0	0	0	0	0	0	0	1	0	0	0	0
0.7666666666666667	0.2702702702702703	0.8239597622313671	0.7666666666666667	0.2702702702702703	0.8239597622313671	1	0	0	0	0	0	0	0	0	0	0	0	1	0
0.7166666666666667	0.1891891891891892	0.7777777777777778	0.7666666666666667	0.2972972972972973	0.8244170096021948	0	0	1	0	0	0	0	0	0	1	0	0	0	0
0.7666666666666667	0.32432432432432434	0.8248742569730224	0.7666666666666667	0.32432432432432434	0.8248742569730224	1	0	0	0	0	0	0	0	0	0	0	0	1	0
0.7666666666666667	0.35135135135135137	0.82533150434385	0.7666666666666667	0.35135135135135137	0.82533150434385	0	0	0	0	1	0	0	0	0	0	1	0	0	0
0.7666666666666667	0.3783783783783784	0.8257887517146777	0.7666666666666667	0.3783783783783784	0.8257887517146777	1	0	0	0	0	0	0	0	0	0	0	0	1	0
0.7666666666666667	0.40540540540540543	0.8262459990855052	0.7666666666666667	0.40540540540540543	0.8262459990855052	1	0	0	0	0	0	0	0	0	0	0	0	1	0
0.7666666666666667	0.1891891891891892	0.8225880201188843	0.775	0.08108108108108109	0.8280749885688158	0	0	1	0	0	0	0	0	0	1	0	0	0	0
0.775	0.16216216216216217	0.8294467306812986	0.775	0.16216216216216217	0.8294467306812986	1	0	0	0	0	0	0	0	0	0	0	0	1	0
0.775	0.1891891891891892	0.8299039780521262	0.775	0.1891891891891892	0.8299039780521262	0	0	0	0	1	0	0	0	0	0	1	0	0	0
0.775	0.21621621621621623	0.8303612254229538	0.775	0.21621621621621623	0.8303612254229538	1	0	0	0	0	0	0	0	0	0	0	0	1	0
0.775	0.24324324324324326	0.8308184727937814	0.775	0.24324324324324326	0.8308184727937814	1	0	0	0	0	0	0	0	0	0	0	0	1	0
0.775	0.2702702702702703	0.831275720164609	0.775	0.2702702702702703	0.831275720164609	1	0	0	0	0	0	0	0	0	0	0	0	1	0
0.775	0.2972972972972973	0.8317329675354367	0.775	0.2972972972972973	0.8317329675354367	0	0	0	0	1	0	0	0	0	0	1	0	0	0
0.775	0.32432432432432434	0.8321902149062643	0.775	0.32432432432432434	0.8321902149062643	1	0	0	0	0	0	0	0	0	0	0	0	1	0
0.7833333333333333	0.08108108108108109	0.8340192043895748	0.7833333333333333	0.08108108108108109	0.8340192043895748	1	0	0	0	0	0	0	0	1	0	0	0	0	0
0.7833333333333333	0.16216216216216217	0.8353909465020576	0.7833333333333333	0.16216216216216217	0.8353909465020576	1	0	0	0	0	0	0	0	0	0	0	0	1	0
0.7833333333333333	0.1891891891891892	0.8358481938728852	0.7833333333333333	0.1891891891891892	0.8358481938728852	1	0	0	0	0	0	0	0	1	0	0	0	0	0
0.7833333333333333	0.2972972972972973	0.8376771833561957	0.7833333333333333	0.2972972972972973	0.8376771833561957	0	1	0	0	0	0	0	0	0	1	0	0	0	0
0.7833333333333333	0.32432432432432434	0.8381344307270233	0.7833333333333333	0.32432432432432434	0.8381344307270233	1	0	0	0	0	0	0	0	0	0	0	0	1	0
0.7833333333333333	0.35135135135135137	0.838591678097851	0.7833333333333333	0.35135135135135137	0.838591678097851	0	0	0	0	1	0	0	0	0	0	1	0	0	0
0.7833333333333333	0.3783783783783784	0.8390489254686786	0.7833333333333333	0.3783783783783784	0.8390489254686786	1	0	0	0	0	0	0	0	0	0	0	0	1	0
0.7833333333333333	0.2972972972972973	0.8376771833561957	0.7833333333333333	0.40540540540540543	0.8395061728395061	0	0	1	0	0	0	0	0	0	1	0	0	0	0
0.7833333333333333	0.43243243243243246	0.8399634202103338	0.7833333333333333	0.43243243243243246	0.8399634202103338	1	0	0	0	0	0	0	0	0	0	0	0	1	0
0.7166666666666667	0.1891891891891892	0.7777777777777778	0.7833333333333333	0.4864864864864865	0.840877914951989	0	0	1	0	0	0	0	0	0	1	0	0	0	0
0.7833333333333333	0.5135135135135135	0.8413351623228167	0.7833333333333333	0.5135135135135135	0.8413351623228167	1	0	0	0	0	0	0	0	0	0	0	0	1	0
0.7833333333333333	0.2972972972972973	0.8376771833561957	0.7833333333333333	0.5405405405405406	0.8417924096936442	0	0	1	0	0	0	0	0	0	1	0	0	0	0
0.7833333333333333	0.5675675675675675	0.8422496570644719	0.7833333333333333	0.5675675675675675	0.8422496570644719	1	0	0	0	0	0	0	0	0	0	0	0	1	0
0.7833333333333333	0.6216216216216216	0.8431641518061271	0.7833333333333333	0.6216216216216216	0.8431641518061271	1	0	0	0	0	0	0	0	0	0	0	0	1	0
0.7916666666666666	0.08108108108108109	0.8449931412894376	0.7916666666666666	0.08108108108108109	0.8449931412894376	1	0	0	0	0	0	0	0	0	0	0	0	1	0
0.8	0.10810810810810811	0.8472793781435757	0.8	0.10810810810810811	0.8472793781435757	1	0	0	0	0	0	0	0	1	0	0	0	0	0
0.8	0.21621621621621623	0.8491083676268861	0.8	0.21621621621621623	0.8491083676268861	0	1	0	0	0	0	0	0	0	1	0	0	0	0
0.8	0.32432432432432434	0.8509373571101966	0.8	0.32432432432432434	0.8509373571101966	1	0	0	0	0	0	0	0	0	0	0	0	1	0
0.8	0.35135135135135137	0.8513946044810242	0.8	0.35135135135135137	0.8513946044810242	1	0	0	0	0	0	0	0	0	1	0	0	0	0
0.8	0.4594594594594595	0.8532235939643347	0.8	0.4594594594594595	0.8532235939643347	1	0	0	0	0	0	0	0	0	0	0	0	1	0
0.8083333333333333	0.10810810810810811	0.8555098308184728	0.8083333333333333	0.10810810810810811	0.8555098308184728	1	0	0	0	0	0	0	0	1	0	0	0	0	0
0.8083333333333333	0.21621621621621623	0.8573388203017832	0.8083333333333333	0.21621621621621623	0.8573388203017832	0	1	0	0	0	0	0	0	0	1	0	0	0	0
0.8083333333333333	0.24324324324324326	0.8577960676726109	0.8083333333333333	0.24324324324324326	0.8577960676726109	1	0	0	0	0	0	0	0	0	0	0	0	1	0
0.8083333333333333	0.2702702702702703	0.8582533150434385	0.8083333333333333	0.2702702702702703	0.8582533150434385	1	0	0	0	0	0	0	0	0	0	0	0	1	0
0.8083333333333333	0.2972972972972973	0.8587105624142661	0.8083333333333333	0.2972972972972973	0.8587105624142661	0	0	0	0	1	0	0	0	0	0	1	0	0	0
0.8083333333333333	0.32432432432432434	0.8591678097850938	0.8083333333333333	0.32432432432432434	0.8591678097850938	1	0	0	0	0	0	0	0	0	0	0	0	1	0
0.8166666666666667	0.10810810810810811	0.8614540466392319	0.8166666666666667	0.10810810810810811	0.8614540466392319	1	0	0	0	0	0	0	0	1	0	0	0	0	0
0.8166666666666667	0.1891891891891892	0.8628257887517147	0.8166666666666667	0.1891891891891892	0.8628257887517147	1	0	0	0	0	0	0	0	0	0	0	0	1	0
0.8166666666666667	0.21621621621621623	0.8632830361225423	0.8166666666666667	0.21621621621621623	0.8632830361225423	1	0	0	0	0	0	0	0	1	0	0	0	0	0
0.8166666666666667	0.32432432432432434	0.8651120256058528	0.8166666666666667	0.32432432432432434	0.8651120256058528	0	1	0	0	0	0	0	0	0	1	0	0	0	0
0.8166666666666667	0.35135135135135137	0.8655692729766804	0.8166666666666667	0.35135135135135137	0.8655692729766804	1	0	0	0	0	0	0	0	0	0	0	0	1	0
0.7833333333333333	0.2972972972972973	0.8376771833561957	0.8166666666666667	0.3783783783783784	0.866026520347508	0	0	1	0	0	0	0	0	0	1	0	0	0	0
0.8166666666666667	0.40540540540540543	0.8664837677183356	0.8166666666666667	0.40540540540540543	0.8664837677183356	1	0	0	0	0	0	0	0	0	0	0	0	1	0
0.8166666666666667	0.43243243243243246	0.8669410150891632	0.8166666666666667	0.43243243243243246	0.8669410150891632	0	0	0	0	1	0	0	0	0	0	1	0	0	0
0.8166666666666667	0.4594594594594595	0.8673982624599909	0.8166666666666667	0.4594594594594595	0.8673982624599909	1	0	0	0	0	0	0	0	0	0	0	0	1	0
0.8166666666666667	0.32432432432432434	0.8651120256058528	0.8166666666666667	0.4864864864864865	0.8678555098308185	0	0	1	0	0	0	0	0	0	1	0	0	0	0
0.8166666666666667	0.5135135135135135	0.8683127572016461	0.8166666666666667	0.5135135135135135	0.8683127572016461	1	0	0	0	0	0	0	0	0	0	0	0	1	0
0.8166666666666667	0.5675675675675675	0.8692272519433013	0.8166666666666667	0.5675675675675675	0.8692272519433013	0	0	1	0	0	0	0	0	0	1	0	0	0	0
0.8166666666666667	0.6486486486486487	0.8705989940557842	0.8166666666666667	0.6486486486486487	0.8705989940557842	1	0	0	0	0	0	0	0	0	0	0	0	1	0
0.8166666666666667	0.6756756756756757	0.8710562414266118	0.8166666666666667	0.6756756756756757	0.8710562414266118	0	0	0	0	1	0	0	0	0	0	1	0	0	0
0.8166666666666667	0.7027027027027027	0.8715134887974394	0.8166666666666667	0.7027027027027027	0.8715134887974394	1	0	0	0	0	0	0	0	0	0	0	0	1	0
0.7833333333333333	0.2972972972972973	0.8376771833561957	0.8166666666666667	0.7297297297297297	0.871970736168267	0	0	1	0	0	0	0	0	0	1	0	0	0	0
0.8166666666666667	0.7567567567567568	0.8724279835390947	0.8166666666666667	0.7567567567567568	0.8724279835390947	1	0	0	0	0	0	0	0	0	0	0	0	1	0
0.8166666666666667	0.7837837837837838	0.8728852309099223	0.8166666666666667	0.7837837837837838	0.8728852309099223	0	0	0	0	1	0	0	0	0	0	1	0	0	0
0.8166666666666667	0.8648648648648649	0.8742569730224051	0.8166666666666667	0.8648648648648649	0.8742569730224051	1	0	0	0	0	0	0	0	0	0	0	0	1	0
0.8166666666666667	0.8918918918918919	0.8747142203932328	0.8166666666666667	0.8918918918918919	0.8747142203932328	1	0	0	0	0	0	0	0	0	0	0	0	1	0
0.8166666666666667	0.32432432432432434	0.8651120256058528	0.8166666666666667	0.918918918918919	0.8751714677640604	0	0	1	0	0	0	0	0	0	1	0	0	0	0
0.8166666666666667	0.9459459459459459	0.8756287151348879	0.8166666666666667	0.9459459459459459	0.8756287151348879	1	0	0	0	0	0	0	0	0	0	0	0	1	0
0.8166666666666667	1	0.8765432098765432	0.8166666666666667	1	0.8765432098765432	1	0	0	0	0	0	0	0	0	0	0	0	1	0
0.825	0.10810810810810811	0.8788294467306813	0.825	0.10810810810810811	0.8788294467306813	1	0	0	0	0	0	0	0	0	0	0	0	1	0
0.8333333333333334	0.13513513513513514	0.881572930955647	0.8333333333333334	0.13513513513513514	0.881572930955647	1	0	0	0	0	0	0	0	1	0	0	0	0	0
0.8333333333333334	0.1891891891891892	0.8824874256973022	0.8333333333333334	0.1891891891891892	0.8824874256973022	1	0	0	0	0	0	0	0	0	0	0	0	1	0
0.3333333333333333	0.13513513513513514	0.489254686785551	0.8333333333333334	0.21621621621621623	0.8829446730681298	0	0	1	0	0	0	0	0	0	1	0	0	0	0
0.8333333333333334	0.32432432432432434	0.8847736625514403	0.8333333333333334	0.32432432432432434	0.8847736625514403	1	0	0	0	0	0	0	0	0	0	0	0	1	0
0.7333333333333333	0.1891891891891892	0.7864654778235025	0.8333333333333334	0.35135135135135137	0.8852309099222679	0	0	1	0	0	0	0	0	0	1	0	0	0	0
0.8333333333333334	0.43243243243243246	0.8866026520347507	0.8333333333333334	0.43243243243243246	0.8866026520347507	1	0	0	0	0	0	0	0	0	0	0	0	1	0
0.8166666666666667	0.32432432432432434	0.8651120256058528	0.8333333333333334	0.4594594594594595	0.8870598994055784	0	0	1	0	0	0	0	0	0	1	0	0	0	0
0.8333333333333334	0.4864864864864865	0.887517146776406	0.8333333333333334	0.4864864864864865	0.887517146776406	1	0	0	0	0	0	0	0	0	0	0	0	1	0
0.8333333333333334	0.5135135135135135	0.8879743941472337	0.8333333333333334	0.5135135135135135	0.8879743941472337	1	0	0	0	0	0	0	0	0	0	0	0	1	0
0.8333333333333334	0.5405405405405406	0.8884316415180613	0.8333333333333334	0.5405405405405406	0.8884316415180613	1	0	0	0	0	0	0	0	0	0	0	0	1	0
0.7333333333333333	0.1891891891891892	0.7864654778235025	0.8333333333333334	0.5675675675675675	0.8888888888888888	0	0	1	0	0	0	0	0	0	1	0	0	0	0
0.8333333333333334	0.6486486486486487	0.8902606310013718	0.8333333333333334	0.6486486486486487	0.8902606310013718	1	0	0	0	0	0	0	0	0	0	0	0	1	0
0.7833333333333333	0.2972972972972973	0.8376771833561957	0.8333333333333334	0.6756756756756757	0.8907178783721994	0	0	1	0	0	0	0	0	0	1	0	0	0	0
0.8333333333333334	0.7027027027027027	0.8911751257430269	0.8333333333333334	0.7027027027027027	0.8911751257430269	1	0	0	0	0	0	0	0	0	0	0	0	1	0
0.8333333333333334	0.7297297297297297	0.8916323731138546	0.8333333333333334	0.7297297297297297	0.8916323731138546	1	0	0	0	0	0	0	0	0	0	0	0	1	0
0.8333333333333334	0.7567567567567568	0.8920896204846822	0.8333333333333334	0.7567567567567568	0.8920896204846822	1	0	0	0	0	0	0	0	0	0	0	0	1	0
0.7833333333333333	0.2972972972972973	0.8376771833561957	0.8333333333333334	0.8108108108108109	0.8930041152263375	0	0	1	0	0	0	0	0	0	1	0	0	0	0
0.8333333333333334	0.8378378378378378	0.893461362597165	0.8333333333333334	0.8378378378378378	0.893461362597165	1	0	0	0	0	0	0	0	0	0	0	0	1	0
0.8166666666666667	0.32432432432432434	0.8651120256058528	0.8333333333333334	0.8648648648648649	0.8939186099679927	0	0	1	0	0	0	0	0	0	1	0	0	0	0
0.8333333333333334	0.8918918918918919	0.8943758573388203	0.8333333333333334	0.8918918918918919	0.8943758573388203	1	0	0	0	0	0	0	0	0	0	0	0	1	0
0.8416666666666667	0.13513513513513514	0.897119341563786	0.8416666666666667	0.13513513513513514	0.897119341563786	1	0	0	0	0	0	0	0	0	0	0	0	1	0
0.85	0.16216216216216217	0.9003200731595793	0.85	0.16216216216216217	0.9003200731595793	1	0	0	0	0	0	0	0	1	0	0	0	0	0
0.85	0.21621621621621623	0.9012345679012346	0.85	0.21621621621621623	0.9012345679012346	1	0	0	0	0	0	0	0	0	0	0	0	1	0
0.8	0.21621621621621623	0.8491083676268861	0.85	0.24324324324324326	0.9016918152720622	0	0	1	0	0	0	0	0	0	1	0	0	0	0
0.85	0.35135135135135137	0.9035208047553727	0.85	0.35135135135135137	0.9035208047553727	1	0	0	0	0	0	0	0	0	0	0	0	1	0
0.75	0.1891891891891892	0.8106995884773662	0.85	0.40540540540540543	0.904435299497028	0	0	1	0	0	0	0	0	0	1	0	0	0	0
0.85	0.4594594594594595	0.9053497942386831	0.85	0.4594594594594595	0.9053497942386831	1	0	0	0	0	0	0	0	0	0	0	0	1	0
0.8166666666666667	0.32432432432432434	0.8651120256058528	0.85	0.4864864864864865	0.9058070416095108	0	0	1	0	0	0	0	0	0	1	0	0	0	0
0.85	0.5135135135135135	0.9062642889803384	0.85	0.5135135135135135	0.9062642889803384	1	0	0	0	0	0	0	0	0	0	0	0	1	0
0.85	0.5405405405405406	0.906721536351166	0.85	0.5405405405405406	0.906721536351166	1	0	0	0	0	0	0	0	0	0	0	0	1	0
0.85	0.5675675675675675	0.9071787837219936	0.85	0.5675675675675675	0.9071787837219936	0	0	0	0	1	0	0	0	0	0	1	0	0	0
0.85	0.5945945945945946	0.9076360310928212	0.85	0.5945945945945946	0.9076360310928212	1	0	0	0	0	0	0	0	0	0	0	0	1	0
0.8583333333333333	0.16216216216216217	0.9108367626886146	0.8583333333333333	0.16216216216216217	0.9108367626886146	1	0	0	0	0	0	0	0	0	0	0	0	1	0
0.8	0.21621621621621623	0.8491083676268861	0.8666666666666667	0.1891891891891892	0.9144947416552355	0	0	1	0	0	0	0	0	0	1	0	0	0	0
0.8666666666666667	0.2972972972972973	0.9163237311385459	0.8666666666666667	0.2972972972972973	0.9163237311385459	1	0	0	0	0	0	0	0	0	0	0	0	1	0
0.75	0.1891891891891892	0.8106995884773662	0.8666666666666667	0.32432432432432434	0.9167809785093736	0	0	1	0	0	0	0	0	0	1	0	0	0	0
0.8666666666666667	0.3783783783783784	0.9176954732510288	0.8666666666666667	0.3783783783783784	0.9176954732510288	1	0	0	0	0	0	0	0	0	0	0	0	1	0
0.8166666666666667	0.32432432432432434	0.8651120256058528	0.8666666666666667	0.40540540540540543	0.9181527206218564	0	0	1	0	0	0	0	0	0	1	0	0	0	0
0.8666666666666667	0.43243243243243246	0.918609967992684	0.8666666666666667	0.43243243243243246	0.918609967992684	1	0	0	0	0	0	0	0	0	0	0	0	1	0
0.8666666666666667	0.4594594594594595	0.9190672153635117	0.8666666666666667	0.4594594594594595	0.9190672153635117	1	0	0	0	0	0	0	0	0	0	0	0	1	0
0.8666666666666667	0.4864864864864865	0.9195244627343393	0.8666666666666667	0.4864864864864865	0.9195244627343393	0	0	0	0	1	0	0	0	0	0	1	0	0	0
0.8666666666666667	0.5135135135135135	0.9199817101051669	0.8666666666666667	0.5135135135135135	0.9199817101051669	1	0	0	0	0	0	0	0	0	0	0	0	1	0
0.8083333333333333	0.21621621621621623	0.8573388203017832	0.875	0.1891891891891892	0.9236396890717878	0	0	1	0	0	0	0	0	0	1	0	0	0	0
0.875	0.21621621621621623	0.9240969364426155	0.875	0.21621621621621623	0.9240969364426155	1	0	0	0	0	0	0	0	0	0	0	0	1	0
0.8166666666666667	0.32432432432432434	0.8651120256058528	0.875	0.24324324324324326	0.9245541838134431	0	0	1	0	0	0	0	0	0	1	0	0	0	0
0.875	0.2702702702702703	0.9250114311842706	0.875	0.2702702702702703	0.9250114311842706	1	0	0	0	0	0	0	0	0	0	0	0	1	0
0.8833333333333333	0.16216216216216217	0.928212162780064	0.8833333333333333	0.16216216216216217	0.928212162780064	1	0	0	0	0	0	0	0	0	0	0	0	1	0
0.8916666666666667	0.13513513513513514	0.9309556470050298	0.8916666666666667	0.13513513513513514	0.9309556470050298	1	0	0	0	0	0	0	0	0	0	0	0	1	0
0.9	0.10810810810810811	0.9332418838591678	0.9	0.10810810810810811	0.9332418838591678	1	0	0	0	0	0	0	0	0	0	0	0	1	0
0.7666666666666667	0.1891891891891892	0.8225880201188843	0.9083333333333333	0.10810810810810811	0.9355281207133059	0	0	1	0	0	0	0	0	0	1	0	0	0	0
0.9083333333333333	0.1891891891891892	0.9368998628257887	0.9083333333333333	0.1891891891891892	0.9368998628257887	1	0	0	0	0	0	0	0	0	0	0	0	1	0
0.7833333333333333	0.2972972972972973	0.8376771833561957	0.9083333333333333	0.21621621621621623	0.9373571101966164	0	0	1	0	0	0	0	0	0	1	0	0	0	0
0.9083333333333333	0.24324324324324326	0.937814357567444	0.9083333333333333	0.24324324324324326	0.937814357567444	1	0	0	0	0	0	0	0	0	0	0	0	1	0
0.9083333333333333	0.2702702702702703	0.9382716049382716	0.9083333333333333	0.2702702702702703	0.9382716049382716	1	0	0	0	0	0	0	0	0	0	0	0	1	0
0.8083333333333333	0.21621621621621623	0.8573388203017832	0.9083333333333333	0.2972972972972973	0.9387288523090992	0	0	1	0	0	0	0	0	0	1	0	0	0	0
0.9083333333333333	0.32432432432432434	0.9391860996799268	0.9083333333333333	0.32432432432432434	0.9391860996799268	1	0	0	0	0	0	0	0	0	0	0	0	1	0
0.75	0.1891891891891892	0.8106995884773662	0.9166666666666666	0.10810810810810811	0.9414723365340649	0	0	1	0	0	0	0	0	0	1	0	0	0	0
0.9166666666666666	0.16216216216216217	0.9423868312757202	0.9166666666666666	0.16216216216216217	0.9423868312757202	1	0	0	0	0	0	0	0	0	0	0	0	1	0
0.7833333333333333	0.2972972972972973	0.8376771833561957	0.9166666666666666	0.1891891891891892	0.9428440786465477	0	0	1	0	0	0	0	0	0	1	0	0	0	0
0.9166666666666666	0.21621621621621623	0.9433013260173754	0.9166666666666666	0.21621621621621623	0.9433013260173754	1	0	0	0	0	0	0	0	0	0	0	0	1	0
0.9166666666666666	0.24324324324324326	0.943758573388203	0.9166666666666666	0.24324324324324326	0.943758573388203	1	0	0	0	0	0	0	0	0	0	0	0	1	0
0.8	0.21621621621621623	0.8491083676268861	0.9166666666666666	0.2702702702702703	0.9442158207590307	0	0	1	0	0	0	0	0	0	1	0	0	0	0
0.9166666666666666	0.3783783783783784	0.9460448102423411	0.9166666666666666	0.3783783783783784	0.9460448102423411	1	0	0	0	0	0	0	0	0	0	0	0	1	0
0.925	0.08108108108108109	0.9478737997256516	0.925	0.08108108108108109	0.9478737997256516	1	0	0	0	0	0	0	0	0	0	0	0	1	0
0.9333333333333333	0.08108108108108109	0.949702789208962	0.9333333333333333	0.08108108108108109	0.949702789208962	0	0	1	0	0	0	0	0	0	1	0	0	0	0
0.9333333333333333	0.1891891891891892	0.9515317786922726	0.9333333333333333	0.1891891891891892	0.9515317786922726	0	0	1	0	0	0	0	0	0	0	0	0	1	0
0.75	0.1891891891891892	0.8106995884773662	0.9333333333333333	0.24324324324324326	0.9524462734339277	0	0	1	0	0	0	0	0	0	1	0	0	0	0
0.9333333333333333	0.2972972972972973	0.953360768175583	0.9333333333333333	0.2972972972972973	0.953360768175583	1	0	0	0	0	0	0	0	0	0	0	0	1	0
0.7166666666666667	0.1891891891891892	0.7777777777777778	0.9333333333333333	0.32432432432432434	0.9538180155464107	0	0	1	0	0	0	0	0	0	1	0	0	0	0
0.9333333333333333	0.35135135135135137	0.9542752629172382	0.9333333333333333	0.35135135135135137	0.9542752629172382	1	0	0	0	0	0	0	0	0	0	0	0	1	0
0.9333333333333333	0.3783783783783784	0.9547325102880658	0.9333333333333333	0.3783783783783784	0.9547325102880658	0	0	1	0	0	0	0	0	0	0	0	0	1	0
0.9333333333333333	0.43243243243243246	0.9556470050297211	0.9333333333333333	0.43243243243243246	0.9556470050297211	1	0	0	0	0	0	0	0	0	1	0	0	0	0
0.9333333333333333	0.5405405405405406	0.9574759945130316	0.9333333333333333	0.5405405405405406	0.9574759945130316	1	0	0	0	0	0	0	0	0	0	0	0	1	0
0.9416666666666667	0.08108108108108109	0.959304983996342	0.9416666666666667	0.08108108108108109	0.959304983996342	1	0	0	0	0	0	0	0	1	0	0	0	0	0
0.9416666666666667	0.1891891891891892	0.9611339734796525	0.9416666666666667	0.1891891891891892	0.9611339734796525	0	1	0	0	0	0	0	0	0	1	0	0	0	0
0.9416666666666667	0.2702702702702703	0.9625057155921354	0.9416666666666667	0.2702702702702703	0.9625057155921354	1	0	0	0	0	0	0	0	0	0	0	0	1	0
0.7166666666666667	0.1891891891891892	0.7777777777777778	0.9416666666666667	0.2972972972972973	0.9629629629629629	0	0	1	0	0	0	0	0	0	1	0	0	0	0
0.9416666666666667	0.32432432432432434	0.9634202103337905	0.9416666666666667	0.32432432432432434	0.9634202103337905	1	0	0	0	0	0	0	0	0	0	0	0	1	0
0.95	0.08108108108108109	0.965249199817101	0.95	0.08108108108108109	0.965249199817101	1	0	0	0	0	0	0	0	0	1	0	0	0	0
0.95	0.16216216216216217	0.9666209419295839	0.95	0.16216216216216217	0.9666209419295839	1	0	0	0	0	0	0	0	0	1	0	0	0	0
0.95	0.1891891891891892	0.9670781893004116	0.95	0.1891891891891892	0.9670781893004116	1	0	0	0	0	0	0	0	0	0	0	0	1	0
0.9583333333333334	0.08108108108108109	0.968907178783722	0.9583333333333334	0.08108108108108109	0.968907178783722	1	0	0	0	0	0	0	0	1	0	0	0	0	0
0.9583333333333334	0.21621621621621623	0.9711934156378601	0.9583333333333334	0.21621621621621623	0.9711934156378601	1	0	0	0	0	0	0	0	0	0	0	0	1	0
0.9416666666666667	0.1891891891891892	0.9611339734796525	0.9583333333333334	0.24324324324324326	0.9716506630086877	0	0	1	0	0	0	0	0	0	1	0	0	0	0
0.9583333333333334	0.32432432432432434	0.9730224051211706	0.9583333333333334	0.32432432432432434	0.9730224051211706	1	0	0	0	0	0	0	0	0	0	0	0	1	0
0.9583333333333334	0.3783783783783784	0.9739368998628258	0.9583333333333334	0.3783783783783784	0.9739368998628258	1	0	0	0	0	0	0	0	0	0	0	0	1	0
0.9583333333333334	0.40540540540540543	0.9743941472336534	0.9583333333333334	0.40540540540540543	0.9743941472336534	0	0	0	0	1	0	0	0	0	0	1	0	0	0
0.9583333333333334	0.43243243243243246	0.974851394604481	0.9583333333333334	0.43243243243243246	0.974851394604481	1	0	0	0	0	0	0	0	0	0	0	0	1	0
0.9666666666666667	0.08108108108108109	0.9766803840877915	0.9666666666666667	0.08108108108108109	0.9766803840877915	1	0	0	0	0	0	0	0	0	0	0	0	1	0
0.975	0.10810810810810811	0.9789666209419295	0.975	0.10810810810810811	0.9789666209419295	0	0	1	0	0	0	0	0	0	1	0	0	0	0
0.975	0.13513513513513514	0.9794238683127572	0.975	0.13513513513513514	0.9794238683127572	1	0	0	0	0	0	0	0	0	0	0	0	1	0
0.975	0.16216216216216217	0.9798811156835848	0.975	0.16216216216216217	0.9798811156835848	1	0	0	0	0	0	0	0	0	1	0	0	0	0
0.975	0.21621621621621623	0.9807956104252401	0.975	0.21621621621621623	0.9807956104252401	1	0	0	0	0	0	0	0	0	0	0	0	1	0
0.9416666666666667	0.1891891891891892	0.9611339734796525	0.975	0.24324324324324326	0.9812528577960676	0	0	1	0	0	0	0	0	0	1	0	0	0	0
0.975	0.32432432432432434	0.9826245999085506	0.975	0.32432432432432434	0.9826245999085506	1	0	0	0	0	0	0	0	0	0	0	0	1	0
0.975	0.35135135135135137	0.9830818472793782	0.975	0.35135135135135137	0.9830818472793782	1	0	0	0	0	0	0	0	0	0	0	0	1	0
0.9416666666666667	0.1891891891891892	0.9611339734796525	0.9833333333333333	0.10810810810810811	0.9853680841335163	0	0	1	0	0	0	0	0	0	1	0	0	0	0
0.9833333333333333	0.1891891891891892	0.9867398262459991	0.9833333333333333	0.1891891891891892	0.9867398262459991	1	0	0	0	0	0	0	0	0	0	0	0	1	0
0.7666666666666667	0.1891891891891892	0.8225880201188843	0.9833333333333333	0.21621621621621623	0.9871970736168267	0	0	1	0	0	0	0	0	0	1	0	0	0	0
0.9833333333333333	0.2972972972972973	0.9885688157293095	0.9833333333333333	0.2972972972972973	0.9885688157293095	1	0	0	0	0	0	0	0	0	0	0	0	1	0
0.9416666666666667	0.1891891891891892	0.9611339734796525	0.9833333333333333	0.32432432432432434	0.9890260631001372	0	0	1	0	0	0	0	0	0	1	0	0	0	0
0.9833333333333333	0.40540540540540543	0.99039780521262	0.9833333333333333	0.40540540540540543	0.99039780521262	1	0	0	0	0	0	0	0	0	0	0	0	1	0
0.9833333333333333	0.43243243243243246	0.9908550525834476	0.9833333333333333	0.43243243243243246	0.9908550525834476	1	0	0	0	0	0	0	0	0	0	0	0	1	0
0.9916666666666667	0.08108108108108109	0.9926840420667581	0.9916666666666667	0.08108108108108109	0.9926840420667581	1	0	0	0	0	0	0	0	0	0	0	0	1	0
1	0.08108108108108109	0.9945130315500685	1	0.08108108108108109	0.9945130315500685	0	0	1	0	0	0	0	0	0	1	0	0	0	0
1	0.2702702702702703	0.9977137631458619	1	0.2702702702702703	0.9977137631458619	1	0	0	0	0	0	0	0	0	0	0	0	1	0
1	0.2972972972972973	0.9981710105166895	1	0.2972972972972973	0.9981710105166895	1	0	0	0	0	0	0	0	0	1	0	0	0	0
1	0.3783783783783784	0.9995427526291724	1	0.3783783783783784	0.9995427526291724	1	0	0	0	0	0	0	0	0	0	0	0	1	0
1	0.40540540540540543	1	1	0.40540540540540543	1	0	0	1	0	0	0	0	0	0	1	0	0	0	0
1	0.43243243243243246	1.0004572473708275	1	0.43243243243243246	1.0004572473708275	1	0	0	0	0	0	0	0	0	0	0	0	1	0
1	0.4594594594594595	1.0009144947416553	1	0.4594594594594595	1.0009144947416553	1	0	0	0	0	0	0	0	0	0	0	0	1	0
1	0.4864864864864865	1.0013717421124828	1	0.4864864864864865	1.0013717421124828	1	0	0	0	0	0	0	0	0	0	0	0	1	0
1.0083333333333333	0.08108108108108109	1.0032007315957934	1.0083333333333333	0.08108108108108109	1.0032007315957934	1	0	0	0	0	0	0	0	1	0	0	0	0	0
1.0083333333333333	0.16216216216216217	1.0045724737082762	1.0083333333333333	0.16216216216216217	1.0045724737082762	1	0	0	0	0	0	0	0	0	0	0	0	1	0
1.0083333333333333	0.1891891891891892	1.0050297210791037	1.0083333333333333	0.1891891891891892	1.0050297210791037	1	0	0	0	0	0	0	0	1	0	0	0	0	0
1.0083333333333333	0.32432432432432434	1.0073159579332418	1.0083333333333333	0.32432432432432434	1.0073159579332418	0	1	0	0	0	0	0	0	0	1	0	0	0	0
1.0083333333333333	0.35135135135135137	1.0077732053040696	1.0083333333333333	0.35135135135135137	1.0077732053040696	0	0	1	0	0	0	0	0	0	0	0	0	1	0
1.0083333333333333	0.3783783783783784	1.008230452674897	1.0083333333333333	0.3783783783783784	1.008230452674897	0	0	1	0	0	0	0	0	0	1	0	0	0	0
1.0083333333333333	0.40540540540540543	1.0086877000457248	1.0083333333333333	0.40540540540540543	1.0086877000457248	1	0	0	0	0	0	0	0	0	0	0	0	1	0
1.0083333333333333	0.4594594594594595	1.00960219478738	1.0083333333333333	0.4594594594594595	1.00960219478738	0	0	1	0	0	0	0	0	0	1	0	0	0	0
1.0083333333333333	0.5675675675675675	1.0114311842706905	1.0083333333333333	0.5675675675675675	1.0114311842706905	0	0	1	0	0	0	0	0	0	0	0	0	1	0
0.7333333333333333	0.1891891891891892	0.7864654778235025	1.0083333333333333	0.6216216216216216	1.0123456790123457	0	0	1	0	0	0	0	0	0	1	0	0	0	0
1.0083333333333333	0.7027027027027027	1.0137174211248285	1.0083333333333333	0.7027027027027027	1.0137174211248285	1	0	0	0	0	0	0	0	0	0	0	0	1	0
1.0083333333333333	0.32432432432432434	1.0073159579332418	1.0083333333333333	0.7297297297297297	1.014174668495656	0	0	1	0	0	0	0	0	0	1	0	0	0	0
1.0083333333333333	0.7567567567567568	1.0146319158664838	1.0083333333333333	0.7567567567567568	1.0146319158664838	1	0	0	0	0	0	0	0	0	0	0	0	1	0
1.0083333333333333	0.7837837837837838	1.0150891632373114	1.0083333333333333	0.7837837837837838	1.0150891632373114	0	0	1	0	0	0	0	0	0	0	0	0	1	0
1.0083333333333333	0.8378378378378378	1.0160036579789666	1.0083333333333333	0.8378378378378378	1.0160036579789666	1	0	0	0	0	0	0	0	0	0	1	0	0	0
1.0083333333333333	0.918918918918919	1.0173754000914494	1.0083333333333333	0.918918918918919	1.0173754000914494	1	0	0	0	0	0	0	0	0	0	0	0	1	0
1.0166666666666666	0.05405405405405406	1.0187471422039323	1.0166666666666666	0.05405405405405406	1.0187471422039323	1	0	0	0	0	0	0	0	0	0	0	0	1	0
1.025	0.05405405405405406	1.0201188843164153	1.025	0.05405405405405406	1.0201188843164153	1	0	0	0	0	0	0	0	1	0	0	0	0	0
1.025	0.24324324324324326	1.0233196159122084	1.025	0.24324324324324326	1.0233196159122084	0	0	0	0	1	0	0	0	0	0	1	0	0	0
1.025	0.2702702702702703	1.0237768632830362	1.025	0.2702702702702703	1.0237768632830362	1	0	0	0	0	0	0	0	0	0	0	0	1	0
1.0333333333333334	0.02702702702702703	1.0246913580246915	1.0333333333333334	0.02702702702702703	1.0246913580246915	1	0	0	0	0	0	0	0	0	0	0	0	1	0
1	0.40540540540540543	1	1	0.40540540540540543	1	0	0	1	0	0	0	0	0	0	1	0	0	0	0
1	0.40540540540540543	1	1	0.40540540540540543	1	0	0	1	0	0	0	0	0	0	1	0	0	0	0