0.03225806451612903	0.018518518518518517	0.022163120567375887	0.03225806451612903	0.018518518518518517	0.022163120567375887	1	0	0	0	0	0	0	0	1	0	0	0	0	0
0.03225806451612903	0.12962962962962962	0.0274822695035461	0.03225806451612903	0.12962962962962962	0.0274822695035461	1	0	0	0	0	0	0	0	1	0	0	0	0	0
0.03225806451612903	0.3148148148148148	0.03634751773049645	0.03225806451612903	0.3148148148148148	0.03634751773049645	1	0	0	0	0	0	0	0	0	1	0	0	0	0
0.0967741935483871	0.018518518518518517	0.06205673758865248	0.0967741935483871	0.018518518518518517	0.06205673758865248	1	0	0	0	0	0	0	0	1	0	0	0	0	0
0.0967741935483871	0.12962962962962962	0.0673758865248227	0.0967741935483871	0.12962962962962962	0.0673758865248227	1	0	0	0	0	0	0	0	1	0	0	0	0	0
0.0967741935483871	0.2037037037037037	0.07092198581560284	0.0967741935483871	0.2037037037037037	0.07092198581560284	0	1	0	0	0	0	0	0	0	1	0	0	0	0
0.0967741935483871	0.24074074074074073	0.0726950354609929	0.0967741935483871	0.24074074074074073	0.0726950354609929	1	0	0	0	0	0	0	0	0	0	0	0	1	0
0.0967741935483871	0.2777777777777778	0.07446808510638298	0.0967741935483871	0.2777777777777778	0.07446808510638298	1	0	0	0	0	0	0	0	0	0	1	0	0	0
0.0967741935483871	0.35185185185185186	0.07801418439716312	0.0967741935483871	0.35185185185185186	0.07801418439716312	1	0	0	0	0	0	0	0	0	0	0	0	1	0
0.0967741935483871	0.3888888888888889	0.0797872340425532	0.0967741935483871	0.3888888888888889	0.0797872340425532	0	0	0	0	1	0	0	0	0	0	1	0	0	0
0.06451612903225806	0.24074074074074073	0.05230496453900709	0.06451612903225806	0.24074074074074073	0.05230496453900709	1	0	0	0	0	0	0	0	1	0	0	0	0	0
0.06451612903225806	0.3333333333333333	0.05673758865248227	0.06451612903225806	0.3333333333333333	0.05673758865248227	1	0	0	0	0	0	0	0	1	0	0	0	0	0
0.0967741935483871	0.018518518518518517	0.06205673758865248	0.0967741935483871	0.018518518518518517	0.06205673758865248	1	0	0	0	0	0	0	0	1	0	0	0	0	0
0.0967741935483871	0.12962962962962962	0.0673758865248227	0.0967741935483871	0.12962962962962962	0.0673758865248227	1	0	0	0	0	0	0	0	1	0	0	0	0	0
0.0967741935483871	0.2037037037037037	0.07092198581560284	0.0967741935483871	0.2037037037037037	0.07092198581560284	0	1	0	0	0	0	0	0	0	1	0	0	0	0
0.0967741935483871	0.24074074074074073	0.0726950354609929	0.0967741935483871	0.24074074074074073	0.0726950354609929	1	0	0	0	0	0	0	0	0	0	0	0	1	0
0.0967741935483871	0.2777777777777778	0.07446808510638298	0.0967741935483871	0.2777777777777778	0.07446808510638298	1	0	0	0	0	0	0	0	0	0	1	0	0	0
0.0967741935483871	0.35185185185185186	0.07801418439716312	0.0967741935483871	0.35185185185185186	0.07801418439716312	1	0	0	0	0	0	0	0	0	0	0	0	1	0
0.0967741935483871	0.3888888888888889	0.0797872340425532	0.0967741935483871	0.3888888888888889	0.0797872340425532	0	0	0	0	1	0	0	0	0	0	1	0	0	0
0.0967741935483871	0.42592592592592593	0.08156028368794327	0.0967741935483871	0.42592592592592593	0.08156028368794327	1	0	0	0	0	0	0	0	0	0	0	0	1	0
0.11290322580645161	0.018518518518518517	0.08333333333333333	0.11290322580645161	0.018518518518518517	0.08333333333333333	1	0	0	0	0	0	0	0	1	0	0	0	0	0
0.11290322580645161	0.09259259259259259	0.08687943262411348	0.11290322580645161	0.09259259259259259	0.08687943262411348	0	1	0	0	0	0	0	0	0	1	0	0	0	0
0.06451612903225806	0.24074074074074073	0.05230496453900709	0.06451612903225806	0.24074074074074073	0.05230496453900709	1	0	0	0	0	0	0	0	1	0	0	0	0	0
0.06451612903225806	0.3333333333333333	0.05673758865248227	0.06451612903225806	0.3333333333333333	0.05673758865248227	1	0	0	0	0	0	0	0	1	0	0	0	0	0
0.0967741935483871	0.018518518518518517	0.06205673758865248	0.0967741935483871	0.018518518518518517	0.06205673758865248	1	0	0	0	0	0	0	0	1	0	0	0	0	0
0.0967741935483871	0.12962962962962962	0.0673758865248227	0.0967741935483871	0.12962962962962962	0.0673758865248227	1	0	0	0	0	0	0	0	1	0	0	0	0	0
0.0967741935483871	0.2037037037037037	0.07092198581560284	0.0967741935483871	0.2037037037037037	0.07092198581560284	0	1	0	0	0	0	0	0	0	1	0	0	0	0
0.0967741935483871	0.24074074074074073	0.0726950354609929	0.0967741935483871	0.24074074074074073	0.0726950354609929	1	0	0	0	0	0	0	0	0	0	0	0	1	0
0.0967741935483871	0.2777777777777778	0.07446808510638298	0.0967741935483871	0.2777777777777778	0.07446808510638298	1	0	0	0	0	0	0	0	0	0	1	0	0	0
0.0967741935483871	0.35185185185185186	0.07801418439716312	0.0967741935483871	0.35185185185185186	0.07801418439716312	1	0	0	0	0	0	0	0	0	0	0	0	1	0
0.0967741935483871	0.3888888888888889	0.0797872340425532	0.0967741935483871	0.3888888888888889	0.0797872340425532	0	0	0	0	1	0	0	0	0	0	1	0	0	0
0.0967741935483871	0.42592592592592593	0.08156028368794327	0.0967741935483871	0.42592592592592593	0.08156028368794327	1	0	0	0	0	0	0	0	0	0	0	0	1	0
0.11290322580645161	0.018518518518518517	0.08333333333333333	0.11290322580645161	0.018518518518518517	0.08333333333333333	1	0	0	0	0	0	0	0	1	0	0	0	0	0
0.11290322580645161	0.09259259259259259	0.08687943262411348	0.11290322580645161	0.09259259259259259	0.08687943262411348	0	1	0	0	0	0	0	0	0	1	0	0	0	0
0.11290322580645161	0.1111111111111111	0.08776595744680851	0.11290322580645161	0.1111111111111111	0.08776595744680851	1	0	0	0	0	0	0	0	0	0	0	0	1	0
0.11290322580645161	0.14814814814814814	0.08953900709219859	0.11290322580645161	0.14814814814814814	0.08953900709219859	0	1	0	0	0	0	0	0	0	1	0	0	0	0
0.06451612903225806	0.24074074074074073	0.05230496453900709	0.06451612903225806	0.24074074074074073	0.05230496453900709	1	0	0	0	0	0	0	0	1	0	0	0	0	0
0.06451612903225806	0.3333333333333333	0.05673758865248227	0.06451612903225806	0.3333333333333333	0.05673758865248227	1	0	0	0	0	0	0	0	1	0	0	0	0	0
0.0967741935483871	0.018518518518518517	0.06205673758865248	0.0967741935483871	0.018518518518518517	0.06205673758865248	1	0	0	0	0	0	0	0	1	0	0	0	0	0
0.0967741935483871	0.12962962962962962	0.0673758865248227	0.0967741935483871	0.12962962962962962	0.0673758865248227	1	0	0	0	0	0	0	0	1	0	0	0	0	0
0.0967741935483871	0.2037037037037037	0.07092198581560284	0.0967741935483871	0.2037037037037037	0.07092198581560284	0	1	0	0	0	0	0	0	0	1	0	0	0	0
0.0967741935483871	0.24074074074074073	0.0726950354609929	0.0967741935483871	0.24074074074074073	0.0726950354609929	1	0	0	0	0	0	0	0	0	0	0	0	1	0
0.0967741935483871	0.2777777777777778	0.07446808510638298	0.0967741935483871	0.2777777777777778	0.07446808510638298	1	0	0	0	0	0	0	0	0	0	1	0	0	0
0.0967741935483871	0.35185185185185186	0.07801418439716312	0.0967741935483871	0.35185185185185186	0.07801418439716312	1	0	0	0	0	0	0	0	0	0	0	0	1	0
0.0967741935483871	0.3888888888888889	0.0797872340425532	0.0967741935483871	0.3888888888888889	0.0797872340425532	0	0	0	0	1	0	0	0	0	0	1	0	0	0
0.0967741935483871	0.42592592592592593	0.08156028368794327	0.0967741935483871	0.42592592592592593	0.08156028368794327	1	0	0	0	0	0	0	0	0	0	0	0	1	0
0.11290322580645161	0.018518518518518517	0.08333333333333333	0.11290322580645161	0.018518518518518517	0.08333333333333333	1	0	0	0	0	0	0	0	1	0	0	0	0	0
0.11290322580645161	0.09259259259259259	0.08687943262411348	0.11290322580645161	0.09259259259259259	0.08687943262411348	0	1	0	0	0	0	0	0	0	1	0	0	0	0
0.11290322580645161	0.1111111111111111	0.08776595744680851	0.11290322580645161	0.1111111111111111	0.08776595744680851	1	0	0	0	0	0	0	0	0	0	0	0	1	0
0.11290322580645161	0.14814814814814814	0.08953900709219859	0.11290322580645161	0.14814814814814814	0.08953900709219859	0	1	0	0	0	0	0	0	0	1	0	0	0	0
0.11290322580645161	0.16666666666666666	0.09042553191489362	0.11290322580645161	0.16666666666666666	0.09042553191489362	1	0	0	0	0	0	0	0	0	0	0	0	1	0
0.11290322580645161	0.2037037037037037	0.09219858156028368	0.11290322580645161	0.2037037037037037	0.09219858156028368	0	1	0	0	0	0	0	0	0	1	0	0	0	0
0.11290322580645161	0.25925925925925924	0.09485815602836879	0.11290322580645161	0.25925925925925924	0.09485815602836879	1	0	0	0	0	0	0	0	0	0	0	0	1	0
0.0967741935483871	0.2037037037037037	0.07092198581560284	0.11290322580645161	0.2777777777777778	0.09574468085106383	0	0	1	0	0	0	0	0	0	1	0	0	0	0
0.11290322580645161	0.2962962962962963	0.09663120567375887	0.11290322580645161	0.2962962962962963	0.09663120567375887	1	0	0	0	0	0	0	0	0	0	0	0	1	0
0.11290322580645161	0.3148148148148148	0.0975177304964539	0.11290322580645161	0.3148148148148148	0.0975177304964539	1	0	0	0	0	0	0	0	0	0	0	0	1	0
0.0967741935483871	0.2037037037037037	0.07092198581560284	0.11290322580645161	0.3333333333333333	0.09840425531914894	0	0	1	0	0	0	0	0	0	1	0	0	0	0
0.11290322580645161	0.35185185185185186	0.09929078014184398	0.11290322580645161	0.35185185185185186	0.09929078014184398	1	0	0	0	0	0	0	0	0	0	0	0	1	0
0.06451612903225806	0.24074074074074073	0.05230496453900709	0.06451612903225806	0.24074074074074073	0.05230496453900709	1	0	0	0	0	0	0	0	1	0	0	0	0	0
0.06451612903225806	0.3333333333333333	0.05673758865248227	0.06451612903225806	0.3333333333333333	0.05673758865248227	1	0	0	0	0	0	0	0	1	0	0	0	0	0
0.0967741935483871	0.018518518518518517	0.06205673758865248	0.0967741935483871	0.018518518518518517	0.06205673758865248	1	0	0	0	0	0	0	0	1	0	0	0	0	0
0.0967741935483871	0.12962962962962962	0.0673758865248227	0.0967741935483871	0.12962962962962962	0.0673758865248227	1	0	0	0	0	0	0	0	1	0	0	0	0	0
0.0967741935483871	0.2037037037037037	0.07092198581560284	0.0967741935483871	0.2037037037037037	0.07092198581560284	0	1	0	0	0	0	0	0	0	1	0	0	0	0
0.0967741935483871	0.24074074074074073	0.0726950354609929	0.0967741935483871	0.24074074074074073	0.0726950354609929	1	0	0	0	0	0	0	0	0	0	0	0	1	0
0.0967741935483871	0.2777777777777778	0.07446808510638298	0.0967741935483871	0.2777777777777778	0.07446808510638298	1	0	0	0	0	0	0	0	0	0	1	0	0	0
0.0967741935483871	0.35185185185185186	0.07801418439716312	0.0967741935483871	0.35185185185185186	0.07801418439716312	1	0	0	0	0	0	0	0	0	0	0	0	1	0
0.0967741935483871	0.3888888888888889	0.0797872340425532	0.0967741935483871	0.3888888888888889	0.0797872340425532	0	0	0	0	1	0	0	0	0	0	1	0	0	0
0.0967741935483871	0.42592592592592593	0.08156028368794327	0.0967741935483871	0.42592592592592593	0.08156028368794327	1	0	0	0	0	0	0	0	0	0	0	0	1	0
0.11290322580645161	0.018518518518518517	0.08333333333333333	0.11290322580645161	0.018518518518518517	0.08333333333333333	1	0	0	0	0	0	0	0	1	0	0	0	0	0
0.11290322580645161	0.09259259259259259	0.08687943262411348	0.11290322580645161	0.09259259259259259	0.08687943262411348	0	1	0	0	0	0	0	0	0	1	0	0	0	0
0.11290322580645161	0.1111111111111111	0.08776595744680851	0.11290322580645161	0.1111111111111111	0.08776595744680851	1	0	0	0	0	0	0	0	0	0	0	0	1	0
0.11290322580645161	0.14814814814814814	0.08953900709219859	0.11290322580645161	0.14814814814814814	0.08953900709219859	0	1	0	0	0	0	0	0	0	1	0	0	0	0
0.11290322580645161	0.16666666666666666	0.09042553191489362	0.11290322580645161	0.16666666666666666	0.09042553191489362	1	0	0	0	0	0	0	0	0	0	0	0	1	0
0.11290322580645161	0.2037037037037037	0.09219858156028368	0.11290322580645161	0.2037037037037037	0.09219858156028368	0	1	0	0	0	0	0	0	0	1	0	0	0	0
0.11290322580645161	0.25925925925925924	0.09485815602836879	0.11290322580645161	0.25925925925925924	0.09485815602836879	1	0	0	0	0	0	0	0	0	0	0	0	1	0
0.0967741935483871	0.2037037037037037	0.07092198581560284	0.11290322580645161	0.2777777777777778	0.09574468085106383	0	0	1	0	0	0	0	0	0	1	0	0	0	0
0.11290322580645161	0.2962962962962963	0.09663120567375887	0.11290322580645161	0.2962962962962963	0.09663120567375887	1	0	0	0	0	0	0	0	0	0	0	0	1	0
0.11290322580645161	0.3148148148148148	0.0975177304964539	0.11290322580645161	0.3148148148148148	0.0975177304964539	1	0	0	0	0	0	0	0	0	0	0	0	1	0
0.0967741935483871	0.2037037037037037	0.07092198581560284	0.11290322580645161	0.3333333333333333	0.09840425531914894	0	0	1	0	0	0	0	0	0	1	0	0	0	0
0.11290322580645161	0.35185185185185186	0.09929078014184398	0.11290322580645161	0.35185185185185186	0.09929078014184398	1	0	0	0	0	0	0	0	0	0	0	0	1	0
0.11290322580645161	0.37037037037037035	0.10017730496453901	0.11290322580645161	0.37037037037037035	0.10017730496453901	1	0	0	0	0	0	0	0	0	0	0	0	1	0
0.11290322580645161	0.4074074074074074	0.10195035460992907	0.11290322580645161	0.4074074074074074	0.10195035460992907	0	1	0	0	0	0	0	0	0	1	0	0	0	0
0.11290322580645161	0.46296296296296297	0.10460992907801418	0.11290322580645161	0.46296296296296297	0.10460992907801418	1	0	0	0	0	0	0	0	0	0	0	0	1	0
0.0967741935483871	0.2037037037037037	0.07092198581560284	0.11290322580645161	0.48148148148148145	0.10549645390070922	0	0	1	0	0	0	0	0	0	1	0	0	0	0
0.11290322580645161	0.5	0.10638297872340426	0.11290322580645161	0.5	0.10638297872340426	1	0	0	0	0	0	0	0	0	0	0	0	1	0
0.11290322580645161	0.5185185185185185	0.10726950354609929	0.11290322580645161	0.5185185185185185	0.10726950354609929	1	0	0	0	0	0	0	0	0	0	0	0	1	0
0.0967741935483871	0.2037037037037037	0.07092198581560284	0.11290322580645161	0.5370370370370371	0.10815602836879433	0	0	1	0	0	0	0	0	0	1	0	0	0	0
0.11290322580645161	0.5555555555555556	0.10904255319148937	0.11290322580645161	0.5555555555555556	0.10904255319148937	1	0	0	0	0	0	0	0	0	0	0	0	1	0
0.12903225806451613	0.018518518518518517	0.11170212765957446	0.12903225806451613	0.018518518518518517	0.11170212765957446	1	0	0	0	0	0	0	0	0	1	0	0	0	0
0.12903225806451613	0.14814814814814814	0.11790780141843972	0.12903225806451613	0.14814814814814814	0.11790780141843972	1	0	0	0	0	0	0	0	0	0	0	0	1	0
0.12903225806451613	0.16666666666666666	0.11879432624113476	0.12903225806451613	0.16666666666666666	0.11879432624113476	1	0	0	0	0	0	0	0	1	0	0	0	0	0
0.12903225806451613	0.2222222222222222	0.12145390070921985	0.12903225806451613	0.2222222222222222	0.12145390070921985	1	0	0	0	0	0	0	0	0	0	0	0	1	0
0.12903225806451613	0.25925925925925924	0.12322695035460993	0.12903225806451613	0.25925925925925924	0.12322695035460993	1	0	0	0	0	0	0	0	0	1	0	0	0	0
0.12903225806451613	0.3148148148148148	0.12588652482269502	0.12903225806451613	0.3148148148148148	0.12588652482269502	1	0	0	0	0	0	0	0	0	0	0	0	1	0
0.12903225806451613	0.35185185185185186	0.1276595744680851	0.12903225806451613	0.35185185185185186	0.1276595744680851	1	0	0	0	0	0	0	0	0	1	0	0	0	0
0.16129032258064516	0.018518518518518517	0.13297872340425532	0.16129032258064516	0.018518518518518517	0.13297872340425532	1	0	0	0	0	0	0	0	0	1	0	0	0	0
0.16129032258064516	0.16666666666666666	0.1400709219858156	0.16129032258064516	0.16666666666666666	0.1400709219858156	0	0	0	1	0	0	0	0	0	1	0	0	0	0
0.16129032258064516	0.24074074074074073	0.14361702127659576	0.16129032258064516	0.24074074074074073	0.14361702127659576	1	0	0	0	0	0	0	0	0	0	0	0	1	0
0.16129032258064516	0.25925925925925924	0.14450354609929078	0.16129032258064516	0.25925925925925924	0.14450354609929078	1	0	0	0	0	0	0	0	0	0	0	0	1	0
0.16129032258064516	0.2962962962962963	0.14627659574468085	0.16129032258064516	0.2962962962962963	0.14627659574468085	1	0	0	0	0	0	0	0	0	0	0	0	1	0
0.1774193548387097	0.037037037037037035	0.14893617021276595	0.1774193548387097	0.037037037037037035	0.14893617021276595	1	0	0	0	0	0	0	0	0	1	0	0	0	0
0.1774193548387097	0.09259259259259259	0.15159574468085107	0.1774193548387097	0.09259259259259259	0.15159574468085107	1	0	0	0	0	0	0	0	0	0	0	0	1	0
0.1774193548387097	0.12962962962962962	0.15336879432624115	0.1774193548387097	0.12962962962962962	0.15336879432624115	0	0	1	0	0	0	0	0	0	1	0	0	0	0
0.1774193548387097	0.4074074074074074	0.16666666666666666	0.1774193548387097	0.4074074074074074	0.16666666666666666	1	0	0	0	0	0	0	0	0	0	0	0	1	0
0.1774193548387097	0.42592592592592593	0.1675531914893617	0.1774193548387097	0.42592592592592593	0.1675531914893617	0	0	0	0	1	0	0	0	0	0	1	0	0	0
0.1774193548387097	0.4444444444444444	0.16843971631205673	0.1774193548387097	0.4444444444444444	0.16843971631205673	1	0	0	0	0	0	0	0	0	0	0	0	1	0
0.1774193548387097	0.46296296296296297	0.16932624113475178	0.1774193548387097	0.46296296296296297	0.16932624113475178	1	0	0	0	0	0	0	0	0	0	0	0	1	0
0.1935483870967742	0.037037037037037035	0.17198581560283688	0.1935483870967742	0.037037037037037035	0.17198581560283688	0	0	1	0	0	0	0	0	0	1	0	0	0	0
0.1935483870967742	0.09259259259259259	0.17464539007092197	0.1935483870967742	0.09259259259259259	0.17464539007092197	1	0	0	0	0	0	0	0	0	0	0	0	1	0
0.1935483870967742	0.1111111111111111	0.17553191489361702	0.1935483870967742	0.1111111111111111	0.17553191489361702	1	0	0	0	0	0	0	0	0	1	0	0	0	0
0.1935483870967742	0.16666666666666666	0.17819148936170212	0.1935483870967742	0.16666666666666666	0.17819148936170212	1	0	0	0	0	0	0	0	0	0	0	0	1	0
0.1935483870967742	0.18518518518518517	0.17907801418439717	0.1935483870967742	0.18518518518518517	0.17907801418439717	0	0	0	0	1	0	0	0	0	0	1	0	0	0
0.1935483870967742	0.2037037037037037	0.1799645390070922	0.1935483870967742	0.2037037037037037	0.1799645390070922	1	0	0	0	0	0	0	0	0	0	0	0	1	0
0.1935483870967742	0.2222222222222222	0.18085106382978725	0.1935483870967742	0.2222222222222222	0.18085106382978725	1	0	0	0	0	0	0	0	0	0	0	0	1	0
0.22580645161290322	0.037037037037037035	0.18528368794326242	0.22580645161290322	0.037037037037037035	0.18528368794326242	0	0	1	0	0	0	0	0	0	1	0	0	0	0
0.22580645161290322	0.1111111111111111	0.18882978723404256	0.22580645161290322	0.1111111111111111	0.18882978723404256	0	0	1	0	0	0	0	0	0	0	0	0	1	0
0.11290322580645161	0.09259259259259259	0.08687943262411348	0.22580645161290322	0.16666666666666666	0.19148936170212766	0	0	1	0	0	0	0	0	0	1	0	0	0	0
0.22580645161290322	0.18518518518518517	0.19237588652482268	0.22580645161290322	0.18518518518518517	0.19237588652482268	1	0	0	0	0	0	0	0	0	0	0	0	1	0
0.24193548387096775	0.037037037037037035	0.1950354609929078	0.24193548387096775	0.037037037037037035	0.1950354609929078	1	0	0	0	0	0	0	0	1	0	0	0	0	0
0.24193548387096775	0.1111111111111111	0.19858156028368795	0.24193548387096775	0.1111111111111111	0.19858156028368795	1	0	0	0	0	0	0	0	0	0	0	0	1	0
0.24193548387096775	0.12962962962962962	0.19946808510638298	0.24193548387096775	0.12962962962962962	0.19946808510638298	1	0	0	0	0	0	0	0	1	0	0	0	0	0
0.24193548387096775	0.2037037037037037	0.20301418439716312	0.24193548387096775	0.2037037037037037	0.20301418439716312	0	1	0	0	0	0	0	0	0	1	0	0	0	0
0.24193548387096775	0.24074074074074073	0.2047872340425532	0.24193548387096775	0.24074074074074073	0.2047872340425532	1	0	0	0	0	0	0	0	0	0	0	0	1	0
0.24193548387096775	0.2777777777777778	0.20656028368794327	0.24193548387096775	0.2777777777777778	0.20656028368794327	0	0	0	0	1	0	0	0	0	0	1	0	0	0
0.24193548387096775	0.2962962962962963	0.2074468085106383	0.24193548387096775	0.2962962962962963	0.2074468085106383	1	0	0	0	0	0	0	0	0	0	0	0	1	0
0.24193548387096775	0.2037037037037037	0.20301418439716312	0.24193548387096775	0.3333333333333333	0.20921985815602837	0	0	1	0	0	0	0	0	0	1	0	0	0	0
0.24193548387096775	0.37037037037037035	0.21099290780141844	0.24193548387096775	0.37037037037037035	0.21099290780141844	1	0	0	0	0	0	0	0	0	0	0	0	1	0
0.11290322580645161	0.09259259259259259	0.08687943262411348	0.24193548387096775	0.4074074074074074	0.2127659574468085	0	0	1	0	0	0	0	0	0	1	0	0	0	0
0.24193548387096775	0.42592592592592593	0.21365248226950354	0.24193548387096775	0.42592592592592593	0.21365248226950354	1	0	0	0	0	0	0	0	0	0	0	0	1	0
0.24193548387096775	0.2037037037037037	0.20301418439716312	0.24193548387096775	0.46296296296296297	0.2154255319148936	0	0	1	0	0	0	0	0	0	1	0	0	0	0
0.24193548387096775	0.48148148148148145	0.21631205673758866	0.24193548387096775	0.48148148148148145	0.21631205673758866	1	0	0	0	0	0	0	0	0	0	0	0	1	0
0.24193548387096775	0.5185185185185185	0.21808510638297873	0.24193548387096775	0.5185185185185185	0.21808510638297873	1	0	0	0	0	0	0	0	0	0	0	0	1	0
0.25806451612903225	0.05555555555555555	0.22163120567375885	0.25806451612903225	0.05555555555555555	0.22163120567375885	1	0	0	0	0	0	0	0	1	0	0	0	0	0
0.25806451612903225	0.12962962962962962	0.225177304964539	0.25806451612903225	0.12962962962962962	0.225177304964539	1	0	0	0	0	0	0	0	0	0	0	0	1	0
0.25806451612903225	0.14814814814814814	0.22606382978723405	0.25806451612903225	0.14814814814814814	0.22606382978723405	1	0	0	0	0	0	0	0	1	0	0	0	0	0
0.25806451612903225	0.2222222222222222	0.2296099290780142	0.25806451612903225	0.2222222222222222	0.2296099290780142	0	1	0	0	0	0	0	0	0	1	0	0	0	0
0.25806451612903225	0.25925925925925924	0.23138297872340424	0.25806451612903225	0.25925925925925924	0.23138297872340424	1	0	0	0	0	0	0	0	0	0	0	0	1	0
0.25806451612903225	0.2962962962962963	0.23315602836879432	0.25806451612903225	0.2962962962962963	0.23315602836879432	0	0	0	0	1	0	0	0	0	0	1	0	0	0
0.25806451612903225	0.3148148148148148	0.23404255319148937	0.25806451612903225	0.3148148148148148	0.23404255319148937	1	0	0	0	0	0	0	0	0	0	0	0	1	0
0.25806451612903225	0.2222222222222222	0.2296099290780142	0.25806451612903225	0.35185185185185186	0.23581560283687944	0	0	1	0	0	0	0	0	0	1	0	0	0	0
0.25806451612903225	0.3888888888888889	0.2375886524822695	0.25806451612903225	0.3888888888888889	0.2375886524822695	1	0	0	0	0	0	0	0	0	0	0	0	1	0
0.11290322580645161	0.09259259259259259	0.08687943262411348	0.25806451612903225	0.42592592592592593	0.2393617021276596	0	0	1	0	0	0	0	0	0	1	0	0	0	0
0.25806451612903225	0.4444444444444444	0.2402482269503546	0.25806451612903225	0.4444444444444444	0.2402482269503546	1	0	0	0	0	0	0	0	0	0	0	0	1	0
0.25806451612903225	0.2222222222222222	0.2296099290780142	0.25806451612903225	0.48148148148148145	0.24202127659574468	0	0	1	0	0	0	0	0	0	1	0	0	0	0
0.25806451612903225	0.5	0.2429078014184397	0.25806451612903225	0.5	0.2429078014184397	1	0	0	0	0	0	0	0	0	0	0	0	1	0
0.25806451612903225	0.5370370370370371	0.24468085106382978	0.25806451612903225	0.5370370370370371	0.24468085106382978	1	0	0	0	0	0	0	0	0	0	0	0	1	0
0.25806451612903225	0.5740740740740741	0.24645390070921985	0.25806451612903225	0.5740740740740741	0.24645390070921985	1	0	0	0	0	0	0	0	0	0	0	0	1	0
0.27419354838709675	0.07407407407407407	0.250886524822695	0.27419354838709675	0.07407407407407407	0.250886524822695	1	0	0	0	0	0	0	0	1	0	0	0	0	0
0.27419354838709675	0.16666666666666666	0.2553191489361702	0.27419354838709675	0.16666666666666666	0.2553191489361702	0	1	0	0	0	0	0	0	0	1	0	0	0	0
0.27419354838709675	0.18518518518518517	0.25620567375886527	0.27419354838709675	0.18518518518518517	0.25620567375886527	1	0	0	0	0	0	0	0	0	0	0	0	1	0
0.2903225806451613	0.07407407407407407	0.26063829787234044	0.2903225806451613	0.07407407407407407	0.26063829787234044	0	0	1	0	0	0	0	0	0	1	0	0	0	0
0.2903225806451613	0.14814814814814814	0.2641843971631206	0.2903225806451613	0.14814814814814814	0.2641843971631206	0	0	1	0	0	0	0	0	0	0	0	0	1	0
0.27419354838709675	0.16666666666666666	0.2553191489361702	0.2903225806451613	0.2037037037037037	0.26684397163120566	0	0	1	0	0	0	0	0	0	1	0	0	0	0
0.2903225806451613	0.2222222222222222	0.26773049645390073	0.2903225806451613	0.2222222222222222	0.26773049645390073	1	0	0	0	0	0	0	0	0	0	0	0	1	0
0.3064516129032258	0.07407407407407407	0.2721631205673759	0.3064516129032258	0.07407407407407407	0.2721631205673759	1	0	0	0	0	0	0	0	1	0	0	0	0	0
0.3064516129032258	0.12962962962962962	0.274822695035461	0.3064516129032258	0.12962962962962962	0.274822695035461	1	0	0	0	0	0	0	0	0	0	0	0	1	0
0.27419354838709675	0.16666666666666666	0.2553191489361702	0.3064516129032258	0.14814814814814814	0.27570921985815605	0	0	1	0	0	0	0	0	0	1	0	0	0	0
0.3064516129032258	0.18518518518518517	0.2774822695035461	0.3064516129032258	0.18518518518518517	0.2774822695035461	1	0	0	0	0	0	0	0	0	0	0	0	1	0
0.3064516129032258	0.24074074074074073	0.2801418439716312	0.3064516129032258	0.24074074074074073	0.2801418439716312	0	0	0	0	0	1	0	0	0	0	1	0	0	0
0.3064516129032258	0.2962962962962963	0.2828014184397163	0.3064516129032258	0.2962962962962963	0.2828014184397163	1	0	0	0	0	0	0	0	0	0	0	0	1	0
0.11290322580645161	0.2037037037037037	0.09219858156028368	0.3225806451612903	0.09259259259259259	0.28812056737588654	0	0	1	0	0	0	0	0	0	1	0	0	0	0
0.3225806451612903	0.14814814814814814	0.2907801418439716	0.3225806451612903	0.14814814814814814	0.2907801418439716	1	0	0	0	0	0	0	0	0	0	0	0	1	0
0.24193548387096775	0.2037037037037037	0.20301418439716312	0.3225806451612903	0.16666666666666666	0.2916666666666667	0	0	1	0	0	0	0	0	0	1	0	0	0	0
0.3225806451612903	0.18518518518518517	0.2925531914893617	0.3225806451612903	0.18518518518518517	0.2925531914893617	1	0	0	0	0	0	0	0	0	0	0	0	1	0
0.3225806451612903	0.2037037037037037	0.29343971631205673	0.3225806451612903	0.2037037037037037	0.29343971631205673	1	0	0	0	0	0	0	0	0	0	0	0	1	0
0.25806451612903225	0.2222222222222222	0.2296099290780142	0.3225806451612903	0.2222222222222222	0.29432624113475175	0	0	1	0	0	0	0	0	0	1	0	0	0	0
0.3225806451612903	0.24074074074074073	0.29521276595744683	0.3225806451612903	0.24074074074074073	0.29521276595744683	1	0	0	0	0	0	0	0	0	0	0	0	1	0
0.3225806451612903	0.2777777777777778	0.2969858156028369	0.3225806451612903	0.2777777777777778	0.2969858156028369	1	0	0	0	0	0	0	0	0	0	0	0	1	0
0.3225806451612903	0.3148148148148148	0.2987588652482269	0.3225806451612903	0.3148148148148148	0.2987588652482269	0	0	0	0	1	0	0	0	0	0	1	0	0	0
0.3225806451612903	0.3333333333333333	0.299645390070922	0.3225806451612903	0.3333333333333333	0.299645390070922	1	0	0	0	0	0	0	0	0	0	0	0	1	0
0.3387096774193548	0.05555555555555555	0.30319148936170215	0.3387096774193548	0.05555555555555555	0.30319148936170215	1	0	0	0	0	0	0	0	0	0	0	0	1	0
0.3709677419354839	0.037037037037037035	0.3067375886524823	0.3709677419354839	0.037037037037037035	0.3067375886524823	0	0	1	0	0	0	0	0	0	1	0	0	0	0
0.3709677419354839	0.1111111111111111	0.3102836879432624	0.3709677419354839	0.1111111111111111	0.3102836879432624	0	0	1	0	0	0	0	0	0	0	0	0	1	0
0.11290322580645161	0.14814814814814814	0.08953900709219859	0.3709677419354839	0.16666666666666666	0.3129432624113475	0	0	1	0	0	0	0	0	0	1	0	0	0	0
0.3709677419354839	0.18518518518518517	0.31382978723404253	0.3709677419354839	0.18518518518518517	0.31382978723404253	1	0	0	0	0	0	0	0	0	0	0	0	1	0
0.3870967741935484	0.037037037037037035	0.31648936170212766	0.3870967741935484	0.037037037037037035	0.31648936170212766	1	0	0	0	0	0	0	0	1	0	0	0	0	0
0.3870967741935484	0.1111111111111111	0.3200354609929078	0.3870967741935484	0.1111111111111111	0.3200354609929078	1	0	0	0	0	0	0	0	0	0	0	0	1	0
0.3870967741935484	0.12962962962962962	0.32092198581560283	0.3870967741935484	0.12962962962962962	0.32092198581560283	1	0	0	0	0	0	0	0	1	0	0	0	0	0
0.3870967741935484	0.2037037037037037	0.324468085106383	0.3870967741935484	0.2037037037037037	0.324468085106383	0	1	0	0	0	0	0	0	0	1	0	0	0	0
0.3870967741935484	0.24074074074074073	0.3262411347517731	0.3870967741935484	0.24074074074074073	0.3262411347517731	1	0	0	0	0	0	0	0	0	0	0	0	1	0
0.3870967741935484	0.2777777777777778	0.3280141843971631	0.3870967741935484	0.2777777777777778	0.3280141843971631	0	0	0	0	1	0	0	0	0	0	1	0	0	0
0.3870967741935484	0.2962962962962963	0.32890070921985815	0.3870967741935484	0.2962962962962963	0.32890070921985815	1	0	0	0	0	0	0	0	0	0	0	0	1	0
0.3870967741935484	0.2037037037037037	0.324468085106383	0.3870967741935484	0.3333333333333333	0.33067375886524825	0	0	1	0	0	0	0	0	0	1	0	0	0	0
0.3870967741935484	0.37037037037037035	0.3324468085106383	0.3870967741935484	0.37037037037037035	0.3324468085106383	1	0	0	0	0	0	0	0	0	0	0	0	1	0
0.11290322580645161	0.14814814814814814	0.08953900709219859	0.3870967741935484	0.4074074074074074	0.3342198581560284	0	0	1	0	0	0	0	0	0	1	0	0	0	0
0.3870967741935484	0.42592592592592593	0.3351063829787234	0.3870967741935484	0.42592592592592593	0.3351063829787234	1	0	0	0	0	0	0	0	0	0	0	0	1	0
0.3870967741935484	0.2037037037037037	0.324468085106383	0.3870967741935484	0.46296296296296297	0.33687943262411346	0	0	1	0	0	0	0	0	0	1	0	0	0	0
0.3870967741935484	0.48148148148148145	0.3377659574468085	0.3870967741935484	0.48148148148148145	0.3377659574468085	1	0	0	0	0	0	0	0	0	0	0	0	1	0
0.3870967741935484	0.5185185185185185	0.3395390070921986	0.3870967741935484	0.5185185185185185	0.3395390070921986	1	0	0	0	0	0	0	0	0	0	0	0	1	0
0.3870967741935484	0.5555555555555556	0.34131205673758863	0.3870967741935484	0.5555555555555556	0.34131205673758863	1	0	0	0	0	0	0	0	0	0	0	0	1	0
0.4032258064516129	0.05555555555555555	0.3448581560283688	0.4032258064516129	0.05555555555555555	0.3448581560283688	1	0	0	0	0	0	0	0	1	0	0	0	0	0
0.4032258064516129	0.12962962962962962	0.3484042553191489	0.4032258064516129	0.12962962962962962	0.3484042553191489	0	1	0	0	0	0	0	0	0	1	0	0	0	0
0.4032258064516129	0.14814814814814814	0.34929078014184395	0.4032258064516129	0.14814814814814814	0.34929078014184395	1	0	0	0	0	0	0	0	0	0	0	0	1	0
0.41935483870967744	0.05555555555555555	0.3528368794326241	0.41935483870967744	0.05555555555555555	0.3528368794326241	0	0	1	0	0	0	0	0	0	1	0	0	0	0
0.41935483870967744	0.12962962962962962	0.35638297872340424	0.41935483870967744	0.12962962962962962	0.35638297872340424	0	0	1	0	0	0	0	0	0	0	0	0	1	0
0.4032258064516129	0.12962962962962962	0.3484042553191489	0.41935483870967744	0.18518518518518517	0.35904255319148937	0	0	1	0	0	0	0	0	0	1	0	0	0	0
0.41935483870967744	0.2037037037037037	0.3599290780141844	0.41935483870967744	0.2037037037037037	0.3599290780141844	1	0	0	0	0	0	0	0	0	0	0	0	1	0
0.4032258064516129	0.12962962962962962	0.3484042553191489	0.43548387096774194	0.05555555555555555	0.36347517730496454	0	0	1	0	0	0	0	0	0	1	0	0	0	0
0.43548387096774194	0.07407407407407407	0.36436170212765956	0.43548387096774194	0.07407407407407407	0.36436170212765956	1	0	0	0	0	0	0	0	0	0	0	0	1	0
0.43548387096774194	0.1111111111111111	0.36613475177304966	0.43548387096774194	0.1111111111111111	0.36613475177304966	1	0	0	0	0	0	0	0	0	0	0	0	1	0
0.45161290322580644	0.05555555555555555	0.3696808510638298	0.45161290322580644	0.05555555555555555	0.3696808510638298	0	0	1	0	0	0	0	0	0	1	0	0	0	0
0.45161290322580644	0.1111111111111111	0.3723404255319149	0.45161290322580644	0.1111111111111111	0.3723404255319149	1	0	0	0	0	0	0	0	0	0	0	0	1	0
0.45161290322580644	0.12962962962962962	0.37322695035460995	0.45161290322580644	0.12962962962962962	0.37322695035460995	1	0	0	0	0	0	0	0	0	1	0	0	0	0
0.45161290322580644	0.2962962962962963	0.38120567375886527	0.45161290322580644	0.2962962962962963	0.38120567375886527	1	0	0	0	0	0	0	0	0	0	0	0	1	0
0.4032258064516129	0.12962962962962962	0.3484042553191489	0.45161290322580644	0.3148148148148148	0.3820921985815603	0	0	1	0	0	0	0	0	0	1	0	0	0	0
0.45161290322580644	0.3333333333333333	0.3829787234042553	0.45161290322580644	0.3333333333333333	0.3829787234042553	1	0	0	0	0	0	0	0	0	0	0	0	1	0
0.45161290322580644	0.35185185185185186	0.38386524822695034	0.45161290322580644	0.35185185185185186	0.38386524822695034	1	0	0	0	0	0	0	0	0	0	0	0	1	0
0.46774193548387094	0.037037037037037035	0.38652482269503546	0.46774193548387094	0.037037037037037035	0.38652482269503546	1	0	0	0	0	0	0	0	0	0	0	0	1	0
0.5	0.037037037037037035	0.3900709219858156	0.5	0.037037037037037035	0.3900709219858156	1	0	0	0	0	0	0	0	1	0	0	0	0	0
0.5	0.1111111111111111	0.39361702127659576	0.5	0.1111111111111111	0.39361702127659576	1	0	0	0	0	0	0	0	0	0	0	0	1	0
0.5	0.12962962962962962	0.3945035460992908	0.5	0.12962962962962962	0.3945035460992908	1	0	0	0	0	0	0	0	1	0	0	0	0	0
0.5	0.2037037037037037	0.3980496453900709	0.5	0.2037037037037037	0.3980496453900709	0	1	0	0	0	0	0	0	0	1	0	0	0	0
0.5	0.24074074074074073	0.399822695035461	0.5	0.24074074074074073	0.399822695035461	1	0	0	0	0	0	0	0	0	0	0	0	1	0
0.5	0.2777777777777778	0.4015957446808511	0.5	0.2777777777777778	0.4015957446808511	0	0	0	0	1	0	0	0	0	0	1	0	0	0
0.5	0.2962962962962963	0.4024822695035461	0.5	0.2962962962962963	0.4024822695035461	1	0	0	0	0	0	0	0	0	0	0	0	1	0
0.5	0.2037037037037037	0.3980496453900709	0.5	0.3333333333333333	0.40425531914893614	0	0	1	0	0	0	0	0	0	1	0	0	0	0
0.5	0.37037037037037035	0.40602836879432624	0.5	0.37037037037037035	0.40602836879432624	1	0	0	0	0	0	0	0	0	0	0	0	1	0
0.0967741935483871	0.2037037037037037	0.07092198581560284	0.5	0.4074074074074074	0.4078014184397163	0	0	1	0	0	0	0	0	0	1	0	0	0	0
0.5	0.42592592592592593	0.40868794326241137	0.5	0.42592592592592593	0.40868794326241137	1	0	0	0	0	0	0	0	0	0	0	0	1	0
0.5	0.2037037037037037	0.3980496453900709	0.5	0.46296296296296297	0.4104609929078014	0	0	1	0	0	0	0	0	0	1	0	0	0	0
0.5	0.48148148148148145	0.41134751773049644	0.5	0.48148148148148145	0.41134751773049644	1	0	0	0	0	0	0	0	0	0	0	0	1	0
0.5	0.5185185185185185	0.41312056737588654	0.5	0.5185185185185185	0.41312056737588654	1	0	0	0	0	0	0	0	0	0	0	0	1	0
0.5161290322580645	0.05555555555555555	0.4166666666666667	0.5161290322580645	0.05555555555555555	0.4166666666666667	1	0	0	0	0	0	0	0	1	0	0	0	0	0
0.5161290322580645	0.12962962962962962	0.42021276595744683	0.5161290322580645	0.12962962962962962	0.42021276595744683	1	0	0	0	0	0	0	0	0	0	0	0	1	0
0.5161290322580645	0.14814814814814814	0.42109929078014185	0.5161290322580645	0.14814814814814814	0.42109929078014185	1	0	0	0	0	0	0	0	1	0	0	0	0	0
0.5161290322580645	0.2222222222222222	0.424645390070922	0.5161290322580645	0.2222222222222222	0.424645390070922	0	1	0	0	0	0	0	0	0	1	0	0	0	0
0.5161290322580645	0.25925925925925924	0.42641843971631205	0.5161290322580645	0.25925925925925924	0.42641843971631205	1	0	0	0	0	0	0	0	0	0	0	0	1	0
0.5161290322580645	0.2962962962962963	0.42819148936170215	0.5161290322580645	0.2962962962962963	0.42819148936170215	0	0	0	0	1	0	0	0	0	0	1	0	0	0
0.5161290322580645	0.3148148148148148	0.42907801418439717	0.5161290322580645	0.3148148148148148	0.42907801418439717	1	0	0	0	0	0	0	0	0	0	0	0	1	0
0.5161290322580645	0.2222222222222222	0.424645390070922	0.5161290322580645	0.35185185185185186	0.4308510638297872	0	0	1	0	0	0	0	0	0	1	0	0	0	0
0.5161290322580645	0.3888888888888889	0.4326241134751773	0.5161290322580645	0.3888888888888889	0.4326241134751773	1	0	0	0	0	0	0	0	0	0	0	0	1	0
0.0967741935483871	0.2037037037037037	0.07092198581560284	0.5161290322580645	0.42592592592592593	0.43439716312056736	0	0	1	0	0	0	0	0	0	1	0	0	0	0
0.5161290322580645	0.4444444444444444	0.4352836879432624	0.5161290322580645	0.4444444444444444	0.4352836879432624	1	0	0	0	0	0	0	0	0	0	0	0	1	0
0.5161290322580645	0.2222222222222222	0.424645390070922	0.5161290322580645	0.48148148148148145	0.4370567375886525	0	0	1	0	0	0	0	0	0	1	0	0	0	0
0.5161290322580645	0.5	0.4379432624113475	0.5161290322580645	0.5	0.4379432624113475	1	0	0	0	0	0	0	0	0	0	0	0	1	0
0.5161290322580645	0.5370370370370371	0.4397163120567376	0.5161290322580645	0.5370370370370371	0.4397163120567376	1	0	0	0	0	0	0	0	0	0	0	0	1	0
0.11290322580645161	0.4074074074074074	0.10195035460992907	0.532258064516129	0.07407407407407407	0.4441489361702128	0	0	1	0	0	0	0	0	0	1	0	0	0	0
0.532258064516129	0.12962962962962962	0.44680851063829785	0.532258064516129	0.12962962962962962	0.44680851063829785	1	0	0	0	0	0	0	0	0	0	0	0	1	0
0.5	0.2037037037037037	0.3980496453900709	0.532258064516129	0.14814814814814814	0.44769503546099293	0	0	1	0	0	0	0	0	0	1	0	0	0	0
0.532258064516129	0.16666666666666666	0.44858156028368795	0.532258064516129	0.16666666666666666	0.44858156028368795	1	0	0	0	0	0	0	0	0	0	0	0	1	0
0.532258064516129	0.18518518518518517	0.449468085106383	0.532258064516129	0.18518518518518517	0.449468085106383	1	0	0	0	0	0	0	0	0	0	0	0	1	0
0.5161290322580645	0.2222222222222222	0.424645390070922	0.532258064516129	0.2037037037037037	0.450354609929078	0	0	1	0	0	0	0	0	0	1	0	0	0	0
0.532258064516129	0.2222222222222222	0.4512411347517731	0.532258064516129	0.2222222222222222	0.4512411347517731	1	0	0	0	0	0	0	0	0	0	0	0	1	0
0.532258064516129	0.25925925925925924	0.4530141843971631	0.532258064516129	0.25925925925925924	0.4530141843971631	1	0	0	0	0	0	0	0	0	0	0	0	1	0
0.532258064516129	0.2962962962962963	0.45478723404255317	0.532258064516129	0.2962962962962963	0.45478723404255317	1	0	0	0	0	0	0	0	0	0	0	0	1	0
0.532258064516129	0.3148148148148148	0.45567375886524825	0.532258064516129	0.3148148148148148	0.45567375886524825	1	0	0	0	0	0	0	0	1	0	0	0	0	0
0.532258064516129	0.37037037037037035	0.4583333333333333	0.532258064516129	0.37037037037037035	0.4583333333333333	1	0	0	0	0	0	0	0	0	0	0	0	1	0
0.532258064516129	0.3888888888888889	0.4592198581560284	0.532258064516129	0.3888888888888889	0.4592198581560284	1	0	0	0	0	0	0	0	0	0	1	0	0	0
0.532258064516129	0.4444444444444444	0.46187943262411346	0.532258064516129	0.4444444444444444	0.46187943262411346	1	0	0	0	0	0	0	0	0	0	0	0	1	0
0.5645161290322581	0.037037037037037035	0.4654255319148936	0.5645161290322581	0.037037037037037035	0.4654255319148936	1	0	0	0	0	0	0	0	1	0	0	0	0	0
0.5645161290322581	0.1111111111111111	0.46897163120567376	0.5645161290322581	0.1111111111111111	0.46897163120567376	1	0	0	0	0	0	0	0	0	0	0	0	1	0
0.5645161290322581	0.12962962962962962	0.4698581560283688	0.5645161290322581	0.12962962962962962	0.4698581560283688	1	0	0	0	0	0	0	0	1	0	0	0	0	0
0.5645161290322581	0.2037037037037037	0.4734042553191489	0.5645161290322581	0.2037037037037037	0.4734042553191489	0	1	0	0	0	0	0	0	0	1	0	0	0	0
0.5645161290322581	0.24074074074074073	0.475177304964539	0.5645161290322581	0.24074074074074073	0.475177304964539	1	0	0	0	0	0	0	0	0	0	0	0	1	0
0.5645161290322581	0.2777777777777778	0.4769503546099291	0.5645161290322581	0.2777777777777778	0.4769503546099291	0	0	0	0	1	0	0	0	0	0	1	0	0	0
0.5645161290322581	0.2962962962962963	0.4778368794326241	0.5645161290322581	0.2962962962962963	0.4778368794326241	1	0	0	0	0	0	0	0	0	0	0	0	1	0
0.5645161290322581	0.2037037037037037	0.4734042553191489	0.5645161290322581	0.3333333333333333	0.4796099290780142	0	0	1	0	0	0	0	0	0	1	0	0	0	0
0.5645161290322581	0.37037037037037035	0.48138297872340424	0.5645161290322581	0.37037037037037035	0.48138297872340424	1	0	0	0	0	0	0	0	0	0	0	0	1	0
0.11290322580645161	0.09259259259259259	0.08687943262411348	0.5645161290322581	0.4074074074074074	0.48315602836879434	0	0	1	0	0	0	0	0	0	1	0	0	0	0
0.5645161290322581	0.42592592592592593	0.48404255319148937	0.5645161290322581	0.42592592592592593	0.48404255319148937	1	0	0	0	0	0	0	0	0	0	0	0	1	0
0.5645161290322581	0.2037037037037037	0.4734042553191489	0.5645161290322581	0.46296296296296297	0.4858156028368794	0	0	1	0	0	0	0	0	0	1	0	0	0	0
0.5645161290322581	0.48148148148148145	0.4867021276595745	0.5645161290322581	0.48148148148148145	0.4867021276595745	1	0	0	0	0	0	0	0	0	0	0	0	1	0
0.5645161290322581	0.5185185185185185	0.48847517730496454	0.5645161290322581	0.5185185185185185	0.48847517730496454	1	0	0	0	0	0	0	0	0	0	0	0	1	0
0.5645161290322581	0.5555555555555556	0.49024822695035464	0.5645161290322581	0.5555555555555556	0.49024822695035464	1	0	0	0	0	0	0	0	0	0	0	0	1	0
0.11290322580645161	0.4074074074074074	0.10195035460992907	0.5806451612903226	0.05555555555555555	0.49379432624113473	0	0	1	0	0	0	0	0	0	1	0	0	0	0
0.5806451612903226	0.1111111111111111	0.49645390070921985	0.5806451612903226	0.1111111111111111	0.49645390070921985	1	0	0	0	0	0	0	0	0	0	0	0	1	0
0.5645161290322581	0.2037037037037037	0.4734042553191489	0.5806451612903226	0.12962962962962962	0.4973404255319149	0	0	1	0	0	0	0	0	0	1	0	0	0	0
0.5806451612903226	0.14814814814814814	0.49822695035460995	0.5806451612903226	0.14814814814814814	0.49822695035460995	1	0	0	0	0	0	0	0	0	0	0	0	1	0
0.5806451612903226	0.16666666666666666	0.499113475177305	0.5806451612903226	0.16666666666666666	0.499113475177305	1	0	0	0	0	0	0	0	0	0	0	0	1	0
0.5645161290322581	0.2037037037037037	0.4734042553191489	0.5806451612903226	0.18518518518518517	0.5	0	0	1	0	0	0	0	0	0	1	0	0	0	0
0.5806451612903226	0.2037037037037037	0.500886524822695	0.5806451612903226	0.2037037037037037	0.500886524822695	1	0	0	0	0	0	0	0	0	0	0	0	1	0
0.5806451612903226	0.24074074074074073	0.5026595744680851	0.5806451612903226	0.24074074074074073	0.5026595744680851	1	0	0	0	0	0	0	0	0	0	0	0	1	0
0.5806451612903226	0.2777777777777778	0.5044326241134752	0.5806451612903226	0.2777777777777778	0.5044326241134752	0	0	0	0	1	0	0	0	0	0	1	0	0	0
0.5806451612903226	0.2962962962962963	0.5053191489361702	0.5806451612903226	0.2962962962962963	0.5053191489361702	1	0	0	0	0	0	0	0	0	0	0	0	1	0
0.5967741935483871	0.05555555555555555	0.5088652482269503	0.5967741935483871	0.05555555555555555	0.5088652482269503	1	0	0	0	0	0	0	0	1	0	0	0	0	0
0.5967741935483871	0.12962962962962962	0.5124113475177305	0.5967741935483871	0.12962962962962962	0.5124113475177305	1	0	0	0	0	0	0	0	0	0	0	0	1	0
0.5967741935483871	0.14814814814814814	0.5132978723404256	0.5967741935483871	0.14814814814814814	0.5132978723404256	1	0	0	0	0	0	0	0	1	0	0	0	0	0
0.5967741935483871	0.2222222222222222	0.5168439716312057	0.5967741935483871	0.2222222222222222	0.5168439716312057	0	1	0	0	0	0	0	0	0	1	0	0	0	0
0.5967741935483871	0.25925925925925924	0.5186170212765957	0.5967741935483871	0.25925925925925924	0.5186170212765957	1	0	0	0	0	0	0	0	0	0	0	0	1	0
0.5967741935483871	0.2962962962962963	0.5203900709219859	0.5967741935483871	0.2962962962962963	0.5203900709219859	0	0	0	0	1	0	0	0	0	0	1	0	0	0
0.5967741935483871	0.3148148148148148	0.5212765957446809	0.5967741935483871	0.3148148148148148	0.5212765957446809	1	0	0	0	0	0	0	0	0	0	0	0	1	0
0.5967741935483871	0.2222222222222222	0.5168439716312057	0.5967741935483871	0.35185185185185186	0.5230496453900709	0	0	1	0	0	0	0	0	0	1	0	0	0	0
0.5967741935483871	0.3888888888888889	0.524822695035461	0.5967741935483871	0.3888888888888889	0.524822695035461	1	0	0	0	0	0	0	0	0	0	0	0	1	0
0.11290322580645161	0.09259259259259259	0.08687943262411348	0.5967741935483871	0.42592592592592593	0.526595744680851	0	0	1	0	0	0	0	0	0	1	0	0	0	0
0.5967741935483871	0.4444444444444444	0.5274822695035462	0.5967741935483871	0.4444444444444444	0.5274822695035462	1	0	0	0	0	0	0	0	0	0	0	0	1	0
0.5967741935483871	0.2222222222222222	0.5168439716312057	0.5967741935483871	0.48148148148148145	0.5292553191489362	0	0	1	0	0	0	0	0	0	1	0	0	0	0
0.5967741935483871	0.5	0.5301418439716312	0.5967741935483871	0.5	0.5301418439716312	1	0	0	0	0	0	0	0	0	0	0	0	1	0
0.5967741935483871	0.5370370370370371	0.5319148936170213	0.5967741935483871	0.5370370370370371	0.5319148936170213	1	0	0	0	0	0	0	0	0	0	0	0	1	0
0.6129032258064516	0.07407407407407407	0.5363475177304965	0.6129032258064516	0.07407407407407407	0.5363475177304965	1	0	0	0	0	0	0	0	1	0	0	0	0	0
0.6129032258064516	0.12962962962962962	0.5390070921985816	0.6129032258064516	0.12962962962962962	0.5390070921985816	1	0	0	0	0	0	0	0	0	0	0	0	1	0
0.11290322580645161	0.2037037037037037	0.09219858156028368	0.6129032258064516	0.14814814814814814	0.5398936170212766	0	0	1	0	0	0	0	0	0	1	0	0	0	0
0.6129032258064516	0.2037037037037037	0.5425531914893617	0.6129032258064516	0.2037037037037037	0.5425531914893617	1	0	0	0	0	0	0	0	0	0	0	0	1	0
0.5645161290322581	0.2037037037037037	0.4734042553191489	0.6129032258064516	0.2222222222222222	0.5434397163120568	0	0	1	0	0	0	0	0	0	1	0	0	0	0
0.6129032258064516	0.24074074074074073	0.5443262411347518	0.6129032258064516	0.24074074074074073	0.5443262411347518	1	0	0	0	0	0	0	0	0	0	0	0	1	0
0.6129032258064516	0.25925925925925924	0.5452127659574468	0.6129032258064516	0.25925925925925924	0.5452127659574468	1	0	0	0	0	0	0	0	0	0	0	0	1	0
0.5967741935483871	0.2222222222222222	0.5168439716312057	0.6129032258064516	0.2777777777777778	0.5460992907801419	0	0	1	0	0	0	0	0	0	1	0	0	0	0
0.6129032258064516	0.2962962962962963	0.5469858156028369	0.6129032258064516	0.2962962962962963	0.5469858156028369	1	0	0	0	0	0	0	0	0	0	0	0	1	0
0.6129032258064516	0.3148148148148148	0.5478723404255319	0.6129032258064516	0.3148148148148148	0.5478723404255319	1	0	0	0	0	0	0	0	0	0	0	0	1	0
0.11290322580645161	0.4074074074074074	0.10195035460992907	0.6290322580645161	0.09259259259259259	0.5531914893617021	0	0	1	0	0	0	0	0	0	1	0	0	0	0
0.6290322580645161	0.14814814814814814	0.5558510638297872	0.6290322580645161	0.14814814814814814	0.5558510638297872	1	0	0	0	0	0	0	0	0	0	0	0	1	0
0.5645161290322581	0.2037037037037037	0.4734042553191489	0.6290322580645161	0.16666666666666666	0.5567375886524822	0	0	1	0	0	0	0	0	0	1	0	0	0	0
0.6290322580645161	0.18518518518518517	0.5576241134751773	0.6290322580645161	0.18518518518518517	0.5576241134751773	1	0	0	0	0	0	0	0	0	0	0	0	1	0
0.6290322580645161	0.2037037037037037	0.5585106382978723	0.6290322580645161	0.2037037037037037	0.5585106382978723	1	0	0	0	0	0	0	0	0	0	0	0	1	0
0.5967741935483871	0.2222222222222222	0.5168439716312057	0.6290322580645161	0.2222222222222222	0.5593971631205674	0	0	1	0	0	0	0	0	0	1	0	0	0	0
0.6290322580645161	0.24074074074074073	0.5602836879432624	0.6290322580645161	0.24074074074074073	0.5602836879432624	1	0	0	0	0	0	0	0	0	0	0	0	1	0
0.6290322580645161	0.2777777777777778	0.5620567375886525	0.6290322580645161	0.2777777777777778	0.5620567375886525	1	0	0	0	0	0	0	0	0	0	0	0	1	0
0.6290322580645161	0.3148148148148148	0.5638297872340425	0.6290322580645161	0.3148148148148148	0.5638297872340425	0	0	0	0	1	0	0	0	0	0	1	0	0	0
0.6290322580645161	0.3333333333333333	0.5647163120567376	0.6290322580645161	0.3333333333333333	0.5647163120567376	1	0	0	0	0	0	0	0	0	0	0	0	1	0
0.6451612903225806	0.037037037037037035	0.5673758865248227	0.6451612903225806	0.037037037037037035	0.5673758865248227	1	0	0	0	0	0	0	0	0	0	0	0	1	0
0.6612903225806451	0.037037037037037035	0.5700354609929078	0.6612903225806451	0.037037037037037035	0.5700354609929078	1	0	0	0	0	0	0	0	1	0	0	0	0	0
0.6612903225806451	0.1111111111111111	0.5735815602836879	0.6612903225806451	0.1111111111111111	0.5735815602836879	1	0	0	0	0	0	0	0	0	0	0	0	1	0
0.6612903225806451	0.12962962962962962	0.574468085106383	0.6612903225806451	0.12962962962962962	0.574468085106383	1	0	0	0	0	0	0	0	1	0	0	0	0	0
0.6612903225806451	0.2037037037037037	0.5780141843971631	0.6612903225806451	0.2037037037037037	0.5780141843971631	0	1	0	0	0	0	0	0	0	1	0	0	0	0
0.6612903225806451	0.24074074074074073	0.5797872340425532	0.6612903225806451	0.24074074074074073	0.5797872340425532	1	0	0	0	0	0	0	0	0	0	0	0	1	0
0.6612903225806451	0.2777777777777778	0.5815602836879432	0.6612903225806451	0.2777777777777778	0.5815602836879432	0	0	0	0	1	0	0	0	0	0	1	0	0	0
0.6612903225806451	0.2962962962962963	0.5824468085106383	0.6612903225806451	0.2962962962962963	0.5824468085106383	1	0	0	0	0	0	0	0	0	0	0	0	1	0
0.6612903225806451	0.2037037037037037	0.5780141843971631	0.6612903225806451	0.3333333333333333	0.5842198581560284	0	0	1	0	0	0	0	0	0	1	0	0	0	0
0.6612903225806451	0.37037037037037035	0.5859929078014184	0.6612903225806451	0.37037037037037035	0.5859929078014184	1	0	0	0	0	0	0	0	0	0	0	0	1	0
0.11290322580645161	0.09259259259259259	0.08687943262411348	0.6612903225806451	0.4074074074074074	0.5877659574468085	0	0	1	0	0	0	0	0	0	1	0	0	0	0
0.6612903225806451	0.42592592592592593	0.5886524822695035	0.6612903225806451	0.42592592592592593	0.5886524822695035	1	0	0	0	0	0	0	0	0	0	0	0	1	0
0.6612903225806451	0.2037037037037037	0.5780141843971631	0.6612903225806451	0.46296296296296297	0.5904255319148937	0	0	1	0	0	0	0	0	0	1	0	0	0	0
0.6612903225806451	0.48148148148148145	0.5913120567375887	0.6612903225806451	0.48148148148148145	0.5913120567375887	1	0	0	0	0	0	0	0	0	0	0	0	1	0
0.6612903225806451	0.5185185185185185	0.5930851063829787	0.6612903225806451	0.5185185185185185	0.5930851063829787	1	0	0	0	0	0	0	0	0	0	0	0	1	0
0.6774193548387096	0.05555555555555555	0.5966312056737588	0.6774193548387096	0.05555555555555555	0.5966312056737588	1	0	0	0	0	0	0	0	1	0	0	0	0	0
0.6774193548387096	0.12962962962962962	0.600177304964539	0.6774193548387096	0.12962962962962962	0.600177304964539	1	0	0	0	0	0	0	0	0	0	0	0	1	0
0.6774193548387096	0.14814814814814814	0.601063829787234	0.6774193548387096	0.14814814814814814	0.601063829787234	1	0	0	0	0	0	0	0	1	0	0	0	0	0
0.6774193548387096	0.2222222222222222	0.6046099290780141	0.6774193548387096	0.2222222222222222	0.6046099290780141	0	1	0	0	0	0	0	0	0	1	0	0	0	0
0.6774193548387096	0.25925925925925924	0.6063829787234043	0.6774193548387096	0.25925925925925924	0.6063829787234043	1	0	0	0	0	0	0	0	0	0	0	0	1	0
0.6774193548387096	0.2962962962962963	0.6081560283687943	0.6774193548387096	0.2962962962962963	0.6081560283687943	0	0	0	0	1	0	0	0	0	0	1	0	0	0
0.6774193548387096	0.3148148148148148	0.6090425531914894	0.6774193548387096	0.3148148148148148	0.6090425531914894	1	0	0	0	0	0	0	0	0	0	0	0	1	0
0.6774193548387096	0.2222222222222222	0.6046099290780141	0.6774193548387096	0.35185185185185186	0.6108156028368794	0	0	1	0	0	0	0	0	0	1	0	0	0	0
0.6774193548387096	0.3888888888888889	0.6125886524822695	0.6774193548387096	0.3888888888888889	0.6125886524822695	1	0	0	0	0	0	0	0	0	0	0	0	1	0
0.11290322580645161	0.09259259259259259	0.08687943262411348	0.6774193548387096	0.42592592592592593	0.6143617021276596	0	0	1	0	0	0	0	0	0	1	0	0	0	0
0.6774193548387096	0.4444444444444444	0.6152482269503546	0.6774193548387096	0.4444444444444444	0.6152482269503546	1	0	0	0	0	0	0	0	0	0	0	0	1	0
0.6774193548387096	0.2222222222222222	0.6046099290780141	0.6774193548387096	0.48148148148148145	0.6170212765957447	0	0	1	0	0	0	0	0	0	1	0	0	0	0
0.6774193548387096	0.5	0.6179078014184397	0.6774193548387096	0.5	0.6179078014184397	1	0	0	0	0	0	0	0	0	0	0	0	1	0
0.6774193548387096	0.5370370370370371	0.6196808510638298	0.6774193548387096	0.5370370370370371	0.6196808510638298	1	0	0	0	0	0	0	0	0	0	0	0	1	0
0.6935483870967742	0.07407407407407407	0.624113475177305	0.6935483870967742	0.07407407407407407	0.624113475177305	1	0	0	0	0	0	0	0	1	0	0	0	0	0
0.6935483870967742	0.14814814814814814	0.6276595744680851	0.6935483870967742	0.14814814814814814	0.6276595744680851	1	0	0	0	0	0	0	0	0	0	0	0	1	0
0.6935483870967742	0.16666666666666666	0.6285460992907801	0.6935483870967742	0.16666666666666666	0.6285460992907801	1	0	0	0	0	0	0	0	1	0	0	0	0	0
0.6935483870967742	0.24074074074074073	0.6320921985815603	0.6935483870967742	0.24074074074074073	0.6320921985815603	0	1	0	0	0	0	0	0	0	1	0	0	0	0
0.6935483870967742	0.2777777777777778	0.6338652482269503	0.6935483870967742	0.2777777777777778	0.6338652482269503	1	0	0	0	0	0	0	0	0	0	0	0	1	0
0.6935483870967742	0.3148148148148148	0.6356382978723404	0.6935483870967742	0.3148148148148148	0.6356382978723404	0	0	0	0	1	0	0	0	0	0	1	0	0	0
0.6935483870967742	0.3333333333333333	0.6365248226950354	0.6935483870967742	0.3333333333333333	0.6365248226950354	1	0	0	0	0	0	0	0	0	0	0	0	1	0
0.6935483870967742	0.24074074074074073	0.6320921985815603	0.6935483870967742	0.37037037037037035	0.6382978723404256	0	0	1	0	0	0	0	0	0	1	0	0	0	0
0.6935483870967742	0.4074074074074074	0.6400709219858156	0.6935483870967742	0.4074074074074074	0.6400709219858156	1	0	0	0	0	0	0	0	0	0	0	0	1	0
0.11290322580645161	0.09259259259259259	0.08687943262411348	0.6935483870967742	0.4444444444444444	0.6418439716312057	0	0	1	0	0	0	0	0	0	1	0	0	0	0
0.6935483870967742	0.46296296296296297	0.6427304964539007	0.6935483870967742	0.46296296296296297	0.6427304964539007	1	0	0	0	0	0	0	0	0	0	0	0	1	0
0.6935483870967742	0.24074074074074073	0.6320921985815603	0.6935483870967742	0.5	0.6445035460992907	0	0	1	0	0	0	0	0	0	1	0	0	0	0
0.6935483870967742	0.5185185185185185	0.6453900709219859	0.6935483870967742	0.5185185185185185	0.6453900709219859	1	0	0	0	0	0	0	0	0	0	0	0	1	0
0.6935483870967742	0.5555555555555556	0.6471631205673759	0.6935483870967742	0.5555555555555556	0.6471631205673759	1	0	0	0	0	0	0	0	0	0	0	0	1	0
0.11290322580645161	0.4074074074074074	0.10195035460992907	0.7096774193548387	0.09259259259259259	0.6524822695035462	0	0	1	0	0	0	0	0	0	1	0	0	0	0
0.7096774193548387	0.14814814814814814	0.6551418439716312	0.7096774193548387	0.14814814814814814	0.6551418439716312	1	0	0	0	0	0	0	0	0	0	0	0	1	0
0.6774193548387096	0.2222222222222222	0.6046099290780141	0.7096774193548387	0.16666666666666666	0.6560283687943262	0	0	1	0	0	0	0	0	0	1	0	0	0	0
0.7096774193548387	0.18518518518518517	0.6569148936170213	0.7096774193548387	0.18518518518518517	0.6569148936170213	1	0	0	0	0	0	0	0	0	0	0	0	1	0
0.7096774193548387	0.2037037037037037	0.6578014184397163	0.7096774193548387	0.2037037037037037	0.6578014184397163	1	0	0	0	0	0	0	0	0	0	0	0	1	0
0.6935483870967742	0.24074074074074073	0.6320921985815603	0.7096774193548387	0.2222222222222222	0.6586879432624113	0	0	1	0	0	0	0	0	0	1	0	0	0	0
0.7096774193548387	0.24074074074074073	0.6595744680851063	0.7096774193548387	0.24074074074074073	0.6595744680851063	1	0	0	0	0	0	0	0	0	0	0	0	1	0
0.7096774193548387	0.2777777777777778	0.6613475177304965	0.7096774193548387	0.2777777777777778	0.6613475177304965	1	0	0	0	0	0	0	0	0	0	0	0	1	0
0.7096774193548387	0.3148148148148148	0.6631205673758865	0.7096774193548387	0.3148148148148148	0.6631205673758865	0	0	1	0	0	0	0	0	0	1	0	0	0	0
0.7096774193548387	0.37037037037037035	0.6657801418439716	0.7096774193548387	0.37037037037037035	0.6657801418439716	1	0	0	0	0	0	0	0	0	0	0	0	1	0
0.11290322580645161	0.4074074074074074	0.10195035460992907	0.7096774193548387	0.3888888888888889	0.6666666666666666	0	0	1	0	0	0	0	0	0	1	0	0	0	0
0.7096774193548387	0.4444444444444444	0.6693262411347518	0.7096774193548387	0.4444444444444444	0.6693262411347518	1	0	0	0	0	0	0	0	0	0	0	0	1	0
0.6774193548387096	0.2222222222222222	0.6046099290780141	0.7096774193548387	0.46296296296296297	0.6702127659574468	0	0	1	0	0	0	0	0	0	1	0	0	0	0
0.7096774193548387	0.48148148148148145	0.6710992907801419	0.7096774193548387	0.48148148148148145	0.6710992907801419	1	0	0	0	0	0	0	0	0	0	0	0	1	0
0.7096774193548387	0.5	0.6719858156028369	0.7096774193548387	0.5	0.6719858156028369	1	0	0	0	0	0	0	0	0	0	0	0	1	0
0.6935483870967742	0.24074074074074073	0.6320921985815603	0.7096774193548387	0.5185185185185185	0.6728723404255319	0	0	1	0	0	0	0	0	0	1	0	0	0	0
0.7096774193548387	0.5370370370370371	0.6737588652482269	0.7096774193548387	0.5370370370370371	0.6737588652482269	1	0	0	0	0	0	0	0	0	0	0	0	1	0
0.7096774193548387	0.5555555555555556	0.674645390070922	0.7096774193548387	0.5555555555555556	0.674645390070922	1	0	0	0	0	0	0	0	0	0	0	0	1	0
0.11290322580645161	0.4074074074074074	0.10195035460992907	0.7096774193548387	0.5925925925925926	0.6764184397163121	0	0	1	0	0	0	0	0	0	1	0	0	0	0
0.7096774193548387	0.6481481481481481	0.6790780141843972	0.7096774193548387	0.6481481481481481	0.6790780141843972	1	0	0	0	0	0	0	0	0	0	0	0	1	0
0.6774193548387096	0.2222222222222222	0.6046099290780141	0.7096774193548387	0.6666666666666666	0.6799645390070922	0	0	1	0	0	0	0	0	0	1	0	0	0	0
0.7096774193548387	0.6851851851851852	0.6808510638297872	0.7096774193548387	0.6851851851851852	0.6808510638297872	1	0	0	0	0	0	0	0	0	0	0	0	1	0
0.7096774193548387	0.7037037037037037	0.6817375886524822	0.7096774193548387	0.7037037037037037	0.6817375886524822	1	0	0	0	0	0	0	0	0	0	0	0	1	0
0.6612903225806451	0.2037037037037037	0.5780141843971631	0.7096774193548387	0.7222222222222222	0.6826241134751773	0	0	1	0	0	0	0	0	0	1	0	0	0	0
0.7096774193548387	0.7407407407407407	0.6835106382978723	0.7096774193548387	0.7407407407407407	0.6835106382978723	1	0	0	0	0	0	0	0	0	0	0	0	1	0
0.7096774193548387	0.7777777777777778	0.6852836879432624	0.7096774193548387	0.7777777777777778	0.6852836879432624	1	0	0	0	0	0	0	0	0	0	0	0	1	0
0.11290322580645161	0.4074074074074074	0.10195035460992907	0.7096774193548387	0.8148148148148148	0.6870567375886525	0	0	1	0	0	0	0	0	0	1	0	0	0	0
0.7096774193548387	0.8703703703703703	0.6897163120567376	0.7096774193548387	0.8703703703703703	0.6897163120567376	1	0	0	0	0	0	0	0	0	0	0	0	1	0
0.6612903225806451	0.2037037037037037	0.5780141843971631	0.7096774193548387	0.8888888888888888	0.6906028368794326	0	0	1	0	0	0	0	0	0	1	0	0	0	0
0.7096774193548387	0.9074074074074074	0.6914893617021277	0.7096774193548387	0.9074074074074074	0.6914893617021277	1	0	0	0	0	0	0	0	0	0	0	0	1	0
0.7096774193548387	0.9259259259259259	0.6923758865248227	0.7096774193548387	0.9259259259259259	0.6923758865248227	1	0	0	0	0	0	0	0	0	0	0	0	1	0
0.6935483870967742	0.24074074074074073	0.6320921985815603	0.7096774193548387	0.9444444444444444	0.6932624113475178	0	0	1	0	0	0	0	0	0	1	0	0	0	0
0.7096774193548387	0.9629629629629629	0.6941489361702128	0.7096774193548387	0.9629629629629629	0.6941489361702128	1	0	0	0	0	0	0	0	0	0	0	0	1	0
0.7096774193548387	0.9814814814814815	0.6950354609929078	0.7096774193548387	0.9814814814814815	0.6950354609929078	1	0	0	0	0	0	0	0	0	0	0	0	1	0
0.7096774193548387	1	0.6959219858156028	0.7096774193548387	1	0.6959219858156028	1	0	0	0	0	0	0	0	0	0	0	0	1	0
0.7419354838709677	0.037037037037037035	0.699468085106383	0.7419354838709677	0.037037037037037035	0.699468085106383	0	0	1	0	0	0	0	0	0	1	0	0	0	0
0.7419354838709677	0.09259259259259259	0.7021276595744681	0.7419354838709677	0.09259259259259259	0.7021276595744681	1	0	0	0	0	0	0	0	0	0	0	0	1	0
0.7419354838709677	0.1111111111111111	0.7030141843971631	0.7419354838709677	0.1111111111111111	0.7030141843971631	1	0	0	0	0	0	0	0	0	1	0	0	0	0
0.7419354838709677	0.2777777777777778	0.7109929078014184	0.7419354838709677	0.2777777777777778	0.7109929078014184	1	0	0	0	0	0	0	0	0	0	0	0	1	0
0.7419354838709677	0.2962962962962963	0.7118794326241135	0.7419354838709677	0.2962962962962963	0.7118794326241135	0	0	1	0	0	0	0	0	0	1	0	0	0	0
0.7419354838709677	0.35185185185185186	0.7145390070921985	0.7419354838709677	0.35185185185185186	0.7145390070921985	1	0	0	0	0	0	0	0	0	0	0	0	1	0
0.7419354838709677	0.37037037037037035	0.7154255319148937	0.7419354838709677	0.37037037037037035	0.7154255319148937	0	0	0	0	1	0	0	0	0	0	1	0	0	0
0.7419354838709677	0.3888888888888889	0.7163120567375887	0.7419354838709677	0.3888888888888889	0.7163120567375887	1	0	0	0	0	0	0	0	0	0	0	0	1	0
0.7419354838709677	0.4074074074074074	0.7171985815602837	0.7419354838709677	0.4074074074074074	0.7171985815602837	1	0	0	0	0	0	0	0	0	0	0	0	1	0
0.7419354838709677	0.42592592592592593	0.7180851063829787	0.7419354838709677	0.42592592592592593	0.7180851063829787	1	0	0	0	0	0	0	0	0	0	0	0	1	0
0.7580645161290323	0.037037037037037035	0.7207446808510638	0.7580645161290323	0.037037037037037035	0.7207446808510638	1	0	0	0	0	0	0	0	1	0	0	0	0	0
0.7580645161290323	0.1111111111111111	0.724290780141844	0.7580645161290323	0.1111111111111111	0.724290780141844	0	1	0	0	0	0	0	0	0	1	0	0	0	0
0.7580645161290323	0.14814814814814814	0.726063829787234	0.7580645161290323	0.14814814814814814	0.726063829787234	1	0	0	0	0	0	0	0	0	0	0	0	1	0
0.7580645161290323	0.18518518518518517	0.7278368794326241	0.7580645161290323	0.18518518518518517	0.7278368794326241	0	0	0	0	1	0	0	0	0	0	1	0	0	0
0.7580645161290323	0.2037037037037037	0.7287234042553191	0.7580645161290323	0.2037037037037037	0.7287234042553191	1	0	0	0	0	0	0	0	0	0	0	0	1	0
0.7580645161290323	0.24074074074074073	0.7304964539007093	0.7580645161290323	0.24074074074074073	0.7304964539007093	0	1	0	0	0	0	0	0	0	1	0	0	0	0
0.7580645161290323	0.2777777777777778	0.7322695035460993	0.7580645161290323	0.2777777777777778	0.7322695035460993	1	0	0	0	0	0	0	0	0	0	0	0	1	0
0.7580645161290323	0.3148148148148148	0.7340425531914894	0.7580645161290323	0.3148148148148148	0.7340425531914894	0	0	0	0	1	0	0	0	0	0	1	0	0	0
0.7580645161290323	0.3333333333333333	0.7349290780141844	0.7580645161290323	0.3333333333333333	0.7349290780141844	1	0	0	0	0	0	0	0	0	0	0	0	1	0
0.7741935483870968	0.037037037037037035	0.7375886524822695	0.7741935483870968	0.037037037037037035	0.7375886524822695	1	0	0	0	0	0	0	0	1	0	0	0	0	0
0.7741935483870968	0.14814814814814814	0.7429078014184397	0.7741935483870968	0.14814814814814814	0.7429078014184397	1	0	0	0	0	0	0	0	0	0	0	0	1	0
0.7580645161290323	0.24074074074074073	0.7304964539007093	0.7741935483870968	0.16666666666666666	0.7437943262411347	0	0	1	0	0	0	0	0	0	1	0	0	0	0
0.7741935483870968	0.2037037037037037	0.7455673758865248	0.7741935483870968	0.2037037037037037	0.7455673758865248	1	0	0	0	0	0	0	0	0	0	0	0	1	0
0.7741935483870968	0.24074074074074073	0.7473404255319149	0.7741935483870968	0.24074074074074073	0.7473404255319149	0	0	1	0	0	0	0	0	0	1	0	0	0	0
0.7741935483870968	0.2962962962962963	0.75	0.7741935483870968	0.2962962962962963	0.75	1	0	0	0	0	0	0	0	0	0	0	0	1	0
0.7741935483870968	0.3148148148148148	0.750886524822695	0.7741935483870968	0.3148148148148148	0.750886524822695	1	0	0	0	0	0	0	0	0	1	0	0	0	0
0.7741935483870968	0.3888888888888889	0.7544326241134752	0.7741935483870968	0.3888888888888889	0.7544326241134752	1	0	0	0	0	0	0	0	0	0	0	0	1	0
0.7741935483870968	0.4074074074074074	0.7553191489361702	0.7741935483870968	0.4074074074074074	0.7553191489361702	1	0	0	0	0	0	0	0	0	0	0	0	1	0
0.7741935483870968	0.42592592592592593	0.7562056737588653	0.7741935483870968	0.42592592592592593	0.7562056737588653	1	0	0	0	0	0	0	0	0	0	0	0	1	0
0.7741935483870968	0.46296296296296297	0.7579787234042553	0.7741935483870968	0.46296296296296297	0.7579787234042553	1	0	0	0	0	0	0	0	0	0	0	0	1	0
0.7903225806451613	0.05555555555555555	0.7615248226950354	0.7903225806451613	0.05555555555555555	0.7615248226950354	1	0	0	0	0	0	0	0	1	0	0	0	0	0
0.7903225806451613	0.12962962962962962	0.7650709219858156	0.7903225806451613	0.12962962962962962	0.7650709219858156	0	1	0	0	0	0	0	0	0	1	0	0	0	0
0.7903225806451613	0.16666666666666666	0.7668439716312057	0.7903225806451613	0.16666666666666666	0.7668439716312057	1	0	0	0	0	0	0	0	0	0	0	0	1	0
0.7903225806451613	0.2037037037037037	0.7686170212765957	0.7903225806451613	0.2037037037037037	0.7686170212765957	0	0	1	0	0	0	0	0	0	1	0	0	0	0
0.7903225806451613	0.25925925925925924	0.7712765957446809	0.7903225806451613	0.25925925925925924	0.7712765957446809	1	0	0	0	0	0	0	0	0	0	0	0	1	0
0.7580645161290323	0.1111111111111111	0.724290780141844	0.7903225806451613	0.2777777777777778	0.7721631205673759	0	0	1	0	0	0	0	0	0	1	0	0	0	0
0.7903225806451613	0.2962962962962963	0.7730496453900709	0.7903225806451613	0.2962962962962963	0.7730496453900709	1	0	0	0	0	0	0	0	0	0	0	0	1	0
0.7903225806451613	0.3148148148148148	0.773936170212766	0.7903225806451613	0.3148148148148148	0.773936170212766	1	0	0	0	0	0	0	0	0	0	0	0	1	0
0.8064516129032258	0.05555555555555555	0.7774822695035462	0.8064516129032258	0.05555555555555555	0.7774822695035462	1	0	0	0	0	0	0	0	1	0	0	0	0	0
0.8064516129032258	0.16666666666666666	0.7828014184397163	0.8064516129032258	0.16666666666666666	0.7828014184397163	1	0	0	0	0	0	0	0	0	0	0	0	1	0
0.7580645161290323	0.24074074074074073	0.7304964539007093	0.8064516129032258	0.18518518518518517	0.7836879432624113	0	0	1	0	0	0	0	0	0	1	0	0	0	0
0.8064516129032258	0.2222222222222222	0.7854609929078015	0.8064516129032258	0.2222222222222222	0.7854609929078015	1	0	0	0	0	0	0	0	0	0	0	0	1	0
0.8064516129032258	0.25925925925925924	0.7872340425531915	0.8064516129032258	0.25925925925925924	0.7872340425531915	0	0	1	0	0	0	0	0	0	1	0	0	0	0
0.8064516129032258	0.3148148148148148	0.7898936170212766	0.8064516129032258	0.3148148148148148	0.7898936170212766	1	0	0	0	0	0	0	0	0	0	0	0	1	0
0.8064516129032258	0.3333333333333333	0.7907801418439716	0.8064516129032258	0.3333333333333333	0.7907801418439716	1	0	0	0	0	0	0	0	0	1	0	0	0	0
0.8064516129032258	0.4074074074074074	0.7943262411347518	0.8064516129032258	0.4074074074074074	0.7943262411347518	1	0	0	0	0	0	0	0	0	0	0	0	1	0
0.8064516129032258	0.42592592592592593	0.7952127659574468	0.8064516129032258	0.42592592592592593	0.7952127659574468	1	0	0	0	0	0	0	0	0	0	0	0	1	0
0.8064516129032258	0.46296296296296297	0.7969858156028369	0.8064516129032258	0.46296296296296297	0.7969858156028369	1	0	0	0	0	0	0	0	0	0	0	0	1	0
0.11290322580645161	0.4074074074074074	0.10195035460992907	0.8064516129032258	0.5185185185185185	0.799645390070922	0	0	1	0	0	0	0	0	0	1	0	0	0	0
0.8064516129032258	0.5740740740740741	0.8023049645390071	0.8064516129032258	0.5740740740740741	0.8023049645390071	1	0	0	0	0	0	0	0	0	0	0	0	1	0
0.7903225806451613	0.12962962962962962	0.7650709219858156	0.8064516129032258	0.5925925925925926	0.8031914893617021	0	0	1	0	0	0	0	0	0	1	0	0	0	0
0.8064516129032258	0.6111111111111112	0.8040780141843972	0.8064516129032258	0.6111111111111112	0.8040780141843972	1	0	0	0	0	0	0	0	0	0	0	0	1	0
0.8064516129032258	0.6296296296296297	0.8049645390070922	0.8064516129032258	0.6296296296296297	0.8049645390070922	1	0	0	0	0	0	0	0	0	0	0	0	1	0
0.8064516129032258	0.6481481481481481	0.8058510638297872	0.8064516129032258	0.6481481481481481	0.8058510638297872	0	0	1	0	0	0	0	0	0	1	0	0	0	0
0.8064516129032258	0.7037037037037037	0.8085106382978723	0.8064516129032258	0.7037037037037037	0.8085106382978723	1	0	0	0	0	0	0	0	0	0	0	0	1	0
0.7580645161290323	0.24074074074074073	0.7304964539007093	0.8064516129032258	0.7222222222222222	0.8093971631205674	0	0	1	0	0	0	0	0	0	1	0	0	0	0
0.8064516129032258	0.7407407407407407	0.8102836879432624	0.8064516129032258	0.7407407407407407	0.8102836879432624	1	0	0	0	0	0	0	0	0	0	0	0	1	0
0.8064516129032258	0.7592592592592593	0.8111702127659575	0.8064516129032258	0.7592592592592593	0.8111702127659575	1	0	0	0	0	0	0	0	0	0	0	0	1	0
0.8064516129032258	0.7962962962962963	0.8129432624113475	0.8064516129032258	0.7962962962962963	0.8129432624113475	1	0	0	0	0	0	0	0	0	0	0	0	1	0
0.7580645161290323	0.24074074074074073	0.7304964539007093	0.8064516129032258	0.8518518518518519	0.8156028368794326	0	0	1	0	0	0	0	0	0	1	0	0	0	0
0.8064516129032258	0.8888888888888888	0.8173758865248227	0.8064516129032258	0.8888888888888888	0.8173758865248227	1	0	0	0	0	0	0	0	0	0	0	0	1	0
0.7580645161290323	0.1111111111111111	0.724290780141844	0.8064516129032258	0.9259259259259259	0.8191489361702128	0	0	1	0	0	0	0	0	0	1	0	0	0	0
0.8064516129032258	0.9444444444444444	0.8200354609929078	0.8064516129032258	0.9444444444444444	0.8200354609929078	1	0	0	0	0	0	0	0	0	0	0	0	1	0
0.7580645161290323	0.24074074074074073	0.7304964539007093	0.8225806451612904	0.07407407407407407	0.824468085106383	0	0	1	0	0	0	0	0	0	1	0	0	0	0
0.8225806451612904	0.09259259259259259	0.825354609929078	0.8225806451612904	0.09259259259259259	0.825354609929078	1	0	0	0	0	0	0	0	0	0	0	0	1	0
0.8225806451612904	0.12962962962962962	0.8271276595744681	0.8225806451612904	0.12962962962962962	0.8271276595744681	1	0	0	0	0	0	0	0	0	0	0	0	1	0
0.8387096774193549	0.05555555555555555	0.8306737588652482	0.8387096774193549	0.05555555555555555	0.8306737588652482	0	0	1	0	0	0	0	0	0	1	0	0	0	0
0.8387096774193549	0.1111111111111111	0.8333333333333334	0.8387096774193549	0.1111111111111111	0.8333333333333334	1	0	0	0	0	0	0	0	0	0	0	0	1	0
0.8387096774193549	0.12962962962962962	0.8342198581560284	0.8387096774193549	0.12962962962962962	0.8342198581560284	1	0	0	0	0	0	0	0	0	1	0	0	0	0
0.8387096774193549	0.2962962962962963	0.8421985815602837	0.8387096774193549	0.2962962962962963	0.8421985815602837	1	0	0	0	0	0	0	0	0	0	0	0	1	0
0.8387096774193549	0.3148148148148148	0.8430851063829787	0.8387096774193549	0.3148148148148148	0.8430851063829787	0	0	1	0	0	0	0	0	0	1	0	0	0	0
0.8387096774193549	0.37037037037037035	0.8457446808510638	0.8387096774193549	0.37037037037037035	0.8457446808510638	1	0	0	0	0	0	0	0	0	0	0	0	1	0
0.7580645161290323	0.24074074074074073	0.7304964539007093	0.8387096774193549	0.3888888888888889	0.8466312056737588	0	0	1	0	0	0	0	0	0	1	0	0	0	0
0.8387096774193549	0.42592592592592593	0.848404255319149	0.8387096774193549	0.42592592592592593	0.848404255319149	1	0	0	0	0	0	0	0	0	0	0	0	1	0
0.8387096774193549	0.46296296296296297	0.850177304964539	0.8387096774193549	0.46296296296296297	0.850177304964539	0	0	0	0	1	0	0	0	0	0	1	0	0	0
0.8387096774193549	0.48148148148148145	0.851063829787234	0.8387096774193549	0.48148148148148145	0.851063829787234	1	0	0	0	0	0	0	0	0	0	0	0	1	0
0.8387096774193549	0.5	0.8519503546099291	0.8387096774193549	0.5	0.8519503546099291	1	0	0	0	0	0	0	0	0	0	0	0	1	0
0.8387096774193549	0.5185185185185185	0.8528368794326241	0.8387096774193549	0.5185185185185185	0.8528368794326241	1	0	0	0	0	0	0	0	0	0	0	0	1	0
0.7580645161290323	0.1111111111111111	0.724290780141844	0.8548387096774194	0.05555555555555555	0.8563829787234043	0	0	1	0	0	0	0	0	0	1	0	0	0	0
0.8548387096774194	0.09259259259259259	0.8581560283687943	0.8548387096774194	0.09259259259259259	0.8581560283687943	1	0	0	0	0	0	0	0	0	0	0	0	1	0
0.7580645161290323	0.24074074074074073	0.7304964539007093	0.8548387096774194	0.12962962962962962	0.8599290780141844	0	0	1	0	0	0	0	0	0	1	0	0	0	0
0.8548387096774194	0.16666666666666666	0.8617021276595744	0.8548387096774194	0.16666666666666666	0.8617021276595744	1	0	0	0	0	0	0	0	0	0	0	0	1	0
0.8548387096774194	0.2037037037037037	0.8634751773049646	0.8548387096774194	0.2037037037037037	0.8634751773049646	0	0	0	0	1	0	0	0	0	0	1	0	0	0
0.8548387096774194	0.2222222222222222	0.8643617021276596	0.8548387096774194	0.2222222222222222	0.8643617021276596	1	0	0	0	0	0	0	0	0	0	0	0	1	0
0.8709677419354839	0.037037037037037035	0.8670212765957447	0.8709677419354839	0.037037037037037035	0.8670212765957447	1	0	0	0	0	0	0	0	0	0	0	0	1	0
0.8870967741935484	0.037037037037037035	0.8696808510638298	0.8870967741935484	0.037037037037037035	0.8696808510638298	1	0	0	0	0	0	0	0	1	0	0	0	0	0
0.8870967741935484	0.09259259259259259	0.8723404255319149	0.8870967741935484	0.09259259259259259	0.8723404255319149	1	0	0	0	0	0	0	0	0	0	0	0	1	0
0.8870967741935484	0.1111111111111111	0.87322695035461	0.8870967741935484	0.1111111111111111	0.87322695035461	0	0	1	0	0	0	0	0	0	1	0	0	0	0
0.8870967741935484	0.16666666666666666	0.875886524822695	0.8870967741935484	0.16666666666666666	0.875886524822695	1	0	0	0	0	0	0	0	0	0	0	0	1	0
0.8870967741935484	0.18518518518518517	0.87677304964539	0.8870967741935484	0.18518518518518517	0.87677304964539	1	0	0	0	0	0	0	0	0	1	0	0	0	0
0.8870967741935484	0.25925925925925924	0.8803191489361702	0.8870967741935484	0.25925925925925924	0.8803191489361702	1	0	0	0	0	0	0	0	0	0	0	0	1	0
0.8870967741935484	0.2777777777777778	0.8812056737588653	0.8870967741935484	0.2777777777777778	0.8812056737588653	1	0	0	0	0	0	0	0	0	0	0	0	1	0
0.8870967741935484	0.3148148148148148	0.8829787234042553	0.8870967741935484	0.3148148148148148	0.8829787234042553	1	0	0	0	0	0	0	0	0	0	0	0	1	0
0.8870967741935484	0.37037037037037035	0.8856382978723404	0.8870967741935484	0.37037037037037035	0.8856382978723404	0	0	1	0	0	0	0	0	0	1	0	0	0	0
0.8870967741935484	0.42592592592592593	0.8882978723404256	0.8870967741935484	0.42592592592592593	0.8882978723404256	1	0	0	0	0	0	0	0	0	0	0	0	1	0
0.8870967741935484	0.4444444444444444	0.8891843971631206	0.8870967741935484	0.4444444444444444	0.8891843971631206	1	0	0	0	0	0	0	0	0	1	0	0	0	0
0.8870967741935484	0.5185185185185185	0.8927304964539007	0.8870967741935484	0.5185185185185185	0.8927304964539007	1	0	0	0	0	0	0	0	0	0	0	0	1	0
0.8870967741935484	0.5370370370370371	0.8936170212765957	0.8870967741935484	0.5370370370370371	0.8936170212765957	1	0	0	0	0	0	0	0	0	0	0	0	1	0
0.8870967741935484	0.5555555555555556	0.8945035460992907	0.8870967741935484	0.5555555555555556	0.8945035460992907	1	0	0	0	0	0	0	0	0	0	0	0	1	0
0.9032258064516129	0.05555555555555555	0.8980496453900709	0.9032258064516129	0.05555555555555555	0.8980496453900709	0	0	1	0	0	0	0	0	0	1	0	0	0	0
0.9032258064516129	0.1111111111111111	0.900709219858156	0.9032258064516129	0.1111111111111111	0.900709219858156	1	0	0	0	0	0	0	0	0	0	0	0	1	0
0.9032258064516129	0.12962962962962962	0.901595744680851	0.9032258064516129	0.12962962962962962	0.901595744680851	1	0	0	0	0	0	0	0	0	1	0	0	0	0
0.9032258064516129	0.2962962962962963	0.9095744680851063	0.9032258064516129	0.2962962962962963	0.9095744680851063	1	0	0	0	0	0	0	0	0	0	0	0	1	0
0.9032258064516129	0.3148148148148148	0.9104609929078015	0.9032258064516129	0.3148148148148148	0.9104609929078015	0	0	1	0	0	0	0	0	0	1	0	0	0	0
0.9032258064516129	0.37037037037037035	0.9131205673758865	0.9032258064516129	0.37037037037037035	0.9131205673758865	1	0	0	0	0	0	0	0	0	0	0	0	1	0
0.9032258064516129	0.3888888888888889	0.9140070921985816	0.9032258064516129	0.3888888888888889	0.9140070921985816	1	0	0	0	0	0	0	0	0	1	0	0	0	0
0.9032258064516129	0.46296296296296297	0.9175531914893617	0.9032258064516129	0.46296296296296297	0.9175531914893617	1	0	0	0	0	0	0	0	0	0	0	0	1	0
0.9032258064516129	0.48148148148148145	0.9184397163120568	0.9032258064516129	0.48148148148148145	0.9184397163120568	1	0	0	0	0	0	0	0	0	0	0	0	1	0
0.9032258064516129	0.5	0.9193262411347518	0.9032258064516129	0.5	0.9193262411347518	1	0	0	0	0	0	0	0	0	0	0	0	1	0
0.9032258064516129	0.5185185185185185	0.9202127659574468	0.9032258064516129	0.5185185185185185	0.9202127659574468	1	0	0	0	0	0	0	0	0	0	0	0	1	0
0.9354838709677419	0.037037037037037035	0.9237588652482269	0.9354838709677419	0.037037037037037035	0.9237588652482269	0	0	1	0	0	0	0	0	0	1	0	0	0	0
0.9354838709677419	0.12962962962962962	0.9281914893617021	0.9354838709677419	0.12962962962962962	0.9281914893617021	0	0	1	0	0	0	0	0	0	0	0	0	1	0
0.9354838709677419	0.18518518518518517	0.9308510638297872	0.9354838709677419	0.18518518518518517	0.9308510638297872	0	0	1	0	0	0	0	0	0	1	0	0	0	0
0.9354838709677419	0.24074074074074073	0.9335106382978723	0.9354838709677419	0.24074074074074073	0.9335106382978723	1	0	0	0	0	0	0	0	0	0	0	0	1	0
0.9354838709677419	0.25925925925925924	0.9343971631205674	0.9354838709677419	0.25925925925925924	0.9343971631205674	1	0	0	0	0	0	0	0	0	1	0	0	0	0
0.9354838709677419	0.3333333333333333	0.9379432624113475	0.9354838709677419	0.3333333333333333	0.9379432624113475	1	0	0	0	0	0	0	0	0	0	0	0	1	0
0.9354838709677419	0.35185185185185186	0.9388297872340425	0.9354838709677419	0.35185185185185186	0.9388297872340425	1	0	0	0	0	0	0	0	0	0	0	0	1	0
0.9354838709677419	0.3888888888888889	0.9406028368794326	0.9354838709677419	0.3888888888888889	0.9406028368794326	0	0	1	0	0	0	0	0	0	0	0	0	1	0
0.9354838709677419	0.4444444444444444	0.9432624113475178	0.9354838709677419	0.4444444444444444	0.9432624113475178	0	0	0	0	0	1	0	0	0	0	1	0	0	0
0.9354838709677419	0.5185185185185185	0.9468085106382979	0.9354838709677419	0.5185185185185185	0.9468085106382979	1	0	0	0	0	0	0	0	0	0	0	0	1	0
0.9516129032258065	0.037037037037037035	0.949468085106383	0.9516129032258065	0.037037037037037035	0.949468085106383	1	0	0	0	0	0	0	0	1	0	0	0	0	0
0.9516129032258065	0.1111111111111111	0.9530141843971631	0.9516129032258065	0.1111111111111111	0.9530141843971631	1	0	0	0	0	0	0	0	0	0	0	0	1	0
0.9516129032258065	0.12962962962962962	0.9539007092198581	0.9516129032258065	0.12962962962962962	0.9539007092198581	1	0	0	0	0	0	0	0	1	0	0	0	0	0
0.9516129032258065	0.2037037037037037	0.9574468085106383	0.9516129032258065	0.2037037037037037	0.9574468085106383	0	1	0	0	0	0	0	0	0	1	0	0	0	0
0.9516129032258065	0.24074074074074073	0.9592198581560284	0.9516129032258065	0.24074074074074073	0.9592198581560284	0	0	1	0	0	0	0	0	0	0	0	0	1	0
0.9516129032258065	0.2777777777777778	0.9609929078014184	0.9516129032258065	0.2777777777777778	0.9609929078014184	0	0	1	0	0	0	0	0	0	1	0	0	0	0
0.9516129032258065	0.3333333333333333	0.9636524822695035	0.9516129032258065	0.3333333333333333	0.9636524822695035	1	0	0	0	0	0	0	0	0	0	0	0	1	0
0.967741935483871	0.05555555555555555	0.9671985815602837	0.967741935483871	0.05555555555555555	0.9671985815602837	0	0	1	0	0	0	0	0	0	1	0	0	0	0
0.967741935483871	0.14814814814814814	0.9716312056737588	0.967741935483871	0.14814814814814814	0.9716312056737588	0	0	1	0	0	0	0	0	0	0	0	0	1	0
0.9516129032258065	0.2037037037037037	0.9574468085106383	0.967741935483871	0.2037037037037037	0.974290780141844	0	0	1	0	0	0	0	0	0	1	0	0	0	0
0.967741935483871	0.24074074074074073	0.976063829787234	0.967741935483871	0.24074074074074073	0.976063829787234	1	0	0	0	0	0	0	0	0	0	0	0	1	0
0.967741935483871	0.2777777777777778	0.9778368794326241	0.967741935483871	0.2777777777777778	0.9778368794326241	0	0	0	0	1	0	0	0	0	0	1	0	0	0
0.967741935483871	0.3148148148148148	0.9796099290780141	0.967741935483871	0.3148148148148148	0.9796099290780141	0	0	1	0	0	0	0	0	0	0	0	0	1	0
0.967741935483871	0.37037037037037035	0.9822695035460993	0.967741935483871	0.37037037037037035	0.9822695035460993	0	0	0	0	0	1	0	0	0	0	1	0	0	0
0.967741935483871	0.42592592592592593	0.9849290780141844	0.967741935483871	0.42592592592592593	0.9849290780141844	1	0	0	0	0	0	0	0	0	0	0	0	1	0
0.9838709677419355	0.037037037037037035	0.9875886524822695	0.9838709677419355	0.037037037037037035	0.9875886524822695	0	0	1	0	0	0	0	0	0	1	0	0	0	0
0.9838709677419355	0.12962962962962962	0.9920212765957447	0.9838709677419355	0.12962962962962962	0.9920212765957447	0	0	1	0	0	0	0	0	0	0	0	0	1	0
0.9838709677419355	0.18518518518518517	0.9946808510638298	0.9838709677419355	0.18518518518518517	0.9946808510638298	0	0	1	0	0	0	0	0	0	1	0	0	0	0
0.9838709677419355	0.25925925925925924	0.99822695035461	0.9838709677419355	0.25925925925925924	0.99822695035461	1	0	0	0	0	0	0	0	0	0	0	0	1	0
1	0.018518518518518517	1	1	0.018518518518518517	1	1	0	0	0	0	0	0	0	0	0	0	0	1	0