0.2375	0.018867924528301886	0.2369727047146402	0.2375	0.018867924528301886	0.2369727047146402	1	0	0	0	0	0	0	0	1	0	0	0	0	0
0.2375	0.18867924528301888	0.2425558312655087	0.2375	0.18867924528301888	0.2425558312655087	1	0	0	0	0	0	0	0	0	0	0	0	1	0
0.2375	0.20754716981132076	0.24317617866004962	0.2375	0.20754716981132076	0.24317617866004962	1	0	0	0	0	0	0	0	1	0	0	0	0	0
0.2375	0.32075471698113206	0.24689826302729528	0.2375	0.32075471698113206	0.24689826302729528	1	0	0	0	0	0	0	0	0	1	0	0	0	0
0.2375	0.33962264150943394	0.24751861042183623	0.2375	0.33962264150943394	0.24751861042183623	1	0	0	0	0	0	0	0	0	0	0	0	1	0
0.25	0.018867924528301886	0.2487593052109181	0.25	0.018867924528301886	0.2487593052109181	1	0	0	0	0	0	0	0	1	0	0	0	0	0
0.25	0.11320754716981132	0.2518610421836228	0.25	0.11320754716981132	0.2518610421836228	1	0	0	0	0	0	0	0	0	1	0	0	0	0
0.25	0.18867924528301888	0.2543424317617866	0.25	0.18867924528301888	0.2543424317617866	1	0	0	0	0	0	0	0	0	0	0	0	1	0
0.25	0.20754716981132076	0.25496277915632753	0.25	0.20754716981132076	0.25496277915632753	1	0	0	0	0	0	0	0	0	1	0	0	0	0
0.25	0.24528301886792453	0.25620347394540943	0.25	0.24528301886792453	0.25620347394540943	1	0	0	0	0	0	0	0	0	0	0	0	1	0
0.25	0.2641509433962264	0.25682382133995035	0.25	0.2641509433962264	0.25682382133995035	1	0	0	0	0	0	0	0	0	0	0	0	1	0
0.2625	0.018867924528301886	0.2586848635235732	0.2625	0.018867924528301886	0.2586848635235732	1	0	0	0	0	0	0	0	1	0	0	0	0	0
0.2625	0.18867924528301888	0.2642679900744417	0.2625	0.18867924528301888	0.2642679900744417	1	0	0	0	0	0	0	0	0	0	0	0	1	0
0.2625	0.20754716981132076	0.2648883374689826	0.2625	0.20754716981132076	0.2648883374689826	1	0	0	0	0	0	0	0	1	0	0	0	0	0
0.2625	0.32075471698113206	0.2686104218362283	0.2625	0.32075471698113206	0.2686104218362283	1	0	0	0	0	0	0	0	0	1	0	0	0	0
0.2625	0.33962264150943394	0.2692307692307692	0.2625	0.33962264150943394	0.2692307692307692	1	0	0	0	0	0	0	0	0	0	0	0	1	0
0.275	0.018867924528301886	0.2704714640198511	0.275	0.018867924528301886	0.2704714640198511	1	0	0	0	0	0	0	0	1	0	0	0	0	0
0.275	0.11320754716981132	0.27357320099255583	0.275	0.11320754716981132	0.27357320099255583	1	0	0	0	0	0	0	0	0	1	0	0	0	0
0.275	0.20754716981132076	0.27667493796526055	0.275	0.20754716981132076	0.27667493796526055	1	0	0	0	0	0	0	0	0	0	0	0	1	0
0.275	0.22641509433962265	0.27729528535980147	0.275	0.22641509433962265	0.27729528535980147	1	0	0	0	0	0	0	0	1	0	0	0	0	0
0.275	0.33962264150943394	0.28101736972704716	0.275	0.33962264150943394	0.28101736972704716	1	0	0	0	0	0	0	0	0	1	0	0	0	0
0.275	0.37735849056603776	0.28225806451612906	0.275	0.37735849056603776	0.28225806451612906	1	0	0	0	0	0	0	0	0	0	0	0	1	0
0.275	0.39622641509433965	0.28287841191067	0.275	0.39622641509433965	0.28287841191067	1	0	0	0	0	0	0	0	0	0	0	0	1	0
0.3	0.018867924528301886	0.2853598014888337	0.3	0.018867924528301886	0.2853598014888337	1	0	0	0	0	0	0	0	1	0	0	0	0	0
0.3	0.16981132075471697	0.2903225806451613	0.3	0.16981132075471697	0.2903225806451613	1	0	0	0	0	0	0	0	1	0	0	0	0	0
0.3	0.2641509433962264	0.293424317617866	0.3	0.2641509433962264	0.293424317617866	1	0	0	0	0	0	0	0	1	0	0	0	0	0
0.3	0.3584905660377358	0.29652605459057074	0.3	0.3584905660377358	0.29652605459057074	1	0	0	0	0	0	0	0	0	1	0	0	0	0
0.3125	0.018867924528301886	0.2990074441687345	0.3125	0.018867924528301886	0.2990074441687345	1	0	0	0	0	0	0	0	1	0	0	0	0	0
0.3125	0.16981132075471697	0.303970223325062	0.3125	0.16981132075471697	0.303970223325062	1	0	0	0	0	0	0	0	1	0	0	0	0	0
0.3125	0.33962264150943394	0.30955334987593053	0.3125	0.33962264150943394	0.30955334987593053	1	0	0	0	0	0	0	0	1	0	0	0	0	0
0.3125	0.4339622641509434	0.31265508684863524	0.3125	0.4339622641509434	0.31265508684863524	1	0	0	0	0	0	0	0	1	0	0	0	0	0
0.3125	0.5283018867924528	0.31575682382133996	0.3125	0.5283018867924528	0.31575682382133996	1	0	0	0	0	0	0	0	0	1	0	0	0	0
0.325	0.018867924528301886	0.3188585607940447	0.325	0.018867924528301886	0.3188585607940447	1	0	0	0	0	0	0	0	1	0	0	0	0	0
0.325	0.16981132075471697	0.3238213399503722	0.325	0.16981132075471697	0.3238213399503722	1	0	0	0	0	0	0	0	1	0	0	0	0	0
0.325	0.2830188679245283	0.32754342431761785	0.325	0.2830188679245283	0.32754342431761785	1	0	0	0	0	0	0	0	1	0	0	0	0	0
0.325	0.3584905660377358	0.33002481389578164	0.325	0.3584905660377358	0.33002481389578164	1	0	0	0	0	0	0	0	0	0	0	0	1	0
0.325	0.37735849056603776	0.33064516129032256	0.325	0.37735849056603776	0.33064516129032256	1	0	0	0	0	0	0	0	0	1	0	0	0	0
0.3375	0.018867924528301886	0.33312655086848636	0.3375	0.018867924528301886	0.33312655086848636	1	0	0	0	0	0	0	0	1	0	0	0	0	0
0.3375	0.16981132075471697	0.3380893300248139	0.3375	0.16981132075471697	0.3380893300248139	1	0	0	0	0	0	0	0	0	1	0	0	0	0
0.3375	0.22641509433962265	0.3399503722084367	0.3375	0.22641509433962265	0.3399503722084367	1	0	0	0	0	0	0	0	0	0	0	0	1	0
0.3375	0.2641509433962264	0.3411910669975186	0.3375	0.2641509433962264	0.3411910669975186	1	0	0	0	0	0	0	0	0	1	0	0	0	0
0.3375	0.33962264150943394	0.3436724565756824	0.3375	0.33962264150943394	0.3436724565756824	1	0	0	0	0	0	0	0	0	0	0	0	1	0
0.3375	0.3584905660377358	0.3442928039702233	0.3375	0.3584905660377358	0.3442928039702233	1	0	0	0	0	0	0	0	1	0	0	0	0	0
0.3375	0.41509433962264153	0.34615384615384615	0.3375	0.41509433962264153	0.34615384615384615	1	0	0	0	0	0	0	0	0	0	0	0	1	0
0.3375	0.4528301886792453	0.34739454094292804	0.3375	0.4528301886792453	0.34739454094292804	1	0	0	0	0	0	0	0	1	0	0	0	0	0
0.3375	0.5094339622641509	0.34925558312655086	0.3375	0.5094339622641509	0.34925558312655086	1	0	0	0	0	0	0	0	0	0	0	0	1	0
0.3375	0.5471698113207547	0.35049627791563276	0.3375	0.5471698113207547	0.35049627791563276	1	0	0	0	0	0	0	0	0	1	0	0	0	0
0.35	0.018867924528301886	0.3535980148883375	0.35	0.018867924528301886	0.3535980148883375	1	0	0	0	0	0	0	0	1	0	0	0	0	0
0.35	0.1320754716981132	0.3573200992555831	0.35	0.1320754716981132	0.3573200992555831	1	0	0	0	0	0	0	0	1	0	0	0	0	0
0.35	0.20754716981132076	0.3598014888337469	0.35	0.20754716981132076	0.3598014888337469	0	1	0	0	0	0	0	0	0	1	0	0	0	0
0.35	0.3018867924528302	0.3629032258064516	0.35	0.3018867924528302	0.3629032258064516	1	0	0	0	0	0	0	0	0	0	0	0	1	0
0.35	0.33962264150943394	0.3641439205955335	0.35	0.33962264150943394	0.3641439205955335	1	0	0	0	0	0	0	0	0	0	1	0	0	0
0.3625	0.018867924528301886	0.3715880893300248	0.3625	0.018867924528301886	0.3715880893300248	1	0	0	0	0	0	0	0	1	0	0	0	0	0
0.3625	0.1320754716981132	0.3753101736972705	0.3625	0.1320754716981132	0.3753101736972705	1	0	0	0	0	0	0	0	0	1	0	0	0	0
0.3625	0.18867924528301888	0.3771712158808933	0.3625	0.18867924528301888	0.3771712158808933	0	1	0	0	0	0	0	0	0	1	0	0	0	0
0.3625	0.3018867924528302	0.38089330024813894	0.3625	0.3018867924528302	0.38089330024813894	1	0	0	0	0	0	0	0	0	0	0	0	1	0
0.3625	0.33962264150943394	0.38213399503722084	0.3625	0.33962264150943394	0.38213399503722084	1	0	0	0	0	0	0	0	0	0	1	0	0	0
0.375	0.018867924528301886	0.3964019851116625	0.375	0.018867924528301886	0.3964019851116625	1	0	0	0	0	0	0	0	1	0	0	0	0	0
0.375	0.1320754716981132	0.40012406947890816	0.375	0.1320754716981132	0.40012406947890816	1	0	0	0	0	0	0	0	0	1	0	0	0	0
0.375	0.18867924528301888	0.40198511166253104	0.375	0.18867924528301888	0.40198511166253104	1	0	0	0	0	0	0	0	0	0	0	0	1	0
0.375	0.22641509433962265	0.4032258064516129	0.375	0.22641509433962265	0.4032258064516129	1	0	0	0	0	0	0	0	0	1	0	0	0	0
0.3875	0.018867924528301886	0.4063275434243176	0.3875	0.018867924528301886	0.4063275434243176	1	0	0	0	0	0	0	0	1	0	0	0	0	0
0.3875	0.1320754716981132	0.4100496277915633	0.3875	0.1320754716981132	0.4100496277915633	1	0	0	0	0	0	0	0	0	1	0	0	0	0
0.3875	0.18867924528301888	0.4119106699751861	0.3875	0.18867924528301888	0.4119106699751861	1	0	0	0	0	0	0	0	0	0	0	0	1	0
0.3875	0.22641509433962265	0.413151364764268	0.3875	0.22641509433962265	0.413151364764268	1	0	0	0	0	0	0	0	0	1	0	0	0	0
0.4	0.018867924528301886	0.4162531017369727	0.4	0.018867924528301886	0.4162531017369727	1	0	0	0	0	0	0	0	1	0	0	0	0	0
0.4	0.1320754716981132	0.41997518610421836	0.4	0.1320754716981132	0.41997518610421836	1	0	0	0	0	0	0	0	0	1	0	0	0	0
0.4	0.18867924528301888	0.4218362282878412	0.4	0.18867924528301888	0.4218362282878412	1	0	0	0	0	0	0	0	0	0	0	0	1	0
0.4	0.22641509433962265	0.4230769230769231	0.4	0.22641509433962265	0.4230769230769231	1	0	0	0	0	0	0	0	0	1	0	0	0	0
0.4125	0.018867924528301886	0.4261786600496278	0.4125	0.018867924528301886	0.4261786600496278	1	0	0	0	0	0	0	0	1	0	0	0	0	0
0.4125	0.1320754716981132	0.4299007444168734	0.4125	0.1320754716981132	0.4299007444168734	1	0	0	0	0	0	0	0	0	1	0	0	0	0
0.4125	0.18867924528301888	0.4317617866004963	0.4125	0.18867924528301888	0.4317617866004963	1	0	0	0	0	0	0	0	0	0	0	0	1	0
0.4125	0.22641509433962265	0.43300248138957814	0.4125	0.22641509433962265	0.43300248138957814	1	0	0	0	0	0	0	0	0	1	0	0	0	0
0.425	0.018867924528301886	0.43672456575682383	0.425	0.018867924528301886	0.43672456575682383	1	0	0	0	0	0	0	0	1	0	0	0	0	0
0.425	0.1320754716981132	0.44044665012406947	0.425	0.1320754716981132	0.44044665012406947	1	0	0	0	0	0	0	0	1	0	0	0	0	0
0.425	0.20754716981132076	0.44292803970223327	0.425	0.20754716981132076	0.44292803970223327	0	1	0	0	0	0	0	0	0	1	0	0	0	0
0.425	0.24528301886792453	0.4441687344913151	0.425	0.24528301886792453	0.4441687344913151	1	0	0	0	0	0	0	0	0	0	0	0	1	0
0.425	0.2830188679245283	0.445409429280397	0.425	0.2830188679245283	0.445409429280397	1	0	0	0	0	0	0	0	0	0	1	0	0	0
0.45	0.018867924528301886	0.4509925558312655	0.45	0.018867924528301886	0.4509925558312655	1	0	0	0	0	0	0	0	1	0	0	0	0	0
0.45	0.09433962264150944	0.45347394540942926	0.45	0.09433962264150944	0.45347394540942926	0	1	0	0	0	0	0	0	0	1	0	0	0	0
0.45	0.1320754716981132	0.45471464019851116	0.45	0.1320754716981132	0.45471464019851116	1	0	0	0	0	0	0	0	0	0	0	0	1	0
0.425	0.20754716981132076	0.44292803970223327	0.45	0.1509433962264151	0.45533498759305213	0	0	1	0	0	0	0	0	0	1	0	0	0	0
0.45	0.16981132075471697	0.45595533498759305	0.45	0.16981132075471697	0.45595533498759305	1	0	0	0	0	0	0	0	0	0	0	0	1	0
0.45	0.18867924528301888	0.456575682382134	0.45	0.18867924528301888	0.456575682382134	1	0	0	0	0	0	0	0	0	0	0	0	1	0
0.45	0.20754716981132076	0.45719602977667495	0.45	0.20754716981132076	0.45719602977667495	1	0	0	0	0	0	0	0	0	0	1	0	0	0
0.45	0.22641509433962265	0.45781637717121587	0.45	0.22641509433962265	0.45781637717121587	1	0	0	0	0	0	0	0	0	0	0	0	1	0
0.475	0.018867924528301886	0.46029776674937967	0.475	0.018867924528301886	0.46029776674937967	1	0	0	0	0	0	0	0	1	0	0	0	0	0
0.475	0.09433962264150944	0.4627791563275434	0.475	0.09433962264150944	0.4627791563275434	0	0	0	1	0	0	0	0	0	1	0	0	0	0
0.475	0.16981132075471697	0.4652605459057072	0.475	0.16981132075471697	0.4652605459057072	1	0	0	0	0	0	0	0	0	0	0	0	1	0
0.475	0.18867924528301888	0.4658808933002481	0.475	0.18867924528301888	0.4658808933002481	1	0	0	0	0	0	0	0	0	0	0	0	1	0
0.475	0.22641509433962265	0.46712158808933	0.475	0.22641509433962265	0.46712158808933	1	0	0	0	0	0	0	0	0	0	0	0	1	0
0.4875	0.05660377358490566	0.4696029776674938	0.4875	0.05660377358490566	0.4696029776674938	1	0	0	0	0	0	0	0	0	1	0	0	0	0
0.4875	0.11320754716981132	0.47146401985111663	0.4875	0.11320754716981132	0.47146401985111663	1	0	0	0	0	0	0	0	0	0	0	0	1	0
0.4875	0.1509433962264151	0.47270471464019853	0.4875	0.1509433962264151	0.47270471464019853	1	0	0	0	0	0	0	0	0	1	0	0	0	0
0.4875	0.2830188679245283	0.4770471464019851	0.4875	0.2830188679245283	0.4770471464019851	0	1	0	0	0	0	0	0	0	1	0	0	0	0
0.4875	0.33962264150943394	0.47890818858560796	0.4875	0.33962264150943394	0.47890818858560796	1	0	0	0	0	0	0	0	0	0	0	0	1	0
0.5	0.05660377358490566	0.4813895781637717	0.5	0.05660377358490566	0.4813895781637717	1	0	0	0	0	0	0	0	0	1	0	0	0	0
0.5	0.11320754716981132	0.4832506203473945	0.5	0.11320754716981132	0.4832506203473945	1	0	0	0	0	0	0	0	0	0	0	0	1	0
0.5	0.1509433962264151	0.4844913151364764	0.5	0.1509433962264151	0.4844913151364764	0	0	1	0	0	0	0	0	0	1	0	0	0	0
0.5	0.22641509433962265	0.4869727047146402	0.5	0.22641509433962265	0.4869727047146402	1	0	0	0	0	0	0	0	0	0	0	0	1	0
0.4875	0.2830188679245283	0.4770471464019851	0.5	0.2830188679245283	0.48883374689826303	0	0	1	0	0	0	0	0	0	1	0	0	0	0
0.5	0.33962264150943394	0.49069478908188585	0.5	0.33962264150943394	0.49069478908188585	1	0	0	0	0	0	0	0	0	0	0	0	1	0
0.5125	0.05660377358490566	0.49317617866004965	0.5125	0.05660377358490566	0.49317617866004965	1	0	0	0	0	0	0	0	1	0	0	0	0	0
0.5125	0.1320754716981132	0.4956575682382134	0.5125	0.1320754716981132	0.4956575682382134	0	1	0	0	0	0	0	0	0	1	0	0	0	0
0.5125	0.16981132075471697	0.4968982630272953	0.5125	0.16981132075471697	0.4968982630272953	1	0	0	0	0	0	0	0	0	0	0	0	1	0
0.4875	0.2830188679245283	0.4770471464019851	0.5125	0.20754716981132076	0.4981389578163772	0	0	1	0	0	0	0	0	0	1	0	0	0	0
0.5125	0.2641509433962264	0.5	0.5125	0.2641509433962264	0.5	1	0	0	0	0	0	0	0	0	0	0	0	1	0
0.5125	0.2830188679245283	0.500620347394541	0.5125	0.2830188679245283	0.500620347394541	1	0	0	0	0	0	0	0	0	1	0	0	0	0
0.5125	0.3584905660377358	0.5031017369727047	0.5125	0.3584905660377358	0.5031017369727047	1	0	0	0	0	0	0	0	0	0	0	0	1	0
0.5125	0.37735849056603776	0.5037220843672456	0.5125	0.37735849056603776	0.5037220843672456	1	0	0	0	0	0	0	0	0	0	0	0	1	0
0.5125	0.39622641509433965	0.5043424317617866	0.5125	0.39622641509433965	0.5043424317617866	1	0	0	0	0	0	0	0	0	0	0	0	1	0
0.525	0.05660377358490566	0.5068238213399504	0.525	0.05660377358490566	0.5068238213399504	1	0	0	0	0	0	0	0	1	0	0	0	0	0
0.525	0.1320754716981132	0.5093052109181141	0.525	0.1320754716981132	0.5093052109181141	0	1	0	0	0	0	0	0	0	1	0	0	0	0
0.525	0.22641509433962265	0.5124069478908189	0.525	0.22641509433962265	0.5124069478908189	1	0	0	0	0	0	0	0	0	0	0	0	1	0
0.525	0.2641509433962264	0.5136476426799007	0.525	0.2641509433962264	0.5136476426799007	1	0	0	0	0	0	0	0	0	0	1	0	0	0
0.525	0.2830188679245283	0.5142679900744417	0.525	0.2830188679245283	0.5142679900744417	1	0	0	0	0	0	0	0	0	0	0	0	1	0
0.5375	0.05660377358490566	0.5167493796526055	0.5375	0.05660377358490566	0.5167493796526055	1	0	0	0	0	0	0	0	1	0	0	0	0	0
0.5375	0.1320754716981132	0.5192307692307693	0.5375	0.1320754716981132	0.5192307692307693	1	0	0	0	0	0	0	0	0	0	0	0	1	0
0.5375	0.1509433962264151	0.5198511166253101	0.5375	0.1509433962264151	0.5198511166253101	1	0	0	0	0	0	0	0	1	0	0	0	0	0
0.5375	0.22641509433962265	0.5223325062034739	0.5375	0.22641509433962265	0.5223325062034739	0	1	0	0	0	0	0	0	0	1	0	0	0	0
0.5375	0.2641509433962264	0.5235732009925558	0.5375	0.2641509433962264	0.5235732009925558	1	0	0	0	0	0	0	0	0	0	0	0	1	0
0.5375	0.3018867924528302	0.5248138957816377	0.5375	0.3018867924528302	0.5248138957816377	1	0	0	0	0	0	0	0	0	0	1	0	0	0
0.5375	0.32075471698113206	0.5254342431761787	0.5375	0.32075471698113206	0.5254342431761787	1	0	0	0	0	0	0	0	0	0	0	0	1	0
0.5375	0.22641509433962265	0.5223325062034739	0.5375	0.3584905660377358	0.5266749379652605	0	0	1	0	0	0	0	0	0	1	0	0	0	0
0.5375	0.39622641509433965	0.5279156327543424	0.5375	0.39622641509433965	0.5279156327543424	1	0	0	0	0	0	0	0	0	0	0	0	1	0
0.5125	0.1320754716981132	0.4956575682382134	0.5375	0.4528301886792453	0.5297766749379652	0	0	1	0	0	0	0	0	0	1	0	0	0	0
0.5375	0.4716981132075472	0.5303970223325062	0.5375	0.4716981132075472	0.5303970223325062	1	0	0	0	0	0	0	0	0	0	0	0	1	0
0.5375	0.5094339622641509	0.5316377171215881	0.5375	0.5094339622641509	0.5316377171215881	1	0	0	0	0	0	0	0	0	0	0	0	1	0
0.5375	0.22641509433962265	0.5223325062034739	0.5375	0.5471698113207547	0.53287841191067	0	0	1	0	0	0	0	0	0	1	0	0	0	0
0.5375	0.5660377358490566	0.533498759305211	0.5375	0.5660377358490566	0.533498759305211	1	0	0	0	0	0	0	0	0	0	0	0	1	0
0.5375	0.6037735849056604	0.5347394540942928	0.5375	0.6037735849056604	0.5347394540942928	1	0	0	0	0	0	0	0	0	0	0	0	1	0
0.55	0.09433962264150944	0.5384615384615384	0.55	0.09433962264150944	0.5384615384615384	1	0	0	0	0	0	0	0	1	0	0	0	0	0
0.55	0.1509433962264151	0.5403225806451613	0.55	0.1509433962264151	0.5403225806451613	1	0	0	0	0	0	0	0	0	0	0	0	1	0
0.4875	0.2830188679245283	0.4770471464019851	0.55	0.16981132075471697	0.5409429280397022	0	0	1	0	0	0	0	0	0	1	0	0	0	0
0.55	0.22641509433962265	0.542803970223325	0.55	0.22641509433962265	0.542803970223325	1	0	0	0	0	0	0	0	0	0	0	0	1	0
0.5375	0.22641509433962265	0.5223325062034739	0.55	0.24528301886792453	0.543424317617866	0	0	1	0	0	0	0	0	0	1	0	0	0	0
0.55	0.2830188679245283	0.5446650124069479	0.55	0.2830188679245283	0.5446650124069479	1	0	0	0	0	0	0	0	0	0	0	0	1	0
0.55	0.32075471698113206	0.5459057071960298	0.55	0.32075471698113206	0.5459057071960298	1	0	0	0	0	0	0	0	0	0	1	0	0	0
0.55	0.33962264150943394	0.5465260545905707	0.55	0.33962264150943394	0.5465260545905707	1	0	0	0	0	0	0	0	0	0	0	0	1	0
0.55	0.37735849056603776	0.5477667493796526	0.55	0.37735849056603776	0.5477667493796526	1	0	0	0	0	0	0	0	0	0	0	0	1	0
0.55	0.4339622641509434	0.5496277915632755	0.55	0.4339622641509434	0.5496277915632755	1	0	0	0	0	0	0	0	0	0	1	0	0	0
0.55	0.49056603773584906	0.5514888337468983	0.55	0.49056603773584906	0.5514888337468983	1	0	0	0	0	0	0	0	0	0	0	0	1	0
0.55	0.5283018867924528	0.5527295285359801	0.55	0.5283018867924528	0.5527295285359801	1	0	0	0	0	0	0	0	0	0	0	0	1	0
0.45	0.09433962264150944	0.45347394540942926	0.5625	0.1320754716981132	0.5576923076923077	0	0	1	0	0	0	0	0	0	1	0	0	0	0
0.5625	0.16981132075471697	0.5589330024813896	0.5625	0.16981132075471697	0.5589330024813896	1	0	0	0	0	0	0	0	0	0	0	0	1	0
0.5375	0.22641509433962265	0.5223325062034739	0.5625	0.18867924528301888	0.5595533498759305	0	0	1	0	0	0	0	0	0	1	0	0	0	0
0.5625	0.20754716981132076	0.5601736972704715	0.5625	0.20754716981132076	0.5601736972704715	1	0	0	0	0	0	0	0	0	0	0	0	1	0
0.5625	0.22641509433962265	0.5607940446650124	0.5625	0.22641509433962265	0.5607940446650124	1	0	0	0	0	0	0	0	0	0	0	0	1	0
0.5625	0.24528301886792453	0.5614143920595533	0.5625	0.24528301886792453	0.5614143920595533	1	0	0	0	0	0	0	0	0	0	1	0	0	0
0.5625	0.2641509433962264	0.5620347394540943	0.5625	0.2641509433962264	0.5620347394540943	1	0	0	0	0	0	0	0	0	0	0	0	1	0
0.5625	0.3018867924528302	0.5632754342431762	0.5625	0.3018867924528302	0.5632754342431762	1	0	0	0	0	0	0	0	0	0	0	0	1	0
0.5625	0.33962264150943394	0.5645161290322581	0.5625	0.33962264150943394	0.5645161290322581	0	0	1	0	0	0	0	0	0	1	0	0	0	0
0.5625	0.39622641509433965	0.5663771712158809	0.5625	0.39622641509433965	0.5663771712158809	1	0	0	0	0	0	0	0	0	0	0	0	1	0
0.45	0.09433962264150944	0.45347394540942926	0.5625	0.41509433962264153	0.5669975186104218	0	0	1	0	0	0	0	0	0	1	0	0	0	0
0.5625	0.4528301886792453	0.5682382133995038	0.5625	0.4528301886792453	0.5682382133995038	1	0	0	0	0	0	0	0	0	0	0	0	1	0
0.5375	0.22641509433962265	0.5223325062034739	0.5625	0.4716981132075472	0.5688585607940446	0	0	1	0	0	0	0	0	0	1	0	0	0	0
0.5625	0.5094339622641509	0.5700992555831266	0.5625	0.5094339622641509	0.5700992555831266	1	0	0	0	0	0	0	0	0	0	0	0	1	0
0.5625	0.5471698113207547	0.5713399503722084	0.5625	0.5471698113207547	0.5713399503722084	1	0	0	0	0	0	0	0	0	0	1	0	0	0
0.5625	0.5660377358490566	0.5719602977667494	0.5625	0.5660377358490566	0.5719602977667494	1	0	0	0	0	0	0	0	0	0	0	0	1	0
0.5625	0.5849056603773585	0.5725806451612904	0.5625	0.5849056603773585	0.5725806451612904	1	0	0	0	0	0	0	0	0	0	0	0	1	0
0.5625	0.6037735849056604	0.5732009925558312	0.5625	0.6037735849056604	0.5732009925558312	1	0	0	0	0	0	0	0	0	0	1	0	0	0
0.5625	0.6226415094339622	0.5738213399503722	0.5625	0.6226415094339622	0.5738213399503722	1	0	0	0	0	0	0	0	0	0	0	0	1	0
0.5625	0.6415094339622641	0.5744416873449132	0.5625	0.6415094339622641	0.5744416873449132	1	0	0	0	0	0	0	0	0	0	0	0	1	0
0.45	0.09433962264150944	0.45347394540942926	0.5625	0.6792452830188679	0.575682382133995	0	0	1	0	0	0	0	0	0	1	0	0	0	0
0.5625	0.7169811320754716	0.5769230769230769	0.5625	0.7169811320754716	0.5769230769230769	1	0	0	0	0	0	0	0	0	0	0	0	1	0
0.5375	0.22641509433962265	0.5223325062034739	0.5625	0.7358490566037735	0.5775434243176178	0	0	1	0	0	0	0	0	0	1	0	0	0	0
0.5625	0.7735849056603774	0.5787841191066998	0.5625	0.7735849056603774	0.5787841191066998	1	0	0	0	0	0	0	0	0	0	0	0	1	0
0.5625	0.8113207547169812	0.5800248138957816	0.5625	0.8113207547169812	0.5800248138957816	1	0	0	0	0	0	0	0	0	0	1	0	0	0
0.5625	0.8301886792452831	0.5806451612903226	0.5625	0.8301886792452831	0.5806451612903226	1	0	0	0	0	0	0	0	0	0	0	0	1	0
0.5625	0.8490566037735849	0.5812655086848635	0.5625	0.8490566037735849	0.5812655086848635	1	0	0	0	0	0	0	0	0	0	0	0	1	0
0.5625	0.8679245283018868	0.5818858560794045	0.5625	0.8679245283018868	0.5818858560794045	1	0	0	0	0	0	0	0	0	0	1	0	0	0
0.5625	0.8867924528301887	0.5825062034739454	0.5625	0.8867924528301887	0.5825062034739454	1	0	0	0	0	0	0	0	0	0	0	0	1	0
0.5625	0.9056603773584906	0.5831265508684863	0.5625	0.9056603773584906	0.5831265508684863	1	0	0	0	0	0	0	0	0	0	0	0	1	0
0.5625	0.9433962264150944	0.5843672456575683	0.5625	0.9433962264150944	0.5843672456575683	1	0	0	0	0	0	0	0	0	0	0	0	1	0
0.5625	0.9811320754716981	0.5856079404466501	0.5625	0.9811320754716981	0.5856079404466501	1	0	0	0	0	0	0	0	0	0	1	0	0	0
0.5625	1	0.5862282878411911	0.5625	1	0.5862282878411911	1	0	0	0	0	0	0	0	0	0	0	0	1	0
0.575	0.09433962264150944	0.5899503722084367	0.575	0.09433962264150944	0.5899503722084367	1	0	0	0	0	0	0	0	0	0	0	0	1	0
0.575	0.1320754716981132	0.5911910669975186	0.575	0.1320754716981132	0.5911910669975186	1	0	0	0	0	0	0	0	1	0	0	0	0	0
0.575	0.22641509433962265	0.5942928039702233	0.575	0.22641509433962265	0.5942928039702233	1	0	0	0	0	0	0	0	0	0	0	0	1	0
0.45	0.09433962264150944	0.45347394540942926	0.5875	0.1320754716981132	0.5992555831265509	0	0	1	0	0	0	0	0	0	1	0	0	0	0
0.5875	0.16981132075471697	0.6004962779156328	0.5875	0.16981132075471697	0.6004962779156328	1	0	0	0	0	0	0	0	0	0	0	0	1	0
0.5375	0.22641509433962265	0.5223325062034739	0.5875	0.18867924528301888	0.6011166253101737	0	0	1	0	0	0	0	0	0	1	0	0	0	0
0.5875	0.20754716981132076	0.6017369727047146	0.5875	0.20754716981132076	0.6017369727047146	1	0	0	0	0	0	0	0	0	0	0	0	1	0
0.5875	0.22641509433962265	0.6023573200992556	0.5875	0.22641509433962265	0.6023573200992556	1	0	0	0	0	0	0	0	0	0	0	0	1	0
0.5875	0.24528301886792453	0.6029776674937966	0.5875	0.24528301886792453	0.6029776674937966	1	0	0	0	0	0	0	0	0	0	1	0	0	0
0.5875	0.2641509433962264	0.6035980148883374	0.5875	0.2641509433962264	0.6035980148883374	1	0	0	0	0	0	0	0	0	0	0	0	1	0
0.5875	0.3018867924528302	0.6048387096774194	0.5875	0.3018867924528302	0.6048387096774194	1	0	0	0	0	0	0	0	0	0	0	0	1	0
0.45	0.09433962264150944	0.45347394540942926	0.5875	0.33962264150943394	0.6060794044665012	0	0	1	0	0	0	0	0	0	1	0	0	0	0
0.5875	0.37735849056603776	0.6073200992555832	0.5875	0.37735849056603776	0.6073200992555832	1	0	0	0	0	0	0	0	0	0	0	0	1	0
0.5375	0.22641509433962265	0.5223325062034739	0.5875	0.39622641509433965	0.607940446650124	0	0	1	0	0	0	0	0	0	1	0	0	0	0
0.5875	0.4339622641509434	0.609181141439206	0.5875	0.4339622641509434	0.609181141439206	1	0	0	0	0	0	0	0	0	0	0	0	1	0
0.5875	0.4716981132075472	0.6104218362282878	0.5875	0.4716981132075472	0.6104218362282878	1	0	0	0	0	0	0	0	0	0	1	0	0	0
0.5875	0.49056603773584906	0.6110421836228288	0.5875	0.49056603773584906	0.6110421836228288	1	0	0	0	0	0	0	0	0	0	0	0	1	0
0.5875	0.5094339622641509	0.6116625310173698	0.5875	0.5094339622641509	0.6116625310173698	1	0	0	0	0	0	0	0	0	0	0	0	1	0
0.5875	0.5283018867924528	0.6122828784119106	0.5875	0.5283018867924528	0.6122828784119106	1	0	0	0	0	0	0	0	0	0	1	0	0	0
0.5875	0.5471698113207547	0.6129032258064516	0.5875	0.5471698113207547	0.6129032258064516	1	0	0	0	0	0	0	0	0	0	0	0	1	0
0.5875	0.5660377358490566	0.6135235732009926	0.5875	0.5660377358490566	0.6135235732009926	1	0	0	0	0	0	0	0	0	0	0	0	1	0
0.6	0.09433962264150944	0.6172456575682382	0.6	0.09433962264150944	0.6172456575682382	1	0	0	0	0	0	0	0	0	0	0	0	1	0
0.45	0.09433962264150944	0.45347394540942926	0.6125	0.09433962264150944	0.6209677419354839	0	0	1	0	0	0	0	0	0	1	0	0	0	0
0.6125	0.1320754716981132	0.6222084367245657	0.6125	0.1320754716981132	0.6222084367245657	1	0	0	0	0	0	0	0	0	0	0	0	1	0
0.5375	0.22641509433962265	0.5223325062034739	0.6125	0.1509433962264151	0.6228287841191067	0	0	1	0	0	0	0	0	0	1	0	0	0	0
0.6125	0.16981132075471697	0.6234491315136477	0.6125	0.16981132075471697	0.6234491315136477	1	0	0	0	0	0	0	0	0	0	0	0	1	0
0.6125	0.18867924528301888	0.6240694789081885	0.6125	0.18867924528301888	0.6240694789081885	1	0	0	0	0	0	0	0	0	0	0	0	1	0
0.6125	0.20754716981132076	0.6246898263027295	0.6125	0.20754716981132076	0.6246898263027295	1	0	0	0	0	0	0	0	0	0	1	0	0	0
0.6125	0.22641509433962265	0.6253101736972705	0.6125	0.22641509433962265	0.6253101736972705	1	0	0	0	0	0	0	0	0	0	0	0	1	0
0.6125	0.2641509433962264	0.6265508684863523	0.6125	0.2641509433962264	0.6265508684863523	1	0	0	0	0	0	0	0	0	0	0	0	1	0
0.45	0.09433962264150944	0.45347394540942926	0.6125	0.3018867924528302	0.6277915632754343	0	0	1	0	0	0	0	0	0	1	0	0	0	0
0.6125	0.33962264150943394	0.6290322580645161	0.6125	0.33962264150943394	0.6290322580645161	1	0	0	0	0	0	0	0	0	0	0	0	1	0
0.5375	0.22641509433962265	0.5223325062034739	0.6125	0.3584905660377358	0.6296526054590571	0	0	1	0	0	0	0	0	0	1	0	0	0	0
0.6125	0.39622641509433965	0.6308933002481389	0.6125	0.39622641509433965	0.6308933002481389	1	0	0	0	0	0	0	0	0	0	0	0	1	0
0.6125	0.4339622641509434	0.6321339950372209	0.6125	0.4339622641509434	0.6321339950372209	1	0	0	0	0	0	0	0	0	0	1	0	0	0
0.6125	0.4528301886792453	0.6327543424317618	0.6125	0.4528301886792453	0.6327543424317618	1	0	0	0	0	0	0	0	0	0	0	0	1	0
0.6125	0.4716981132075472	0.6333746898263027	0.6125	0.4716981132075472	0.6333746898263027	1	0	0	0	0	0	0	0	0	0	0	0	1	0
0.6125	0.49056603773584906	0.6339950372208437	0.6125	0.49056603773584906	0.6339950372208437	1	0	0	0	0	0	0	0	0	0	1	0	0	0
0.6125	0.5094339622641509	0.6346153846153846	0.6125	0.5094339622641509	0.6346153846153846	1	0	0	0	0	0	0	0	0	0	0	0	1	0
0.6125	0.5471698113207547	0.6358560794044665	0.6125	0.5471698113207547	0.6358560794044665	1	0	0	0	0	0	0	0	0	0	0	0	1	0
0.6125	0.5849056603773585	0.6370967741935484	0.6125	0.5849056603773585	0.6370967741935484	1	0	0	0	0	0	0	0	0	0	0	0	1	0
0.4875	0.2830188679245283	0.4770471464019851	0.6125	0.6037735849056604	0.6377171215880894	0	0	1	0	0	0	0	0	0	1	0	0	0	0
0.6125	0.660377358490566	0.6395781637717122	0.6125	0.660377358490566	0.6395781637717122	1	0	0	0	0	0	0	0	0	0	0	0	1	0
0.5375	0.22641509433962265	0.5223325062034739	0.6125	0.6792452830188679	0.6401985111662531	0	0	1	0	0	0	0	0	0	1	0	0	0	0
0.6125	0.7169811320754716	0.641439205955335	0.6125	0.7169811320754716	0.641439205955335	1	0	0	0	0	0	0	0	0	0	0	0	1	0
0.6125	0.7547169811320755	0.6426799007444168	0.6125	0.7547169811320755	0.6426799007444168	1	0	0	0	0	0	0	0	0	0	1	0	0	0
0.6125	0.7735849056603774	0.6433002481389578	0.6125	0.7735849056603774	0.6433002481389578	1	0	0	0	0	0	0	0	0	0	0	0	1	0
0.6125	0.8113207547169812	0.6445409429280397	0.6125	0.8113207547169812	0.6445409429280397	1	0	0	0	0	0	0	0	0	0	0	0	1	0
0.6125	0.8679245283018868	0.6464019851116626	0.6125	0.8679245283018868	0.6464019851116626	1	0	0	0	0	0	0	0	0	0	1	0	0	0
0.6125	0.9245283018867925	0.6482630272952854	0.6125	0.9245283018867925	0.6482630272952854	1	0	0	0	0	0	0	0	0	0	0	0	1	0
0.6125	0.9433962264150944	0.6488833746898263	0.6125	0.9433962264150944	0.6488833746898263	1	0	0	0	0	0	0	0	0	0	0	0	1	0
0.525	0.1320754716981132	0.5093052109181141	0.625	0.09433962264150944	0.652605459057072	0	0	1	0	0	0	0	0	0	1	0	0	0	0
0.625	0.18867924528301888	0.6557071960297767	0.625	0.18867924528301888	0.6557071960297767	1	0	0	0	0	0	0	0	0	0	0	0	1	0
0.4875	0.2830188679245283	0.4770471464019851	0.625	0.24528301886792453	0.6575682382133995	0	0	1	0	0	0	0	0	0	1	0	0	0	0
0.625	0.3018867924528302	0.6594292803970223	0.625	0.3018867924528302	0.6594292803970223	1	0	0	0	0	0	0	0	0	0	0	0	1	0
0.5375	0.22641509433962265	0.5223325062034739	0.625	0.32075471698113206	0.6600496277915633	0	0	1	0	0	0	0	0	0	1	0	0	0	0
0.625	0.3584905660377358	0.6612903225806451	0.625	0.3584905660377358	0.6612903225806451	1	0	0	0	0	0	0	0	0	0	0	0	1	0
0.625	0.39622641509433965	0.6625310173697271	0.625	0.39622641509433965	0.6625310173697271	1	0	0	0	0	0	0	0	0	0	1	0	0	0
0.625	0.41509433962264153	0.663151364764268	0.625	0.41509433962264153	0.663151364764268	1	0	0	0	0	0	0	0	0	0	0	0	1	0
0.625	0.4528301886792453	0.6643920595533499	0.625	0.4528301886792453	0.6643920595533499	1	0	0	0	0	0	0	0	0	0	0	0	1	0
0.625	0.5094339622641509	0.6662531017369727	0.625	0.5094339622641509	0.6662531017369727	1	0	0	0	0	0	0	0	0	0	1	0	0	0
0.625	0.5660377358490566	0.6681141439205955	0.625	0.5660377358490566	0.6681141439205955	1	0	0	0	0	0	0	0	0	0	0	0	1	0
0.6375	0.05660377358490566	0.6705955334987593	0.6375	0.05660377358490566	0.6705955334987593	1	0	0	0	0	0	0	0	0	0	0	0	1	0
0.65	0.05660377358490566	0.6730769230769231	0.65	0.05660377358490566	0.6730769230769231	1	0	0	0	0	0	0	0	1	0	0	0	0	0
0.65	0.11320754716981132	0.674937965260546	0.65	0.11320754716981132	0.674937965260546	1	0	0	0	0	0	0	0	0	0	0	0	1	0
0.45	0.09433962264150944	0.45347394540942926	0.65	0.1320754716981132	0.6755583126550868	0	0	1	0	0	0	0	0	0	1	0	0	0	0
0.65	0.16981132075471697	0.6767990074441688	0.65	0.16981132075471697	0.6767990074441688	1	0	0	0	0	0	0	0	0	0	0	0	1	0
0.5125	0.1320754716981132	0.4956575682382134	0.65	0.18867924528301888	0.6774193548387096	0	0	1	0	0	0	0	0	0	1	0	0	0	0
0.65	0.20754716981132076	0.6780397022332506	0.65	0.20754716981132076	0.6780397022332506	1	0	0	0	0	0	0	0	0	0	0	0	1	0
0.65	0.22641509433962265	0.6786600496277916	0.65	0.22641509433962265	0.6786600496277916	1	0	0	0	0	0	0	0	0	0	0	0	1	0
0.65	0.24528301886792453	0.6792803970223326	0.65	0.24528301886792453	0.6792803970223326	1	0	0	0	0	0	0	0	0	0	1	0	0	0
0.65	0.2641509433962264	0.6799007444168734	0.65	0.2641509433962264	0.6799007444168734	1	0	0	0	0	0	0	0	0	0	0	0	1	0
0.65	0.3018867924528302	0.6811414392059554	0.65	0.3018867924528302	0.6811414392059554	1	0	0	0	0	0	0	0	0	0	0	0	1	0
0.45	0.09433962264150944	0.45347394540942926	0.65	0.3584905660377358	0.6830024813895782	0	0	1	0	0	0	0	0	0	1	0	0	0	0
0.65	0.39622641509433965	0.68424317617866	0.65	0.39622641509433965	0.68424317617866	1	0	0	0	0	0	0	0	0	0	0	0	1	0
0.5125	0.1320754716981132	0.4956575682382134	0.65	0.41509433962264153	0.684863523573201	0	0	1	0	0	0	0	0	0	1	0	0	0	0
0.65	0.4339622641509434	0.6854838709677419	0.65	0.4339622641509434	0.6854838709677419	1	0	0	0	0	0	0	0	0	0	0	0	1	0
0.65	0.4528301886792453	0.6861042183622829	0.65	0.4528301886792453	0.6861042183622829	1	0	0	0	0	0	0	0	0	0	0	0	1	0
0.65	0.4716981132075472	0.6867245657568238	0.65	0.4716981132075472	0.6867245657568238	1	0	0	0	0	0	0	0	0	0	1	0	0	0
0.65	0.49056603773584906	0.6873449131513648	0.65	0.49056603773584906	0.6873449131513648	1	0	0	0	0	0	0	0	0	0	0	0	1	0
0.65	0.5094339622641509	0.6879652605459057	0.65	0.5094339622641509	0.6879652605459057	1	0	0	0	0	0	0	0	0	0	0	0	1	0
0.65	0.5471698113207547	0.6892059553349876	0.65	0.5471698113207547	0.6892059553349876	1	0	0	0	0	0	0	0	0	0	0	0	1	0
0.6625	0.09433962264150944	0.6929280397022333	0.6625	0.09433962264150944	0.6929280397022333	1	0	0	0	0	0	0	0	0	1	0	0	0	0
0.6625	0.1509433962264151	0.6947890818858561	0.6625	0.1509433962264151	0.6947890818858561	1	0	0	0	0	0	0	0	0	0	0	0	1	0
0.6625	0.18867924528301888	0.6960297766749379	0.6625	0.18867924528301888	0.6960297766749379	0	0	1	0	0	0	0	0	0	1	0	0	0	0
0.6625	0.2830188679245283	0.6991315136476427	0.6625	0.2830188679245283	0.6991315136476427	1	0	0	0	0	0	0	0	0	0	0	0	1	0
0.4875	0.2830188679245283	0.4770471464019851	0.6625	0.33962264150943394	0.7009925558312655	0	0	1	0	0	0	0	0	0	1	0	0	0	0
0.6625	0.41509433962264153	0.7034739454094293	0.6625	0.41509433962264153	0.7034739454094293	1	0	0	0	0	0	0	0	0	0	0	0	1	0
0.6625	0.4716981132075472	0.7053349875930521	0.6625	0.4716981132075472	0.7053349875930521	1	0	0	0	0	0	0	0	0	1	0	0	0	0
0.6625	0.5283018867924528	0.707196029776675	0.6625	0.5283018867924528	0.707196029776675	1	0	0	0	0	0	0	0	0	0	0	0	1	0
0.6625	0.5660377358490566	0.7084367245657568	0.6625	0.5660377358490566	0.7084367245657568	0	0	1	0	0	0	0	0	0	1	0	0	0	0
0.6625	0.6415094339622641	0.7109181141439206	0.6625	0.6415094339622641	0.7109181141439206	1	0	0	0	0	0	0	0	0	0	0	0	1	0
0.675	0.09433962264150944	0.7146401985111662	0.675	0.09433962264150944	0.7146401985111662	1	0	0	0	0	0	0	0	1	0	0	0	0	0
0.675	0.22641509433962265	0.7189826302729528	0.675	0.22641509433962265	0.7189826302729528	1	0	0	0	0	0	0	0	0	0	1	0	0	0
0.675	0.24528301886792453	0.7196029776674938	0.675	0.24528301886792453	0.7196029776674938	1	0	0	0	0	0	0	0	0	0	0	0	1	0
0.6875	0.05660377358490566	0.7220843672456576	0.6875	0.05660377358490566	0.7220843672456576	1	0	0	0	0	0	0	0	0	0	0	0	1	0
0.7	0.05660377358490566	0.7245657568238213	0.7	0.05660377358490566	0.7245657568238213	1	0	0	0	0	0	0	0	1	0	0	0	0	0
0.7	0.1320754716981132	0.7270471464019851	0.7	0.1320754716981132	0.7270471464019851	0	1	0	0	0	0	0	0	0	1	0	0	0	0
0.7	0.20754716981132076	0.7295285359801489	0.7	0.20754716981132076	0.7295285359801489	1	0	0	0	0	0	0	0	0	0	0	0	1	0
0.45	0.09433962264150944	0.45347394540942926	0.7	0.24528301886792453	0.7307692307692307	0	0	1	0	0	0	0	0	0	1	0	0	0	0
0.7	0.2830188679245283	0.7320099255583127	0.7	0.2830188679245283	0.7320099255583127	1	0	0	0	0	0	0	0	0	0	0	0	1	0
0.5125	0.1320754716981132	0.4956575682382134	0.7	0.3018867924528302	0.7326302729528535	0	0	1	0	0	0	0	0	0	1	0	0	0	0
0.7	0.32075471698113206	0.7332506203473945	0.7	0.32075471698113206	0.7332506203473945	1	0	0	0	0	0	0	0	0	0	0	0	1	0
0.7	0.33962264150943394	0.7338709677419355	0.7	0.33962264150943394	0.7338709677419355	1	0	0	0	0	0	0	0	0	0	0	0	1	0
0.7	0.3584905660377358	0.7344913151364765	0.7	0.3584905660377358	0.7344913151364765	1	0	0	0	0	0	0	0	0	0	1	0	0	0
0.7	0.37735849056603776	0.7351116625310173	0.7	0.37735849056603776	0.7351116625310173	1	0	0	0	0	0	0	0	0	0	0	0	1	0
0.7	0.41509433962264153	0.7363523573200993	0.7	0.41509433962264153	0.7363523573200993	1	0	0	0	0	0	0	0	0	0	0	0	1	0
0.525	0.1320754716981132	0.5093052109181141	0.7	0.4528301886792453	0.7375930521091811	0	0	1	0	0	0	0	0	0	1	0	0	0	0
0.7	0.5283018867924528	0.7400744416873449	0.7	0.5283018867924528	0.7400744416873449	1	0	0	0	0	0	0	0	0	0	0	0	1	0
0.7125	0.05660377358490566	0.7425558312655087	0.7125	0.05660377358490566	0.7425558312655087	1	0	0	0	0	0	0	0	1	0	0	0	0	0
0.7125	0.1320754716981132	0.7450372208436724	0.7125	0.1320754716981132	0.7450372208436724	1	0	0	0	0	0	0	0	0	0	0	0	1	0
0.7125	0.1509433962264151	0.7456575682382134	0.7125	0.1509433962264151	0.7456575682382134	1	0	0	0	0	0	0	0	1	0	0	0	0	0
0.7125	0.22641509433962265	0.7481389578163772	0.7125	0.22641509433962265	0.7481389578163772	0	1	0	0	0	0	0	0	0	1	0	0	0	0
0.7125	0.2641509433962264	0.749379652605459	0.7125	0.2641509433962264	0.749379652605459	1	0	0	0	0	0	0	0	0	0	0	0	1	0
0.5125	0.1320754716981132	0.4956575682382134	0.7125	0.3018867924528302	0.750620347394541	0	0	1	0	0	0	0	0	0	1	0	0	0	0
0.7125	0.32075471698113206	0.7512406947890818	0.7125	0.32075471698113206	0.7512406947890818	1	0	0	0	0	0	0	0	0	0	0	0	1	0
0.7125	0.22641509433962265	0.7481389578163772	0.7125	0.3584905660377358	0.7524813895781638	0	0	1	0	0	0	0	0	0	1	0	0	0	0
0.7125	0.39622641509433965	0.7537220843672456	0.7125	0.39622641509433965	0.7537220843672456	1	0	0	0	0	0	0	0	0	0	0	0	1	0
0.7125	0.4528301886792453	0.7555831265508685	0.7125	0.4528301886792453	0.7555831265508685	1	0	0	0	0	0	0	0	0	0	1	0	0	0
0.7125	0.49056603773584906	0.7568238213399504	0.7125	0.49056603773584906	0.7568238213399504	1	0	0	0	0	0	0	0	0	0	0	0	1	0
0.7	0.1320754716981132	0.7270471464019851	0.7125	0.5471698113207547	0.7586848635235732	0	0	1	0	0	0	0	0	0	1	0	0	0	0
0.7125	0.6037735849056604	0.760545905707196	0.7125	0.6037735849056604	0.760545905707196	1	0	0	0	0	0	0	0	0	0	0	0	1	0
0.7125	0.6415094339622641	0.7617866004962779	0.7125	0.6415094339622641	0.7617866004962779	1	0	0	0	0	0	0	0	0	0	0	0	1	0
0.7125	0.22641509433962265	0.7481389578163772	0.7125	0.6792452830188679	0.7630272952853598	0	0	1	0	0	0	0	0	0	1	0	0	0	0
0.7125	0.6981132075471698	0.7636476426799007	0.7125	0.6981132075471698	0.7636476426799007	1	0	0	0	0	0	0	0	0	0	0	0	1	0
0.7125	0.7358490566037735	0.7648883374689827	0.7125	0.7358490566037735	0.7648883374689827	1	0	0	0	0	0	0	0	0	0	0	0	1	0
0.725	0.09433962264150944	0.7686104218362283	0.725	0.09433962264150944	0.7686104218362283	1	0	0	0	0	0	0	0	1	0	0	0	0	0
0.725	0.1509433962264151	0.7704714640198511	0.725	0.1509433962264151	0.7704714640198511	1	0	0	0	0	0	0	0	0	0	0	0	1	0
0.4875	0.2830188679245283	0.4770471464019851	0.725	0.16981132075471697	0.7710918114143921	0	0	1	0	0	0	0	0	0	1	0	0	0	0
0.725	0.22641509433962265	0.7729528535980149	0.725	0.22641509433962265	0.7729528535980149	1	0	0	0	0	0	0	0	0	0	0	0	1	0
0.7125	0.22641509433962265	0.7481389578163772	0.725	0.24528301886792453	0.7735732009925558	0	0	1	0	0	0	0	0	0	1	0	0	0	0
0.725	0.2830188679245283	0.7748138957816377	0.725	0.2830188679245283	0.7748138957816377	1	0	0	0	0	0	0	0	0	0	0	0	1	0
0.725	0.32075471698113206	0.7760545905707196	0.725	0.32075471698113206	0.7760545905707196	1	0	0	0	0	0	0	0	0	0	1	0	0	0
0.725	0.33962264150943394	0.7766749379652605	0.725	0.33962264150943394	0.7766749379652605	1	0	0	0	0	0	0	0	0	0	0	0	1	0
0.725	0.37735849056603776	0.7779156327543424	0.725	0.37735849056603776	0.7779156327543424	1	0	0	0	0	0	0	0	0	0	0	0	1	0
0.725	0.4339622641509434	0.7797766749379652	0.725	0.4339622641509434	0.7797766749379652	1	0	0	0	0	0	0	0	0	0	1	0	0	0
0.725	0.49056603773584906	0.7816377171215881	0.725	0.49056603773584906	0.7816377171215881	1	0	0	0	0	0	0	0	0	0	0	0	1	0
0.725	0.5283018867924528	0.78287841191067	0.725	0.5283018867924528	0.78287841191067	1	0	0	0	0	0	0	0	0	0	0	0	1	0
0.7375	0.1320754716981132	0.7878411910669976	0.7375	0.1320754716981132	0.7878411910669976	1	0	0	0	0	0	0	0	1	0	0	0	0	0
0.7375	0.18867924528301888	0.7897022332506204	0.7375	0.18867924528301888	0.7897022332506204	1	0	0	0	0	0	0	0	0	0	0	0	1	0
0.45	0.09433962264150944	0.45347394540942926	0.7375	0.20754716981132076	0.7903225806451613	0	0	1	0	0	0	0	0	0	1	0	0	0	0
0.7375	0.24528301886792453	0.7915632754342432	0.7375	0.24528301886792453	0.7915632754342432	1	0	0	0	0	0	0	0	0	0	0	0	1	0
0.7125	0.22641509433962265	0.7481389578163772	0.7375	0.2641509433962264	0.7921836228287841	0	0	1	0	0	0	0	0	0	1	0	0	0	0
0.7375	0.2830188679245283	0.792803970223325	0.7375	0.2830188679245283	0.792803970223325	1	0	0	0	0	0	0	0	0	0	0	0	1	0
0.7375	0.3018867924528302	0.793424317617866	0.7375	0.3018867924528302	0.793424317617866	1	0	0	0	0	0	0	0	0	0	0	0	1	0
0.7375	0.32075471698113206	0.794044665012407	0.7375	0.32075471698113206	0.794044665012407	1	0	0	0	0	0	0	0	0	0	1	0	0	0
0.7375	0.33962264150943394	0.7946650124069479	0.7375	0.33962264150943394	0.7946650124069479	1	0	0	0	0	0	0	0	0	0	0	0	1	0
0.7375	0.37735849056603776	0.7959057071960298	0.7375	0.37735849056603776	0.7959057071960298	1	0	0	0	0	0	0	0	0	0	0	0	1	0
0.45	0.09433962264150944	0.45347394540942926	0.7375	0.41509433962264153	0.7971464019851117	0	0	1	0	0	0	0	0	0	1	0	0	0	0
0.7375	0.4528301886792453	0.7983870967741935	0.7375	0.4528301886792453	0.7983870967741935	1	0	0	0	0	0	0	0	0	0	0	0	1	0
0.7125	0.22641509433962265	0.7481389578163772	0.7375	0.4716981132075472	0.7990074441687345	0	0	1	0	0	0	0	0	0	1	0	0	0	0
0.7375	0.49056603773584906	0.7996277915632755	0.7375	0.49056603773584906	0.7996277915632755	1	0	0	0	0	0	0	0	0	0	0	0	1	0
0.7375	0.5094339622641509	0.8002481389578163	0.7375	0.5094339622641509	0.8002481389578163	1	0	0	0	0	0	0	0	0	0	0	0	1	0
0.7375	0.5283018867924528	0.8008684863523573	0.7375	0.5283018867924528	0.8008684863523573	1	0	0	0	0	0	0	0	0	0	1	0	0	0
0.7375	0.5471698113207547	0.8014888337468983	0.7375	0.5471698113207547	0.8014888337468983	1	0	0	0	0	0	0	0	0	0	0	0	1	0
0.7375	0.5849056603773585	0.8027295285359801	0.7375	0.5849056603773585	0.8027295285359801	1	0	0	0	0	0	0	0	0	0	0	0	1	0
0.7	0.1320754716981132	0.7270471464019851	0.7375	0.6415094339622641	0.8045905707196029	0	0	1	0	0	0	0	0	0	1	0	0	0	0
0.7375	0.6981132075471698	0.8064516129032258	0.7375	0.6981132075471698	0.8064516129032258	1	0	0	0	0	0	0	0	0	0	0	0	1	0
0.7375	0.7358490566037735	0.8076923076923077	0.7375	0.7358490566037735	0.8076923076923077	1	0	0	0	0	0	0	0	0	0	0	0	1	0
0.4875	0.2830188679245283	0.4770471464019851	0.75	0.16981132075471697	0.8138957816377171	0	0	1	0	0	0	0	0	0	1	0	0	0	0
0.75	0.22641509433962265	0.81575682382134	0.75	0.22641509433962265	0.81575682382134	1	0	0	0	0	0	0	0	0	0	0	0	1	0
0.7125	0.22641509433962265	0.7481389578163772	0.75	0.24528301886792453	0.8163771712158809	0	0	1	0	0	0	0	0	0	1	0	0	0	0
0.75	0.2830188679245283	0.8176178660049628	0.75	0.2830188679245283	0.8176178660049628	1	0	0	0	0	0	0	0	0	0	0	0	1	0
0.75	0.32075471698113206	0.8188585607940446	0.75	0.32075471698113206	0.8188585607940446	1	0	0	0	0	0	0	0	0	0	1	0	0	0
0.75	0.33962264150943394	0.8194789081885856	0.75	0.33962264150943394	0.8194789081885856	1	0	0	0	0	0	0	0	0	0	0	0	1	0
0.75	0.37735849056603776	0.8207196029776674	0.75	0.37735849056603776	0.8207196029776674	1	0	0	0	0	0	0	0	0	0	0	0	1	0
0.75	0.41509433962264153	0.8219602977667494	0.75	0.41509433962264153	0.8219602977667494	1	0	0	0	0	0	0	0	0	0	1	0	0	0
0.75	0.4716981132075472	0.8238213399503722	0.75	0.4716981132075472	0.8238213399503722	1	0	0	0	0	0	0	0	0	0	0	0	1	0
0.7625	0.16981132075471697	0.8300248138957816	0.7625	0.16981132075471697	0.8300248138957816	1	0	0	0	0	0	0	0	0	0	0	0	1	0
0.7	0.1320754716981132	0.7270471464019851	0.7625	0.20754716981132076	0.8312655086848635	0	0	1	0	0	0	0	0	0	1	0	0	0	0
0.7625	0.2641509433962264	0.8331265508684863	0.7625	0.2641509433962264	0.8331265508684863	1	0	0	0	0	0	0	0	0	0	0	0	1	0
0.775	0.1320754716981132	0.8380893300248139	0.775	0.1320754716981132	0.8380893300248139	1	0	0	0	0	0	0	0	0	0	0	0	1	0
0.7875	0.09433962264150944	0.8418114143920595	0.7875	0.09433962264150944	0.8418114143920595	1	0	0	0	0	0	0	0	0	0	0	0	1	0
0.8	0.05660377358490566	0.8442928039702233	0.8	0.05660377358490566	0.8442928039702233	1	0	0	0	0	0	0	0	0	0	0	0	1	0
0.8125	0.05660377358490566	0.8467741935483871	0.8125	0.05660377358490566	0.8467741935483871	1	0	0	0	0	0	0	0	0	1	0	0	0	0
0.8125	0.11320754716981132	0.8486352357320099	0.8125	0.11320754716981132	0.8486352357320099	1	0	0	0	0	0	0	0	0	0	0	0	1	0
0.8125	0.1509433962264151	0.8498759305210918	0.8125	0.1509433962264151	0.8498759305210918	0	0	1	0	0	0	0	0	0	1	0	0	0	0
0.8125	0.24528301886792453	0.8529776674937966	0.8125	0.24528301886792453	0.8529776674937966	1	0	0	0	0	0	0	0	0	0	0	0	1	0
0.4875	0.2830188679245283	0.4770471464019851	0.8125	0.3018867924528302	0.8548387096774194	0	0	1	0	0	0	0	0	0	1	0	0	0	0
0.8125	0.37735849056603776	0.8573200992555832	0.8125	0.37735849056603776	0.8573200992555832	1	0	0	0	0	0	0	0	0	0	0	0	1	0
0.8125	0.4339622641509434	0.859181141439206	0.8125	0.4339622641509434	0.859181141439206	1	0	0	0	0	0	0	0	0	1	0	0	0	0
0.8125	0.49056603773584906	0.8610421836228288	0.8125	0.49056603773584906	0.8610421836228288	1	0	0	0	0	0	0	0	0	0	0	0	1	0
0.8125	0.5283018867924528	0.8622828784119106	0.8125	0.5283018867924528	0.8622828784119106	0	0	1	0	0	0	0	0	0	1	0	0	0	0
0.8125	0.6037735849056604	0.8647642679900744	0.8125	0.6037735849056604	0.8647642679900744	1	0	0	0	0	0	0	0	0	0	0	0	1	0
0.825	0.05660377358490566	0.8672456575682382	0.825	0.05660377358490566	0.8672456575682382	1	0	0	0	0	0	0	0	1	0	0	0	0	0
0.825	0.18867924528301888	0.8715880893300249	0.825	0.18867924528301888	0.8715880893300249	1	0	0	0	0	0	0	0	0	0	1	0	0	0
0.825	0.20754716981132076	0.8722084367245657	0.825	0.20754716981132076	0.8722084367245657	1	0	0	0	0	0	0	0	0	0	0	0	1	0
0.8375	0.018867924528301886	0.8734491315136477	0.8375	0.018867924528301886	0.8734491315136477	1	0	0	0	0	0	0	0	0	0	0	0	1	0
0.8625	0.018867924528301886	0.8753101736972705	0.8625	0.018867924528301886	0.8753101736972705	1	0	0	0	0	0	0	0	1	0	0	0	0	0
0.8625	0.18867924528301888	0.8808933002481389	0.8625	0.18867924528301888	0.8808933002481389	1	0	0	0	0	0	0	0	0	0	0	0	1	0
0.8625	0.20754716981132076	0.8815136476426799	0.8625	0.20754716981132076	0.8815136476426799	1	0	0	0	0	0	0	0	1	0	0	0	0	0
0.8625	0.32075471698113206	0.8852357320099256	0.8625	0.32075471698113206	0.8852357320099256	1	0	0	0	0	0	0	0	0	1	0	0	0	0
0.8625	0.33962264150943394	0.8858560794044665	0.8625	0.33962264150943394	0.8858560794044665	1	0	0	0	0	0	0	0	0	0	0	0	1	0
0.875	0.018867924528301886	0.8870967741935484	0.875	0.018867924528301886	0.8870967741935484	1	0	0	0	0	0	0	0	1	0	0	0	0	0
0.875	0.1509433962264151	0.891439205955335	0.875	0.1509433962264151	0.891439205955335	1	0	0	0	0	0	0	0	1	0	0	0	0	0
0.875	0.24528301886792453	0.8945409429280397	0.875	0.24528301886792453	0.8945409429280397	1	0	0	0	0	0	0	0	0	1	0	0	0	0
0.875	0.32075471698113206	0.8970223325062034	0.875	0.32075471698113206	0.8970223325062034	1	0	0	0	0	0	0	0	0	0	0	0	1	0
0.875	0.33962264150943394	0.8976426799007444	0.875	0.33962264150943394	0.8976426799007444	1	0	0	0	0	0	0	0	0	1	0	0	0	0
0.875	0.37735849056603776	0.8988833746898263	0.875	0.37735849056603776	0.8988833746898263	1	0	0	0	0	0	0	0	0	0	0	0	1	0
0.875	0.39622641509433965	0.8995037220843672	0.875	0.39622641509433965	0.8995037220843672	0	0	0	0	0	0	1	0	0	1	0	0	0	0
0.875	0.4339622641509434	0.9007444168734491	0.875	0.4339622641509434	0.9007444168734491	1	0	0	0	0	0	0	0	0	0	0	0	1	0
0.875	0.4716981132075472	0.901985111662531	0.875	0.4716981132075472	0.901985111662531	1	0	0	0	0	0	0	0	0	0	0	0	1	0
0.8875	0.05660377358490566	0.9044665012406948	0.8875	0.05660377358490566	0.9044665012406948	1	0	0	0	0	0	0	0	0	1	0	0	0	0
0.8875	0.09433962264150944	0.9057071960297767	0.8875	0.09433962264150944	0.9057071960297767	0	1	0	0	0	0	0	0	0	1	0	0	0	0
0.8875	0.1320754716981132	0.9069478908188585	0.8875	0.1320754716981132	0.9069478908188585	1	0	0	0	0	0	0	0	0	0	0	0	1	0
0.8875	0.16981132075471697	0.9081885856079405	0.8875	0.16981132075471697	0.9081885856079405	1	0	0	0	0	0	0	0	0	0	1	0	0	0
0.8875	0.18867924528301888	0.9088089330024814	0.8875	0.18867924528301888	0.9088089330024814	1	0	0	0	0	0	0	0	0	0	0	0	1	0
0.9	0.05660377358490566	0.9112903225806451	0.9	0.05660377358490566	0.9112903225806451	1	0	0	0	0	0	0	0	1	0	0	0	0	0
0.9	0.1509433962264151	0.9143920595533499	0.9	0.1509433962264151	0.9143920595533499	0	1	0	0	0	0	0	0	0	1	0	0	0	0
0.9	0.20754716981132076	0.9162531017369727	0.9	0.20754716981132076	0.9162531017369727	1	0	0	0	0	0	0	0	0	0	0	0	1	0
0.9	0.24528301886792453	0.9174937965260546	0.9	0.24528301886792453	0.9174937965260546	0	0	1	0	0	0	0	0	0	1	0	0	0	0
0.9	0.37735849056603776	0.9218362282878412	0.9	0.37735849056603776	0.9218362282878412	1	0	0	0	0	0	0	0	0	0	0	0	1	0
0.9	0.39622641509433965	0.9224565756823822	0.9	0.39622641509433965	0.9224565756823822	1	0	0	0	0	0	0	0	0	0	0	0	1	0
0.9	0.41509433962264153	0.9230769230769231	0.9	0.41509433962264153	0.9230769230769231	1	0	0	0	0	0	0	0	0	0	0	0	1	0
0.9125	0.05660377358490566	0.9255583126550868	0.9125	0.05660377358490566	0.9255583126550868	1	0	0	0	0	0	0	0	1	0	0	0	0	0
0.9125	0.1320754716981132	0.9280397022332506	0.9125	0.1320754716981132	0.9280397022332506	0	1	0	0	0	0	0	0	0	1	0	0	0	0
0.9125	0.22641509433962265	0.9311414392059554	0.9125	0.22641509433962265	0.9311414392059554	1	0	0	0	0	0	0	0	0	0	0	0	1	0
0.9125	0.2641509433962264	0.9323821339950372	0.9125	0.2641509433962264	0.9323821339950372	1	0	0	0	0	0	0	0	0	0	1	0	0	0
0.9125	0.2830188679245283	0.9330024813895782	0.9125	0.2830188679245283	0.9330024813895782	1	0	0	0	0	0	0	0	0	0	0	0	1	0
0.925	0.05660377358490566	0.9354838709677419	0.925	0.05660377358490566	0.9354838709677419	1	0	0	0	0	0	0	0	1	0	0	0	0	0
0.925	0.16981132075471697	0.9392059553349876	0.925	0.16981132075471697	0.9392059553349876	1	0	0	0	0	0	0	0	0	0	0	0	1	0
0.925	0.18867924528301888	0.9398263027295285	0.925	0.18867924528301888	0.9398263027295285	1	0	0	0	0	0	0	0	0	0	0	0	1	0
0.925	0.20754716981132076	0.9404466501240695	0.925	0.20754716981132076	0.9404466501240695	1	0	0	0	0	0	0	0	0	1	0	0	0	0
0.925	0.3018867924528302	0.9435483870967742	0.925	0.3018867924528302	0.9435483870967742	1	0	0	0	0	0	0	0	0	0	0	0	1	0
0.9	0.1509433962264151	0.9143920595533499	0.925	0.32075471698113206	0.9441687344913151	0	0	1	0	0	0	0	0	0	1	0	0	0	0
0.925	0.3584905660377358	0.9454094292803971	0.925	0.3584905660377358	0.9454094292803971	1	0	0	0	0	0	0	0	0	0	0	0	1	0
0.925	0.37735849056603776	0.9460297766749379	0.925	0.37735849056603776	0.9460297766749379	1	0	0	0	0	0	0	0	0	0	0	0	1	0
0.925	0.41509433962264153	0.9472704714640199	0.925	0.41509433962264153	0.9472704714640199	1	0	0	0	0	0	0	0	0	0	0	0	1	0
0.9375	0.09433962264150944	0.9509925558312655	0.9375	0.09433962264150944	0.9509925558312655	1	0	0	0	0	0	0	0	1	0	0	0	0	0
0.9375	0.1509433962264151	0.9528535980148883	0.9375	0.1509433962264151	0.9528535980148883	1	0	0	0	0	0	0	0	0	0	0	0	1	0
0.9	0.1509433962264151	0.9143920595533499	0.9375	0.16981132075471697	0.9534739454094293	0	0	1	0	0	0	0	0	0	1	0	0	0	0
0.9375	0.22641509433962265	0.9553349875930521	0.9375	0.22641509433962265	0.9553349875930521	1	0	0	0	0	0	0	0	0	0	0	0	1	0
0.9375	0.2830188679245283	0.957196029776675	0.9375	0.2830188679245283	0.957196029776675	1	0	0	0	0	0	0	0	0	0	1	0	0	0
0.9375	0.33962264150943394	0.9590570719602978	0.9375	0.33962264150943394	0.9590570719602978	1	0	0	0	0	0	0	0	0	0	0	0	1	0
0.9375	0.37735849056603776	0.9602977667493796	0.9375	0.37735849056603776	0.9602977667493796	1	0	0	0	0	0	0	0	0	0	0	0	1	0
0.9125	0.1320754716981132	0.9280397022332506	0.95	0.1320754716981132	0.9652605459057072	0	0	1	0	0	0	0	0	0	1	0	0	0	0
0.95	0.22641509433962265	0.9683622828784119	0.95	0.22641509433962265	0.9683622828784119	1	0	0	0	0	0	0	0	0	0	0	0	1	0
0.95	0.2641509433962264	0.9696029776674938	0.95	0.2641509433962264	0.9696029776674938	1	0	0	0	0	0	0	0	0	0	0	0	1	0
0.95	0.2830188679245283	0.9702233250620348	0.95	0.2830188679245283	0.9702233250620348	1	0	0	0	0	0	0	0	0	0	1	0	0	0
0.95	0.3018867924528302	0.9708436724565757	0.95	0.3018867924528302	0.9708436724565757	1	0	0	0	0	0	0	0	0	0	0	0	1	0
0.9625	0.09433962264150944	0.9745657568238213	0.9625	0.09433962264150944	0.9745657568238213	1	0	0	0	0	0	0	0	0	0	0	0	1	0
0.9	0.1509433962264151	0.9143920595533499	0.975	0.09433962264150944	0.978287841191067	0	0	1	0	0	0	0	0	0	1	0	0	0	0
0.975	0.1509433962264151	0.9801488833746899	0.975	0.1509433962264151	0.9801488833746899	1	0	0	0	0	0	0	0	0	0	0	0	1	0
0.975	0.18867924528301888	0.9813895781637717	0.975	0.18867924528301888	0.9813895781637717	0	0	1	0	0	0	0	0	0	1	0	0	0	0
0.975	0.32075471698113206	0.9857320099255583	0.975	0.32075471698113206	0.9857320099255583	1	0	0	0	0	0	0	0	0	0	0	0	1	0
0.975	0.33962264150943394	0.9863523573200993	0.975	0.33962264150943394	0.9863523573200993	1	0	0	0	0	0	0	0	0	0	0	0	1	0
0.975	0.3584905660377358	0.9869727047146402	0.975	0.3584905660377358	0.9869727047146402	1	0	0	0	0	0	0	0	0	0	0	0	1	0
0.9875	0.05660377358490566	0.989454094292804	0.9875	0.05660377358490566	0.989454094292804	1	0	0	0	0	0	0	0	0	0	0	0	1	0
1	0.05660377358490566	0.9919354838709677	1	0.05660377358490566	0.9919354838709677	1	0	0	0	0	0	0	0	1	0	0	0	0	0
1	0.16981132075471697	0.9956575682382134	1	0.16981132075471697	0.9956575682382134	1	0	0	0	0	0	0	0	0	0	0	0	1	0
1	0.18867924528301888	0.9962779156327544	1	0.18867924528301888	0.9962779156327544	1	0	0	0	0	0	0	0	0	1	0	0	0	0
1	0.2830188679245283	0.999379652605459	1	0.2830188679245283	0.999379652605459	1	0	0	0	0	0	0	0	0	0	0	0	1	0
0.9	0.1509433962264151	0.9143920595533499	1	0.3018867924528302	1	0	0	1	0	0	0	0	0	0	1	0	0	0	0
1	0.33962264150943394	1.001240694789082	1	0.33962264150943394	1.001240694789082	1	0	0	0	0	0	0	0	0	0	0	0	1	0
1	0.3584905660377358	1.001861042183623	1	0.3584905660377358	1.001861042183623	1	0	0	0	0	0	0	0	0	0	0	0	1	0
1	0.39622641509433965	1.0031017369727047	1	0.39622641509433965	1.0031017369727047	1	0	0	0	0	0	0	0	0	0	0	0	1	0
0.8875	0.09433962264150944	0.9057071960297767	1.0125	0.09433962264150944	1.0068238213399503	0	0	1	0	0	0	0	0	0	1	0	0	0	0
1.0125	0.1320754716981132	1.0080645161290323	1.0125	0.1320754716981132	1.0080645161290323	1	0	0	0	0	0	0	0	0	0	0	0	1	0
1.0125	0.16981132075471697	1.0093052109181142	1.0125	0.16981132075471697	1.0093052109181142	1	0	0	0	0	0	0	0	0	0	0	0	1	0
0.8875	0.09433962264150944	0.9057071960297767	1.0125	0.18867924528301888	1.0099255583126552	0	0	1	0	0	0	0	0	0	1	0	0	0	0
1.0125	0.22641509433962265	1.011166253101737	1.0125	0.22641509433962265	1.011166253101737	1	0	0	0	0	0	0	0	0	0	0	0	1	0
1.0125	0.2830188679245283	1.0130272952853598	1.0125	0.2830188679245283	1.0130272952853598	1	0	0	0	0	0	0	0	0	0	1	0	0	0
1.0125	0.3018867924528302	1.0136476426799008	1.0125	0.3018867924528302	1.0136476426799008	1	0	0	0	0	0	0	0	0	0	0	0	1	0
1.0125	0.33962264150943394	1.0148883374689825	1.0125	0.33962264150943394	1.0148883374689825	1	0	0	0	0	0	0	0	0	0	0	0	1	0
1.0125	0.37735849056603776	1.0161290322580645	1.0125	0.37735849056603776	1.0161290322580645	1	0	0	0	0	0	0	0	0	0	0	0	1	0
0.8875	0.09433962264150944	0.9057071960297767	1.0125	0.39622641509433965	1.0167493796526055	0	0	1	0	0	0	0	0	0	1	0	0	0	0
1.0125	0.4339622641509434	1.0179900744416874	1.0125	0.4339622641509434	1.0179900744416874	1	0	0	0	0	0	0	0	0	0	0	0	1	0
1.0125	0.49056603773584906	1.0198511166253101	1.0125	0.49056603773584906	1.0198511166253101	1	0	0	0	0	0	0	0	0	0	1	0	0	0
1.0125	0.5094339622641509	1.0204714640198511	1.0125	0.5094339622641509	1.0204714640198511	1	0	0	0	0	0	0	0	0	0	0	0	1	0
1.0125	0.5471698113207547	1.021712158808933	1.0125	0.5471698113207547	1.021712158808933	1	0	0	0	0	0	0	0	0	0	0	0	1	0
0.9	0.1509433962264151	0.9143920595533499	1.0125	0.5849056603773585	1.0229528535980148	0	0	1	0	0	0	0	0	0	1	0	0	0	0
1.0125	0.6415094339622641	1.0248138957816377	1.0125	0.6415094339622641	1.0248138957816377	1	0	0	0	0	0	0	0	0	0	0	0	1	0
1.0125	0.6792452830188679	1.0260545905707197	1.0125	0.6792452830188679	1.0260545905707197	1	0	0	0	0	0	0	0	0	0	1	0	0	0
1.0125	0.7358490566037735	1.0279156327543424	1.0125	0.7358490566037735	1.0279156327543424	1	0	0	0	0	0	0	0	0	0	0	0	1	0
0.9	0.1509433962264151	0.9143920595533499	1.025	0.09433962264150944	1.031637717121588	0	0	1	0	0	0	0	0	0	1	0	0	0	0
1.025	0.1509433962264151	1.033498759305211	1.025	0.1509433962264151	1.033498759305211	1	0	0	0	0	0	0	0	0	0	0	0	1	0
1.025	0.18867924528301888	1.034739454094293	1.025	0.18867924528301888	1.034739454094293	0	0	1	0	0	0	0	0	0	1	0	0	0	0
1.025	0.32075471698113206	1.0390818858560793	1.025	0.32075471698113206	1.0390818858560793	1	0	0	0	0	0	0	0	0	0	0	0	1	0
1.025	0.33962264150943394	1.0397022332506203	1.025	0.33962264150943394	1.0397022332506203	1	0	0	0	0	0	0	0	0	0	0	0	1	0
1.025	0.3584905660377358	1.0403225806451613	1.025	0.3584905660377358	1.0403225806451613	1	0	0	0	0	0	0	0	0	0	0	0	1	0
1.0375	0.05660377358490566	1.0428039702233252	1.0375	0.05660377358490566	1.0428039702233252	1	0	0	0	0	0	0	0	0	0	0	0	1	0
0.875	0.39622641509433965	0.8995037220843672	1.05	0.05660377358490566	1.0452853598014888	0	0	1	0	0	0	0	0	0	1	0	0	0	0
1.05	0.11320754716981132	1.0471464019851116	1.05	0.11320754716981132	1.0471464019851116	1	0	0	0	0	0	0	0	0	0	0	0	1	0
0.9125	0.1320754716981132	0.9280397022332506	1.05	0.1509433962264151	1.0483870967741935	0	0	1	0	0	0	0	0	0	1	0	0	0	0
1.05	0.24528301886792453	1.0514888337468982	1.05	0.24528301886792453	1.0514888337468982	1	0	0	0	0	0	0	0	0	0	0	0	1	0
0.8875	0.09433962264150944	0.9057071960297767	1.05	0.2830188679245283	1.0527295285359801	0	0	1	0	0	0	0	0	0	1	0	0	0	0
1.05	0.3018867924528302	1.053349875930521	1.05	0.3018867924528302	1.053349875930521	1	0	0	0	0	0	0	0	0	0	0	0	1	0
1.0625	0.018867924528301886	1.054590570719603	1.0625	0.018867924528301886	1.054590570719603	1	0	0	0	0	0	0	0	0	0	0	0	1	0
0.9	0.1509433962264151	0.9143920595533499	0.925	0.32075471698113206	0.9441687344913151	0	0	1	0	0	0	0	0	0	1	0	0	0	0
0.9	0.1509433962264151	0.9143920595533499	0.925	0.32075471698113206	0.9441687344913151	0	0	1	0	0	0	0	0	0	1	0	0	0	0
0.9	0.1509433962264151	0.9143920595533499	1	0.3018867924528302	1	0	0	1	0	0	0	0	0	0	1	0	0	0	0
0.9	0.1509433962264151	0.9143920595533499	1	0.3018867924528302	1	0	0	1	0	0	0	0	0	0	1	0	0	0	0