0.0625	0.018518518518518517	0.03341584158415842	0.0625	0.018518518518518517	0.03341584158415842	1	0	0	0	0	0	0	0	1	0	0	0	0	0
0.0625	0.12962962962962962	0.04084158415841584	0.0625	0.12962962962962962	0.04084158415841584	1	0	0	0	0	0	0	0	1	0	0	0	0	0
0.0625	0.3148148148148148	0.053217821782178217	0.0625	0.3148148148148148	0.053217821782178217	1	0	0	0	0	0	0	0	0	1	0	0	0	0
0.08333333333333333	0.018518518518518517	0.0594059405940594	0.08333333333333333	0.018518518518518517	0.0594059405940594	1	0	0	0	0	0	0	0	1	0	0	0	0	0
0.08333333333333333	0.16666666666666666	0.06930693069306931	0.08333333333333333	0.16666666666666666	0.06930693069306931	1	0	0	0	0	0	0	0	1	0	0	0	0	0
0.08333333333333333	0.25925925925925924	0.07549504950495049	0.08333333333333333	0.25925925925925924	0.07549504950495049	1	0	0	0	0	0	0	0	1	0	0	0	0	0
0.08333333333333333	0.35185185185185186	0.08168316831683169	0.08333333333333333	0.35185185185185186	0.08168316831683169	1	0	0	0	0	0	0	0	0	1	0	0	0	0
0.10416666666666667	0.018518518518518517	0.08663366336633663	0.10416666666666667	0.018518518518518517	0.08663366336633663	1	0	0	0	0	0	0	0	1	0	0	0	0	0
0.10416666666666667	0.16666666666666666	0.09653465346534654	0.10416666666666667	0.16666666666666666	0.09653465346534654	1	0	0	0	0	0	0	0	0	1	0	0	0	0
0.10416666666666667	0.24074074074074073	0.10148514851485149	0.10416666666666667	0.24074074074074073	0.10148514851485149	1	0	0	0	0	0	0	0	0	0	0	0	1	0
0.10416666666666667	0.25925925925925924	0.10272277227722772	0.10416666666666667	0.25925925925925924	0.10272277227722772	1	0	0	0	0	0	0	0	0	1	0	0	0	0
0.10416666666666667	0.2962962962962963	0.1051980198019802	0.10416666666666667	0.2962962962962963	0.1051980198019802	1	0	0	0	0	0	0	0	0	0	0	0	1	0
0.10416666666666667	0.3148148148148148	0.10643564356435643	0.10416666666666667	0.3148148148148148	0.10643564356435643	1	0	0	0	0	0	0	0	0	1	0	0	0	0
0.10416666666666667	0.35185185185185186	0.10891089108910891	0.10416666666666667	0.35185185185185186	0.10891089108910891	1	0	0	0	0	0	0	0	0	0	0	0	1	0
0.10416666666666667	0.3888888888888889	0.11138613861386139	0.10416666666666667	0.3888888888888889	0.11138613861386139	1	0	0	0	0	0	0	0	0	1	0	0	0	0
0.14583333333333334	0.018518518518518517	0.11757425742574257	0.14583333333333334	0.018518518518518517	0.11757425742574257	1	0	0	0	0	0	0	0	0	1	0	0	0	0
0.14583333333333334	0.07407407407407407	0.12128712871287128	0.14583333333333334	0.07407407407407407	0.12128712871287128	1	0	0	0	0	0	0	0	0	1	0	0	0	0
0.14583333333333334	0.12962962962962962	0.125	0.14583333333333334	0.12962962962962962	0.125	1	0	0	0	0	0	0	0	0	0	0	0	1	0
0.14583333333333334	0.14814814814814814	0.12623762376237624	0.14583333333333334	0.14814814814814814	0.12623762376237624	1	0	0	0	0	0	0	0	0	1	0	0	0	0
0.14583333333333334	0.2037037037037037	0.12995049504950495	0.14583333333333334	0.2037037037037037	0.12995049504950495	0	0	0	0	0	0	1	0	0	1	0	0	0	0
0.14583333333333334	0.2222222222222222	0.1311881188118812	0.14583333333333334	0.2222222222222222	0.1311881188118812	1	0	0	0	0	0	0	0	0	0	0	0	1	0
0.14583333333333334	0.25925925925925924	0.13366336633663367	0.14583333333333334	0.25925925925925924	0.13366336633663367	1	0	0	0	0	0	0	0	0	1	0	0	0	0
0.14583333333333334	0.3148148148148148	0.1373762376237624	0.14583333333333334	0.3148148148148148	0.1373762376237624	0	0	0	0	0	0	1	0	0	1	0	0	0	0
0.14583333333333334	0.3333333333333333	0.13861386138613863	0.14583333333333334	0.3333333333333333	0.13861386138613863	1	0	0	0	0	0	0	0	0	0	0	0	1	0
0.16666666666666666	0.018518518518518517	0.14108910891089108	0.16666666666666666	0.018518518518518517	0.14108910891089108	1	0	0	0	0	0	0	0	0	0	0	0	1	0
0.1875	0.09259259259259259	0.1485148514851485	0.1875	0.09259259259259259	0.1485148514851485	1	0	0	0	0	0	0	0	1	0	0	0	0	0
0.14583333333333334	0.3148148148148148	0.1373762376237624	0.1875	0.2222222222222222	0.15717821782178218	0	0	1	0	0	0	0	0	0	1	0	0	0	0
0.1875	0.24074074074074073	0.15841584158415842	0.1875	0.24074074074074073	0.15841584158415842	1	0	0	0	0	0	0	0	0	0	0	0	1	0
0.1875	0.2777777777777778	0.1608910891089109	0.1875	0.2777777777777778	0.1608910891089109	0	0	0	0	1	0	0	0	0	0	1	0	0	0
0.1875	0.2962962962962963	0.16212871287128713	0.1875	0.2962962962962963	0.16212871287128713	1	0	0	0	0	0	0	0	0	0	0	0	1	0
0.14583333333333334	0.2037037037037037	0.12995049504950495	0.1875	0.3148148148148148	0.16336633663366337	0	0	1	0	0	0	0	0	0	1	0	0	0	0
0.1875	0.3333333333333333	0.1646039603960396	0.1875	0.3333333333333333	0.1646039603960396	1	0	0	0	0	0	0	0	0	0	0	0	1	0
0.1875	0.35185185185185186	0.16584158415841585	0.1875	0.35185185185185186	0.16584158415841585	0	0	1	0	0	0	0	0	0	1	0	0	0	0
0.1875	0.4074074074074074	0.16955445544554457	0.1875	0.4074074074074074	0.16955445544554457	1	0	0	0	0	0	0	0	0	0	0	0	1	0
0.14583333333333334	0.3148148148148148	0.1373762376237624	0.1875	0.42592592592592593	0.1707920792079208	0	0	1	0	0	0	0	0	0	1	0	0	0	0
0.1875	0.4444444444444444	0.17202970297029702	0.1875	0.4444444444444444	0.17202970297029702	1	0	0	0	0	0	0	0	0	0	0	0	1	0
0.14583333333333334	0.2037037037037037	0.12995049504950495	0.1875	0.46296296296296297	0.17326732673267325	0	0	1	0	0	0	0	0	0	1	0	0	0	0
0.1875	0.48148148148148145	0.1745049504950495	0.1875	0.48148148148148145	0.1745049504950495	1	0	0	0	0	0	0	0	0	0	0	0	1	0
0.14583333333333334	0.3148148148148148	0.1373762376237624	0.1875	0.5	0.17574257425742573	0	0	1	0	0	0	0	0	0	1	0	0	0	0
0.1875	0.5185185185185185	0.17698019801980197	0.1875	0.5185185185185185	0.17698019801980197	1	0	0	0	0	0	0	0	0	0	0	0	1	0
0.1875	0.5370370370370371	0.1782178217821782	0.1875	0.5370370370370371	0.1782178217821782	1	0	0	0	0	0	0	0	0	0	0	0	1	0
0.20833333333333334	0.018518518518518517	0.1806930693069307	0.20833333333333334	0.018518518518518517	0.1806930693069307	1	0	0	0	0	0	0	0	0	0	0	0	1	0
0.25	0.018518518518518517	0.18564356435643564	0.25	0.018518518518518517	0.18564356435643564	1	0	0	0	0	0	0	0	1	0	0	0	0	0
0.25	0.09259259259259259	0.1905940594059406	0.25	0.09259259259259259	0.1905940594059406	0	0	0	1	0	0	0	0	0	1	0	0	0	0
0.25	0.16666666666666666	0.19554455445544555	0.25	0.16666666666666666	0.19554455445544555	1	0	0	0	0	0	0	0	0	0	0	0	1	0
0.25	0.18518518518518517	0.1967821782178218	0.25	0.18518518518518517	0.1967821782178218	1	0	0	0	0	0	0	0	0	0	0	0	1	0
0.2708333333333333	0.018518518518518517	0.19925742574257427	0.2708333333333333	0.018518518518518517	0.19925742574257427	1	0	0	0	0	0	0	0	0	0	0	0	1	0
0.2916666666666667	0.09259259259259259	0.20668316831683167	0.2916666666666667	0.09259259259259259	0.20668316831683167	1	0	0	0	0	0	0	0	0	1	0	0	0	0
0.2916666666666667	0.14814814814814814	0.2103960396039604	0.2916666666666667	0.14814814814814814	0.2103960396039604	0	1	0	0	0	0	0	0	0	1	0	0	0	0
0.2916666666666667	0.16666666666666666	0.21163366336633663	0.2916666666666667	0.16666666666666666	0.21163366336633663	1	0	0	0	0	0	0	0	0	0	0	0	1	0
0.2916666666666667	0.18518518518518517	0.21287128712871287	0.2916666666666667	0.18518518518518517	0.21287128712871287	0	1	0	0	0	0	0	0	0	1	0	0	0	0
0.2916666666666667	0.2037037037037037	0.2141089108910891	0.2916666666666667	0.2037037037037037	0.2141089108910891	1	0	0	0	0	0	0	0	0	0	0	0	1	0
0.2916666666666667	0.2222222222222222	0.21534653465346534	0.2916666666666667	0.2222222222222222	0.21534653465346534	0	1	0	0	0	0	0	0	0	1	0	0	0	0
0.2916666666666667	0.24074074074074073	0.21658415841584158	0.2916666666666667	0.24074074074074073	0.21658415841584158	1	0	0	0	0	0	0	0	0	0	0	0	1	0
0.3125	0.09259259259259259	0.22400990099009901	0.3125	0.09259259259259259	0.22400990099009901	0	0	1	0	0	0	0	0	0	1	0	0	0	0
0.3125	0.14814814814814814	0.22772277227722773	0.3125	0.14814814814814814	0.22772277227722773	0	0	1	0	0	0	0	0	0	0	0	0	1	0
0.2916666666666667	0.14814814814814814	0.2103960396039604	0.3125	0.18518518518518517	0.2301980198019802	0	0	1	0	0	0	0	0	0	1	0	0	0	0
0.3125	0.2037037037037037	0.23143564356435645	0.3125	0.2037037037037037	0.23143564356435645	0	0	1	0	0	0	0	0	0	0	0	0	1	0
0.2916666666666667	0.18518518518518517	0.21287128712871287	0.3125	0.24074074074074073	0.23391089108910892	0	0	1	0	0	0	0	0	0	1	0	0	0	0
0.3125	0.25925925925925924	0.23514851485148514	0.3125	0.25925925925925924	0.23514851485148514	0	0	1	0	0	0	0	0	0	0	0	0	1	0
0.2916666666666667	0.2222222222222222	0.21534653465346534	0.3125	0.2962962962962963	0.2376237623762376	0	0	1	0	0	0	0	0	0	1	0	0	0	0
0.3125	0.3148148148148148	0.23886138613861385	0.3125	0.3148148148148148	0.23886138613861385	1	0	0	0	0	0	0	0	0	0	0	0	1	0
0.3333333333333333	0.09259259259259259	0.24628712871287128	0.3333333333333333	0.09259259259259259	0.24628712871287128	1	0	0	0	0	0	0	0	0	1	0	0	0	0
0.3333333333333333	0.12962962962962962	0.24876237623762376	0.3333333333333333	0.12962962962962962	0.24876237623762376	1	0	0	0	0	0	0	0	0	1	0	0	0	0
0.3333333333333333	0.16666666666666666	0.25123762376237624	0.3333333333333333	0.16666666666666666	0.25123762376237624	1	0	0	0	0	0	0	0	0	0	0	0	1	0
0.3333333333333333	0.18518518518518517	0.2524752475247525	0.3333333333333333	0.18518518518518517	0.2524752475247525	1	0	0	0	0	0	0	0	0	1	0	0	0	0
0.3333333333333333	0.2222222222222222	0.25495049504950495	0.3333333333333333	0.2222222222222222	0.25495049504950495	1	0	0	0	0	0	0	0	0	0	0	0	1	0
0.3541666666666667	0.09259259259259259	0.2623762376237624	0.3541666666666667	0.09259259259259259	0.2623762376237624	1	0	0	0	0	0	0	0	1	0	0	0	0	0
0.3541666666666667	0.18518518518518517	0.2685643564356436	0.3541666666666667	0.18518518518518517	0.2685643564356436	1	0	0	0	0	0	0	0	0	0	0	0	1	0
0.2916666666666667	0.2222222222222222	0.21534653465346534	0.3541666666666667	0.2037037037037037	0.2698019801980198	0	0	1	0	0	0	0	0	0	1	0	0	0	0
0.3541666666666667	0.2222222222222222	0.27103960396039606	0.3541666666666667	0.2222222222222222	0.27103960396039606	1	0	0	0	0	0	0	0	0	0	0	0	1	0
0.3541666666666667	0.25925925925925924	0.27351485148514854	0.3541666666666667	0.25925925925925924	0.27351485148514854	1	0	0	0	0	0	0	0	0	0	0	0	1	0
0.375	0.09259259259259259	0.28094059405940597	0.375	0.09259259259259259	0.28094059405940597	1	0	0	0	0	0	0	0	0	0	0	0	1	0
0.3958333333333333	0.16666666666666666	0.2933168316831683	0.3958333333333333	0.16666666666666666	0.2933168316831683	0	0	1	0	0	0	0	0	0	1	0	0	0	0
0.3958333333333333	0.2222222222222222	0.297029702970297	0.3958333333333333	0.2222222222222222	0.297029702970297	0	0	1	0	0	0	0	0	0	0	0	0	1	0
0.3958333333333333	0.25925925925925924	0.2995049504950495	0.3958333333333333	0.25925925925925924	0.2995049504950495	0	0	1	0	0	0	0	0	0	1	0	0	0	0
0.3958333333333333	0.2962962962962963	0.30198019801980197	0.3958333333333333	0.2962962962962963	0.30198019801980197	1	0	0	0	0	0	0	0	0	0	0	0	1	0
0.3958333333333333	0.3148148148148148	0.3032178217821782	0.3958333333333333	0.3148148148148148	0.3032178217821782	1	0	0	0	0	0	0	0	0	1	0	0	0	0
0.3958333333333333	0.4074074074074074	0.3094059405940594	0.3958333333333333	0.4074074074074074	0.3094059405940594	0	0	1	0	0	0	0	0	0	0	0	0	1	0
0.3958333333333333	0.4444444444444444	0.3118811881188119	0.3958333333333333	0.4444444444444444	0.3118811881188119	0	0	1	0	0	0	0	0	0	1	0	0	0	0
0.3958333333333333	0.48148148148148145	0.31435643564356436	0.3958333333333333	0.48148148148148145	0.31435643564356436	1	0	0	0	0	0	0	0	0	0	0	0	1	0
0.3958333333333333	0.5	0.3155940594059406	0.3958333333333333	0.5	0.3155940594059406	1	0	0	0	0	0	0	0	0	1	0	0	0	0
0.3958333333333333	0.6111111111111112	0.32301980198019803	0.3958333333333333	0.6111111111111112	0.32301980198019803	0	0	1	0	0	0	0	0	0	0	0	0	1	0
0.3958333333333333	0.6481481481481481	0.3254950495049505	0.3958333333333333	0.6481481481481481	0.3254950495049505	0	0	1	0	0	0	0	0	0	1	0	0	0	0
0.3958333333333333	0.6851851851851852	0.327970297029703	0.3958333333333333	0.6851851851851852	0.327970297029703	1	0	0	0	0	0	0	0	0	0	0	0	1	0
0.3958333333333333	0.7037037037037037	0.3292079207920792	0.3958333333333333	0.7037037037037037	0.3292079207920792	1	0	0	0	0	0	0	0	0	1	0	0	0	0
0.3958333333333333	0.7962962962962963	0.3353960396039604	0.3958333333333333	0.7962962962962963	0.3353960396039604	0	0	1	0	0	0	0	0	0	0	0	0	1	0
0.3958333333333333	0.8333333333333334	0.3378712871287129	0.3958333333333333	0.8333333333333334	0.3378712871287129	0	0	1	0	0	0	0	0	0	1	0	0	0	0
0.3958333333333333	0.8703703703703703	0.34034653465346537	0.3958333333333333	0.8703703703703703	0.34034653465346537	1	0	0	0	0	0	0	0	0	0	0	0	1	0
0.3958333333333333	0.8888888888888888	0.3415841584158416	0.3958333333333333	0.8888888888888888	0.3415841584158416	1	0	0	0	0	0	0	0	0	1	0	0	0	0
0.3958333333333333	1	0.349009900990099	0.3958333333333333	1	0.349009900990099	1	0	0	0	0	0	0	0	0	0	0	0	1	0
0.4166666666666667	0.16666666666666666	0.3613861386138614	0.4166666666666667	0.16666666666666666	0.3613861386138614	1	0	0	0	0	0	0	0	0	1	0	0	0	0
0.4166666666666667	0.2222222222222222	0.3650990099009901	0.4166666666666667	0.2222222222222222	0.3650990099009901	0	1	0	0	0	0	0	0	0	1	0	0	0	0
0.4166666666666667	0.24074074074074073	0.36633663366336633	0.4166666666666667	0.24074074074074073	0.36633663366336633	1	0	0	0	0	0	0	0	0	0	0	0	1	0
0.4166666666666667	0.25925925925925924	0.36757425742574257	0.4166666666666667	0.25925925925925924	0.36757425742574257	0	0	1	0	0	0	0	0	0	1	0	0	0	0
0.4166666666666667	0.3148148148148148	0.3712871287128713	0.4166666666666667	0.3148148148148148	0.3712871287128713	1	0	0	0	0	0	0	0	0	0	0	0	1	0
0.2916666666666667	0.14814814814814814	0.2103960396039604	0.4166666666666667	0.3333333333333333	0.3725247524752475	0	0	1	0	0	0	0	0	0	1	0	0	0	0
0.4166666666666667	0.35185185185185186	0.37376237623762376	0.4166666666666667	0.35185185185185186	0.37376237623762376	1	0	0	0	0	0	0	0	0	0	0	0	1	0
0.2916666666666667	0.18518518518518517	0.21287128712871287	0.4166666666666667	0.37037037037037035	0.375	0	0	1	0	0	0	0	0	0	1	0	0	0	0
0.4166666666666667	0.3888888888888889	0.37623762376237624	0.4166666666666667	0.3888888888888889	0.37623762376237624	1	0	0	0	0	0	0	0	0	0	0	0	1	0
0.4166666666666667	0.4074074074074074	0.3774752475247525	0.4166666666666667	0.4074074074074074	0.3774752475247525	1	0	0	0	0	0	0	0	0	0	0	0	1	0
0.4375	0.16666666666666666	0.38985148514851486	0.4375	0.16666666666666666	0.38985148514851486	1	0	0	0	0	0	0	0	0	1	0	0	0	0
0.4375	0.2222222222222222	0.3935643564356436	0.4375	0.2222222222222222	0.3935643564356436	0	1	0	0	0	0	0	0	0	1	0	0	0	0
0.4375	0.25925925925925924	0.39603960396039606	0.4375	0.25925925925925924	0.39603960396039606	1	0	0	0	0	0	0	0	0	0	0	0	1	0
0.2916666666666667	0.14814814814814814	0.2103960396039604	0.4375	0.2777777777777778	0.3972772277227723	0	0	1	0	0	0	0	0	0	1	0	0	0	0
0.4375	0.2962962962962963	0.39851485148514854	0.4375	0.2962962962962963	0.39851485148514854	1	0	0	0	0	0	0	0	0	0	0	0	1	0
0.4166666666666667	0.2222222222222222	0.3650990099009901	0.4375	0.3148148148148148	0.3997524752475248	0	0	1	0	0	0	0	0	0	1	0	0	0	0
0.4375	0.3333333333333333	0.400990099009901	0.4375	0.3333333333333333	0.400990099009901	1	0	0	0	0	0	0	0	0	0	0	0	1	0
0.4375	0.35185185185185186	0.40222772277227725	0.4375	0.35185185185185186	0.40222772277227725	0	1	0	0	0	0	0	0	0	1	0	0	0	0
0.4375	0.3888888888888889	0.40470297029702973	0.4375	0.3888888888888889	0.40470297029702973	1	0	0	0	0	0	0	0	0	0	0	0	1	0
0.2916666666666667	0.18518518518518517	0.21287128712871287	0.4375	0.4074074074074074	0.40594059405940597	0	0	1	0	0	0	0	0	0	1	0	0	0	0
0.4375	0.42592592592592593	0.40717821782178215	0.4375	0.42592592592592593	0.40717821782178215	1	0	0	0	0	0	0	0	0	0	0	0	1	0
0.4166666666666667	0.2222222222222222	0.3650990099009901	0.4375	0.4444444444444444	0.4084158415841584	0	0	1	0	0	0	0	0	0	1	0	0	0	0
0.4375	0.46296296296296297	0.40965346534653463	0.4375	0.46296296296296297	0.40965346534653463	1	0	0	0	0	0	0	0	0	0	0	0	1	0
0.4583333333333333	0.16666666666666666	0.422029702970297	0.4583333333333333	0.16666666666666666	0.422029702970297	1	0	0	0	0	0	0	0	1	0	0	0	0	0
0.4583333333333333	0.2037037037037037	0.4245049504950495	0.4583333333333333	0.2037037037037037	0.4245049504950495	1	0	0	0	0	0	0	0	0	0	0	0	1	0
0.4583333333333333	0.2222222222222222	0.42574257425742573	0.4583333333333333	0.2222222222222222	0.42574257425742573	0	0	1	0	0	0	0	0	0	1	0	0	0	0
0.4583333333333333	0.25925925925925924	0.4282178217821782	0.4583333333333333	0.25925925925925924	0.4282178217821782	1	0	0	0	0	0	0	0	0	0	0	0	1	0
0.4583333333333333	0.2777777777777778	0.42945544554455445	0.4583333333333333	0.2777777777777778	0.42945544554455445	1	0	0	0	0	0	0	0	0	1	0	0	0	0
0.4583333333333333	0.37037037037037035	0.43564356435643564	0.4583333333333333	0.37037037037037035	0.43564356435643564	1	0	0	0	0	0	0	0	0	0	0	0	1	0
0.4583333333333333	0.4074074074074074	0.4381188118811881	0.4583333333333333	0.4074074074074074	0.4381188118811881	0	0	0	0	1	0	0	0	0	0	1	0	0	0
0.4583333333333333	0.42592592592592593	0.43935643564356436	0.4583333333333333	0.42592592592592593	0.43935643564356436	1	0	0	0	0	0	0	0	0	0	0	0	1	0
0.4791666666666667	0.16666666666666666	0.45173267326732675	0.4791666666666667	0.16666666666666666	0.45173267326732675	1	0	0	0	0	0	0	0	0	0	0	0	1	0
0.5	0.24074074074074073	0.46905940594059403	0.5	0.24074074074074073	0.46905940594059403	0	0	1	0	0	0	0	0	0	1	0	0	0	0
0.5	0.2777777777777778	0.4715346534653465	0.5	0.2777777777777778	0.4715346534653465	1	0	0	0	0	0	0	0	0	0	0	0	1	0
0.5	0.2962962962962963	0.47277227722772275	0.5	0.2962962962962963	0.47277227722772275	1	0	0	0	0	0	0	0	0	1	0	0	0	0
0.5	0.3888888888888889	0.47896039603960394	0.5	0.3888888888888889	0.47896039603960394	1	0	0	0	0	0	0	0	0	0	0	0	1	0
0.5	0.4074074074074074	0.4801980198019802	0.5	0.4074074074074074	0.4801980198019802	1	0	0	0	0	0	0	0	0	0	0	0	1	0
0.5	0.42592592592592593	0.4814356435643564	0.5	0.42592592592592593	0.4814356435643564	0	0	1	0	0	0	0	0	0	1	0	0	0	0
0.5	0.46296296296296297	0.4839108910891089	0.5	0.46296296296296297	0.4839108910891089	1	0	0	0	0	0	0	0	0	0	0	0	1	0
0.5	0.48148148148148145	0.48514851485148514	0.5	0.48148148148148145	0.48514851485148514	1	0	0	0	0	0	0	0	0	1	0	0	0	0
0.5	0.5925925925925926	0.49257425742574257	0.5	0.5925925925925926	0.49257425742574257	1	0	0	0	0	0	0	0	0	0	0	0	1	0
0.5	0.6111111111111112	0.4938118811881188	0.5	0.6111111111111112	0.4938118811881188	0	0	0	0	1	0	0	0	0	0	1	0	0	0
0.5	0.6296296296296297	0.49504950495049505	0.5	0.6296296296296297	0.49504950495049505	1	0	0	0	0	0	0	0	0	0	0	0	1	0
0.5	0.6481481481481481	0.4962871287128713	0.5	0.6481481481481481	0.4962871287128713	1	0	0	0	0	0	0	0	0	0	0	0	1	0
0.4375	0.2222222222222222	0.3935643564356436	0.5	0.6666666666666666	0.4975247524752475	0	0	1	0	0	0	0	0	0	1	0	0	0	0
0.5	0.7037037037037037	0.5	0.5	0.7037037037037037	0.5	1	0	0	0	0	0	0	0	0	0	0	0	1	0
0.5208333333333334	0.16666666666666666	0.5123762376237624	0.5208333333333334	0.16666666666666666	0.5123762376237624	1	0	0	0	0	0	0	0	0	0	0	0	1	0
0.5416666666666666	0.16666666666666666	0.5247524752475248	0.5416666666666666	0.16666666666666666	0.5247524752475248	1	0	0	0	0	0	0	0	1	0	0	0	0	0
0.5625	0.16666666666666666	0.5408415841584159	0.5625	0.16666666666666666	0.5408415841584159	1	0	0	0	0	0	0	0	0	0	0	0	1	0
0.5833333333333334	0.24074074074074073	0.5581683168316832	0.5833333333333334	0.24074074074074073	0.5581683168316832	0	0	1	0	0	0	0	0	0	1	0	0	0	0
0.5833333333333334	0.2777777777777778	0.5606435643564357	0.5833333333333334	0.2777777777777778	0.5606435643564357	1	0	0	0	0	0	0	0	0	0	0	0	1	0
0.5833333333333334	0.2962962962962963	0.5618811881188119	0.5833333333333334	0.2962962962962963	0.5618811881188119	1	0	0	0	0	0	0	0	0	1	0	0	0	0
0.5833333333333334	0.3888888888888889	0.568069306930693	0.5833333333333334	0.3888888888888889	0.568069306930693	1	0	0	0	0	0	0	0	0	0	0	0	1	0
0.5833333333333334	0.4074074074074074	0.5693069306930693	0.5833333333333334	0.4074074074074074	0.5693069306930693	1	0	0	0	0	0	0	0	0	0	0	0	1	0
0.5833333333333334	0.42592592592592593	0.5705445544554455	0.5833333333333334	0.42592592592592593	0.5705445544554455	0	0	1	0	0	0	0	0	0	1	0	0	0	0
0.5833333333333334	0.46296296296296297	0.573019801980198	0.5833333333333334	0.46296296296296297	0.573019801980198	1	0	0	0	0	0	0	0	0	0	0	0	1	0
0.5833333333333334	0.48148148148148145	0.5742574257425742	0.5833333333333334	0.48148148148148145	0.5742574257425742	1	0	0	0	0	0	0	0	0	1	0	0	0	0
0.5833333333333334	0.5925925925925926	0.5816831683168316	0.5833333333333334	0.5925925925925926	0.5816831683168316	1	0	0	0	0	0	0	0	0	0	0	0	1	0
0.5833333333333334	0.6111111111111112	0.5829207920792079	0.5833333333333334	0.6111111111111112	0.5829207920792079	0	0	0	0	1	0	0	0	0	0	1	0	0	0
0.5833333333333334	0.6296296296296297	0.5841584158415841	0.5833333333333334	0.6296296296296297	0.5841584158415841	1	0	0	0	0	0	0	0	0	0	0	0	1	0
0.5833333333333334	0.6481481481481481	0.5853960396039604	0.5833333333333334	0.6481481481481481	0.5853960396039604	1	0	0	0	0	0	0	0	0	0	0	0	1	0
0.4375	0.35185185185185186	0.40222772277227725	0.5833333333333334	0.6666666666666666	0.5866336633663366	0	0	1	0	0	0	0	0	0	1	0	0	0	0
0.5833333333333334	0.7037037037037037	0.5891089108910891	0.5833333333333334	0.7037037037037037	0.5891089108910891	1	0	0	0	0	0	0	0	0	0	0	0	1	0
0.6041666666666666	0.16666666666666666	0.6014851485148515	0.6041666666666666	0.16666666666666666	0.6014851485148515	1	0	0	0	0	0	0	0	0	0	0	0	1	0
0.625	0.16666666666666666	0.6138613861386139	0.625	0.16666666666666666	0.6138613861386139	1	0	0	0	0	0	0	0	1	0	0	0	0	0
0.625	0.2037037037037037	0.6163366336633663	0.625	0.2037037037037037	0.6163366336633663	1	0	0	0	0	0	0	0	0	0	0	0	1	0
0.625	0.2222222222222222	0.6175742574257426	0.625	0.2222222222222222	0.6175742574257426	0	0	1	0	0	0	0	0	0	1	0	0	0	0
0.625	0.25925925925925924	0.620049504950495	0.625	0.25925925925925924	0.620049504950495	1	0	0	0	0	0	0	0	0	0	0	0	1	0
0.625	0.2777777777777778	0.6212871287128713	0.625	0.2777777777777778	0.6212871287128713	1	0	0	0	0	0	0	0	0	1	0	0	0	0
0.625	0.37037037037037035	0.6274752475247525	0.625	0.37037037037037035	0.6274752475247525	1	0	0	0	0	0	0	0	0	0	0	0	1	0
0.625	0.4074074074074074	0.629950495049505	0.625	0.4074074074074074	0.629950495049505	0	0	0	0	1	0	0	0	0	0	1	0	0	0
0.625	0.42592592592592593	0.6311881188118812	0.625	0.42592592592592593	0.6311881188118812	1	0	0	0	0	0	0	0	0	0	0	0	1	0
0.6458333333333334	0.16666666666666666	0.6435643564356436	0.6458333333333334	0.16666666666666666	0.6435643564356436	1	0	0	0	0	0	0	0	0	0	0	0	1	0
0.6666666666666666	0.24074074074074073	0.6608910891089109	0.6666666666666666	0.24074074074074073	0.6608910891089109	0	0	1	0	0	0	0	0	0	1	0	0	0	0
0.6666666666666666	0.2777777777777778	0.6633663366336634	0.6666666666666666	0.2777777777777778	0.6633663366336634	1	0	0	0	0	0	0	0	0	0	0	0	1	0
0.6666666666666666	0.2962962962962963	0.6646039603960396	0.6666666666666666	0.2962962962962963	0.6646039603960396	1	0	0	0	0	0	0	0	0	1	0	0	0	0
0.6666666666666666	0.3888888888888889	0.6707920792079208	0.6666666666666666	0.3888888888888889	0.6707920792079208	1	0	0	0	0	0	0	0	0	0	0	0	1	0
0.6666666666666666	0.4074074074074074	0.6720297029702971	0.6666666666666666	0.4074074074074074	0.6720297029702971	1	0	0	0	0	0	0	0	0	0	0	0	1	0
0.6666666666666666	0.42592592592592593	0.6732673267326733	0.6666666666666666	0.42592592592592593	0.6732673267326733	0	0	1	0	0	0	0	0	0	1	0	0	0	0
0.6666666666666666	0.46296296296296297	0.6757425742574258	0.6666666666666666	0.46296296296296297	0.6757425742574258	1	0	0	0	0	0	0	0	0	0	0	0	1	0
0.6666666666666666	0.48148148148148145	0.676980198019802	0.6666666666666666	0.48148148148148145	0.676980198019802	1	0	0	0	0	0	0	0	0	1	0	0	0	0
0.6666666666666666	0.5925925925925926	0.6844059405940595	0.6666666666666666	0.5925925925925926	0.6844059405940595	1	0	0	0	0	0	0	0	0	0	0	0	1	0
0.6666666666666666	0.6111111111111112	0.6856435643564357	0.6666666666666666	0.6111111111111112	0.6856435643564357	0	0	0	0	1	0	0	0	0	0	1	0	0	0
0.6666666666666666	0.6296296296296297	0.6868811881188119	0.6666666666666666	0.6296296296296297	0.6868811881188119	1	0	0	0	0	0	0	0	0	0	0	0	1	0
0.6666666666666666	0.6481481481481481	0.6881188118811881	0.6666666666666666	0.6481481481481481	0.6881188118811881	1	0	0	0	0	0	0	0	0	0	0	0	1	0
0.4375	0.2222222222222222	0.3935643564356436	0.6666666666666666	0.6666666666666666	0.6893564356435643	0	0	1	0	0	0	0	0	0	1	0	0	0	0
0.6666666666666666	0.7037037037037037	0.6918316831683168	0.6666666666666666	0.7037037037037037	0.6918316831683168	1	0	0	0	0	0	0	0	0	0	0	0	1	0
0.6875	0.16666666666666666	0.7042079207920792	0.6875	0.16666666666666666	0.7042079207920792	1	0	0	0	0	0	0	0	0	0	0	0	1	0
0.7083333333333334	0.16666666666666666	0.7165841584158416	0.7083333333333334	0.16666666666666666	0.7165841584158416	1	0	0	0	0	0	0	0	1	0	0	0	0	0
0.7291666666666666	0.16666666666666666	0.7326732673267327	0.7291666666666666	0.16666666666666666	0.7326732673267327	1	0	0	0	0	0	0	0	0	0	0	0	1	0
0.75	0.24074074074074073	0.75	0.75	0.24074074074074073	0.75	0	0	1	0	0	0	0	0	0	1	0	0	0	0
0.75	0.2777777777777778	0.7524752475247525	0.75	0.2777777777777778	0.7524752475247525	1	0	0	0	0	0	0	0	0	0	0	0	1	0
0.75	0.2962962962962963	0.7537128712871287	0.75	0.2962962962962963	0.7537128712871287	1	0	0	0	0	0	0	0	0	1	0	0	0	0
0.75	0.3888888888888889	0.7599009900990099	0.75	0.3888888888888889	0.7599009900990099	1	0	0	0	0	0	0	0	0	0	0	0	1	0
0.75	0.4074074074074074	0.7611386138613861	0.75	0.4074074074074074	0.7611386138613861	1	0	0	0	0	0	0	0	0	0	0	0	1	0
0.75	0.42592592592592593	0.7623762376237624	0.75	0.42592592592592593	0.7623762376237624	0	0	1	0	0	0	0	0	0	1	0	0	0	0
0.75	0.46296296296296297	0.7648514851485149	0.75	0.46296296296296297	0.7648514851485149	1	0	0	0	0	0	0	0	0	0	0	0	1	0
0.75	0.48148148148148145	0.7660891089108911	0.75	0.48148148148148145	0.7660891089108911	1	0	0	0	0	0	0	0	0	1	0	0	0	0
0.75	0.5925925925925926	0.7735148514851485	0.75	0.5925925925925926	0.7735148514851485	1	0	0	0	0	0	0	0	0	0	0	0	1	0
0.75	0.6111111111111112	0.7747524752475248	0.75	0.6111111111111112	0.7747524752475248	0	0	0	0	1	0	0	0	0	0	1	0	0	0
0.75	0.6296296296296297	0.775990099009901	0.75	0.6296296296296297	0.775990099009901	1	0	0	0	0	0	0	0	0	0	0	0	1	0
0.75	0.6481481481481481	0.7772277227722773	0.75	0.6481481481481481	0.7772277227722773	1	0	0	0	0	0	0	0	0	0	0	0	1	0
0.4375	0.35185185185185186	0.40222772277227725	0.75	0.6666666666666666	0.7784653465346535	0	0	1	0	0	0	0	0	0	1	0	0	0	0
0.75	0.7037037037037037	0.780940594059406	0.75	0.7037037037037037	0.780940594059406	1	0	0	0	0	0	0	0	0	0	0	0	1	0
0.7708333333333334	0.16666666666666666	0.7933168316831684	0.7708333333333334	0.16666666666666666	0.7933168316831684	1	0	0	0	0	0	0	0	0	0	0	0	1	0
0.7916666666666666	0.16666666666666666	0.8056930693069307	0.7916666666666666	0.16666666666666666	0.8056930693069307	1	0	0	0	0	0	0	0	1	0	0	0	0	0
0.7916666666666666	0.2037037037037037	0.8081683168316832	0.7916666666666666	0.2037037037037037	0.8081683168316832	1	0	0	0	0	0	0	0	0	0	0	0	1	0
0.7916666666666666	0.2222222222222222	0.8094059405940595	0.7916666666666666	0.2222222222222222	0.8094059405940595	0	0	1	0	0	0	0	0	0	1	0	0	0	0
0.7916666666666666	0.25925925925925924	0.8118811881188119	0.7916666666666666	0.25925925925925924	0.8118811881188119	1	0	0	0	0	0	0	0	0	0	0	0	1	0
0.7916666666666666	0.2777777777777778	0.8131188118811881	0.7916666666666666	0.2777777777777778	0.8131188118811881	1	0	0	0	0	0	0	0	0	1	0	0	0	0
0.7916666666666666	0.37037037037037035	0.8193069306930693	0.7916666666666666	0.37037037037037035	0.8193069306930693	1	0	0	0	0	0	0	0	0	0	0	0	1	0
0.7916666666666666	0.4074074074074074	0.8217821782178217	0.7916666666666666	0.4074074074074074	0.8217821782178217	0	0	1	0	0	0	0	0	0	1	0	0	0	0
0.7916666666666666	0.4444444444444444	0.8242574257425742	0.7916666666666666	0.4444444444444444	0.8242574257425742	1	0	0	0	0	0	0	0	0	0	0	0	1	0
0.7916666666666666	0.46296296296296297	0.8254950495049505	0.7916666666666666	0.46296296296296297	0.8254950495049505	1	0	0	0	0	0	0	0	0	1	0	0	0	0
0.7916666666666666	0.5555555555555556	0.8316831683168316	0.7916666666666666	0.5555555555555556	0.8316831683168316	1	0	0	0	0	0	0	0	0	0	0	0	1	0
0.8125	0.16666666666666666	0.844059405940594	0.8125	0.16666666666666666	0.844059405940594	1	0	0	0	0	0	0	0	0	0	0	0	1	0
0.8333333333333334	0.24074074074074073	0.8613861386138614	0.8333333333333334	0.24074074074074073	0.8613861386138614	0	0	1	0	0	0	0	0	0	1	0	0	0	0
0.8333333333333334	0.3148148148148148	0.8663366336633663	0.8333333333333334	0.3148148148148148	0.8663366336633663	0	0	1	0	0	0	0	0	0	0	0	0	1	0
0.8333333333333334	0.35185185185185186	0.8688118811881188	0.8333333333333334	0.35185185185185186	0.8688118811881188	1	0	0	0	0	0	0	0	0	0	1	0	0	0
0.8333333333333334	0.4444444444444444	0.875	0.8333333333333334	0.4444444444444444	0.875	0	0	1	0	0	0	0	0	0	0	0	0	1	0
0.8333333333333334	0.48148148148148145	0.8774752475247525	0.8333333333333334	0.48148148148148145	0.8774752475247525	0	0	1	0	0	0	0	0	0	1	0	0	0	0
0.8333333333333334	0.5555555555555556	0.8824257425742574	0.8333333333333334	0.5555555555555556	0.8824257425742574	1	0	0	0	0	0	0	0	0	0	0	0	1	0
0.8541666666666666	0.16666666666666666	0.8948019801980198	0.8541666666666666	0.16666666666666666	0.8948019801980198	1	0	0	0	0	0	0	0	0	0	0	0	1	0
0.875	0.16666666666666666	0.9071782178217822	0.875	0.16666666666666666	0.9071782178217822	1	0	0	0	0	0	0	0	1	0	0	0	0	0
0.8958333333333334	0.16666666666666666	0.9232673267326733	0.8958333333333334	0.16666666666666666	0.9232673267326733	1	0	0	0	0	0	0	0	0	0	0	0	1	0
0.9166666666666666	0.24074074074074073	0.9405940594059405	0.9166666666666666	0.24074074074074073	0.9405940594059405	0	0	1	0	0	0	0	0	0	1	0	0	0	0
0.9166666666666666	0.3148148148148148	0.9455445544554455	0.9166666666666666	0.3148148148148148	0.9455445544554455	0	0	1	0	0	0	0	0	0	0	0	0	1	0
0.9166666666666666	0.35185185185185186	0.948019801980198	0.9166666666666666	0.35185185185185186	0.948019801980198	1	0	0	0	0	0	0	0	0	0	1	0	0	0
0.9166666666666666	0.42592592592592593	0.9529702970297029	0.9166666666666666	0.42592592592592593	0.9529702970297029	0	0	1	0	0	0	0	0	0	0	0	0	1	0
0.9166666666666666	0.46296296296296297	0.9554455445544554	0.9166666666666666	0.46296296296296297	0.9554455445544554	0	0	1	0	0	0	0	0	0	1	0	0	0	0
0.9166666666666666	0.5370370370370371	0.9603960396039604	0.9166666666666666	0.5370370370370371	0.9603960396039604	1	0	0	0	0	0	0	0	0	0	0	0	1	0
0.9375	0.16666666666666666	0.9727722772277227	0.9375	0.16666666666666666	0.9727722772277227	1	0	0	0	0	0	0	0	0	0	0	0	1	0
0.9583333333333334	0.09259259259259259	0.9801980198019802	0.9583333333333334	0.09259259259259259	0.9801980198019802	1	0	0	0	0	0	0	0	0	0	0	0	1	0
0.9791666666666666	0.09259259259259259	0.9876237623762376	0.9791666666666666	0.09259259259259259	0.9876237623762376	1	0	0	0	0	0	0	0	1	0	0	0	0	0
0.9791666666666666	0.2222222222222222	0.9962871287128713	0.9791666666666666	0.2222222222222222	0.9962871287128713	0	0	0	0	1	0	0	0	0	0	1	0	0	0
0.9791666666666666	0.24074074074074073	0.9975247524752475	0.9791666666666666	0.24074074074074073	0.9975247524752475	1	0	0	0	0	0	0	0	0	0	0	0	1	0
1	0.018518518518518517	1	1	0.018518518518518517	1	1	0	0	0	0	0	0	0	0	0	0	0	1	0