0.24193548387096775	0.025	0.32637729549248745	0.24193548387096775	0.025	0.32637729549248745	1	0	0	0	0	0	0	0	1	0	0	0	0	0
0.24193548387096775	0.175	0.3313856427378965	0.24193548387096775	0.175	0.3313856427378965	1	0	0	0	0	0	0	0	1	0	0	0	0	0
0.24193548387096775	0.425	0.3397328881469115	0.24193548387096775	0.425	0.3397328881469115	1	0	0	0	0	0	0	0	0	1	0	0	0	0
0.03225806451612903	0.3	0.02921535893155259	0.03225806451612903	0.3	0.02921535893155259	1	0	0	0	0	0	0	0	1	0	0	0	0	0
0.03225806451612903	0.425	0.0333889816360601	0.03225806451612903	0.425	0.0333889816360601	1	0	0	0	0	0	0	0	1	0	0	0	0	0
0.04838709677419355	0.025	0.037562604340567615	0.04838709677419355	0.025	0.037562604340567615	1	0	0	0	0	0	0	0	0	0	0	0	1	0
0.04838709677419355	0.05	0.038397328881469114	0.04838709677419355	0.05	0.038397328881469114	1	0	0	0	0	0	0	0	0	1	0	0	0	0
0.04838709677419355	0.225	0.04424040066777963	0.04838709677419355	0.225	0.04424040066777963	1	0	0	0	0	0	0	0	0	1	0	0	0	0
0.04838709677419355	0.325	0.04757929883138564	0.04838709677419355	0.325	0.04757929883138564	1	0	0	0	0	0	0	0	0	0	1	0	0	0
0.06451612903225806	0.025	0.05676126878130217	0.06451612903225806	0.025	0.05676126878130217	1	0	0	0	0	0	0	0	0	0	0	0	1	0
0.06451612903225806	0.05	0.05759599332220367	0.06451612903225806	0.05	0.05759599332220367	1	0	0	0	0	0	0	0	0	1	0	0	0	0
0.06451612903225806	0.225	0.06343906510851419	0.06451612903225806	0.225	0.06343906510851419	1	0	0	0	0	0	0	0	0	1	0	0	0	0
0.06451612903225806	0.3	0.0659432387312187	0.06451612903225806	0.3	0.0659432387312187	1	0	0	0	0	0	0	0	0	0	0	0	1	0
0.06451612903225806	0.325	0.0667779632721202	0.06451612903225806	0.325	0.0667779632721202	1	0	0	0	0	0	0	0	0	1	0	0	0	0
0.06451612903225806	0.35	0.0676126878130217	0.06451612903225806	0.35	0.0676126878130217	1	0	0	0	0	0	0	0	0	0	0	0	1	0
0.06451612903225806	0.375	0.06844741235392321	0.06451612903225806	0.375	0.06844741235392321	1	0	0	0	0	0	0	0	0	1	0	0	0	0
0.06451612903225806	0.4	0.06928213689482471	0.06451612903225806	0.4	0.06928213689482471	1	0	0	0	0	0	0	0	0	0	0	0	1	0
0.06451612903225806	0.45	0.0709515859766277	0.06451612903225806	0.45	0.0709515859766277	1	0	0	0	0	0	0	0	1	0	0	0	0	0
0.06451612903225806	0.525	0.07345575959933222	0.06451612903225806	0.525	0.07345575959933222	1	0	0	0	0	0	0	0	0	0	0	0	1	0
0.06451612903225806	0.55	0.07429048414023372	0.06451612903225806	0.55	0.07429048414023372	1	0	0	0	0	0	0	0	1	0	0	0	0	0
0.06451612903225806	0.65	0.07762938230383973	0.06451612903225806	0.65	0.07762938230383973	1	0	0	0	0	0	0	0	0	1	0	0	0	0
0.06451612903225806	0.675	0.07846410684474124	0.06451612903225806	0.675	0.07846410684474124	1	0	0	0	0	0	0	0	0	0	0	0	1	0
0.06451612903225806	0.7	0.07929883138564274	0.06451612903225806	0.7	0.07929883138564274	1	0	0	0	0	0	0	0	0	0	1	0	0	0
0.06451612903225806	0.725	0.08013355592654424	0.06451612903225806	0.725	0.08013355592654424	1	0	0	0	0	0	0	0	0	0	0	0	1	0
0.06451612903225806	0.75	0.08096828046744574	0.06451612903225806	0.75	0.08096828046744574	1	0	0	0	0	0	0	0	0	1	0	0	0	0
0.06451612903225806	0.775	0.08180300500834725	0.06451612903225806	0.775	0.08180300500834725	1	0	0	0	0	0	0	0	0	0	0	0	1	0
0.06451612903225806	0.8	0.08263772954924875	0.06451612903225806	0.8	0.08263772954924875	1	0	0	0	0	0	0	0	0	1	0	0	0	0
0.06451612903225806	0.825	0.08347245409015025	0.06451612903225806	0.825	0.08347245409015025	1	0	0	0	0	0	0	0	0	0	0	0	1	0
0.06451612903225806	0.85	0.08430717863105175	0.06451612903225806	0.85	0.08430717863105175	1	0	0	0	0	0	0	0	0	1	0	0	0	0
0.06451612903225806	0.875	0.08514190317195326	0.06451612903225806	0.875	0.08514190317195326	1	0	0	0	0	0	0	0	0	0	0	0	1	0
0.06451612903225806	0.925	0.08681135225375626	0.06451612903225806	0.925	0.08681135225375626	1	0	0	0	0	0	0	0	0	0	0	0	1	0
0.08064516129032258	0.025	0.08848080133555926	0.08064516129032258	0.025	0.08848080133555926	1	0	0	0	0	0	0	0	0	0	0	0	1	0
0.08064516129032258	0.05	0.08931552587646077	0.08064516129032258	0.05	0.08931552587646077	1	0	0	0	0	0	0	0	0	1	0	0	0	0
0.08064516129032258	0.225	0.09515859766277128	0.08064516129032258	0.225	0.09515859766277128	1	0	0	0	0	0	0	0	0	1	0	0	0	0
0.08064516129032258	0.325	0.09849749582637729	0.08064516129032258	0.325	0.09849749582637729	1	0	0	0	0	0	0	0	0	0	0	0	1	0
0.08064516129032258	0.35	0.0993322203672788	0.08064516129032258	0.35	0.0993322203672788	1	0	0	0	0	0	0	0	0	1	0	0	0	0
0.08064516129032258	0.375	0.1001669449081803	0.08064516129032258	0.375	0.1001669449081803	1	0	0	0	0	0	0	0	0	0	0	0	1	0
0.08064516129032258	0.4	0.1010016694490818	0.08064516129032258	0.4	0.1010016694490818	1	0	0	0	0	0	0	0	0	1	0	0	0	0
0.08064516129032258	0.425	0.1018363939899833	0.08064516129032258	0.425	0.1018363939899833	1	0	0	0	0	0	0	0	0	0	0	0	1	0
0.08064516129032258	0.45	0.10267111853088481	0.08064516129032258	0.45	0.10267111853088481	1	0	0	0	0	0	0	0	0	1	0	0	0	0
0.08064516129032258	0.475	0.10350584307178631	0.08064516129032258	0.475	0.10350584307178631	1	0	0	0	0	0	0	0	0	0	0	0	1	0
0.08064516129032258	0.525	0.10517529215358931	0.08064516129032258	0.525	0.10517529215358931	1	0	0	0	0	0	0	0	1	0	0	0	0	0
0.08064516129032258	0.6	0.10767946577629382	0.08064516129032258	0.6	0.10767946577629382	1	0	0	0	0	0	0	0	0	0	0	0	1	0
0.08064516129032258	0.625	0.10851419031719532	0.08064516129032258	0.625	0.10851419031719532	1	0	0	0	0	0	0	0	1	0	0	0	0	0
0.08064516129032258	0.725	0.11185308848080133	0.08064516129032258	0.725	0.11185308848080133	1	0	0	0	0	0	0	0	0	1	0	0	0	0
0.08064516129032258	0.75	0.11268781302170283	0.08064516129032258	0.75	0.11268781302170283	1	0	0	0	0	0	0	0	0	0	0	0	1	0
0.08064516129032258	0.775	0.11352253756260434	0.08064516129032258	0.775	0.11352253756260434	1	0	0	0	0	0	0	0	0	1	0	0	0	0
0.08064516129032258	0.8	0.11435726210350584	0.08064516129032258	0.8	0.11435726210350584	1	0	0	0	0	0	0	0	0	0	0	0	1	0
0.08064516129032258	0.825	0.11519198664440734	0.08064516129032258	0.825	0.11519198664440734	1	0	0	0	0	0	0	0	0	1	0	0	0	0
0.08064516129032258	0.85	0.11602671118530884	0.08064516129032258	0.85	0.11602671118530884	1	0	0	0	0	0	0	0	0	0	0	0	1	0
0.08064516129032258	0.875	0.11686143572621036	0.08064516129032258	0.875	0.11686143572621036	1	0	0	0	0	0	0	0	0	1	0	0	0	0
0.08064516129032258	0.9	0.11769616026711185	0.08064516129032258	0.9	0.11769616026711185	1	0	0	0	0	0	0	0	0	0	0	0	1	0
0.08064516129032258	0.925	0.11853088480801335	0.08064516129032258	0.925	0.11853088480801335	1	0	0	0	0	0	0	0	0	1	0	0	0	0
0.08064516129032258	0.95	0.11936560934891485	0.08064516129032258	0.95	0.11936560934891485	1	0	0	0	0	0	0	0	0	0	0	0	1	0
0.08064516129032258	1	0.12103505843071787	0.08064516129032258	1	0.12103505843071787	1	0	0	0	0	0	0	0	0	0	0	0	1	0
0.0967741935483871	0.025	0.12270450751252086	0.0967741935483871	0.025	0.12270450751252086	1	0	0	0	0	0	0	0	0	0	0	0	1	0
0.0967741935483871	0.05	0.12353923205342238	0.0967741935483871	0.05	0.12353923205342238	1	0	0	0	0	0	0	0	0	1	0	0	0	0
0.0967741935483871	0.225	0.1293823038397329	0.0967741935483871	0.225	0.1293823038397329	1	0	0	0	0	0	0	0	0	1	0	0	0	0
0.0967741935483871	0.3	0.1318864774624374	0.0967741935483871	0.3	0.1318864774624374	1	0	0	0	0	0	0	0	0	1	0	0	0	0
0.0967741935483871	0.45	0.13689482470784642	0.0967741935483871	0.45	0.13689482470784642	1	0	0	0	0	0	0	0	0	0	0	0	1	0
0.0967741935483871	0.475	0.13772954924874792	0.0967741935483871	0.475	0.13772954924874792	1	0	0	0	0	0	0	0	0	1	0	0	0	0
0.0967741935483871	0.525	0.13939899833055092	0.0967741935483871	0.525	0.13939899833055092	1	0	0	0	0	0	0	0	0	0	0	0	1	0
0.11290322580645161	0.025	0.14106844741235391	0.11290322580645161	0.025	0.14106844741235391	1	0	0	0	0	0	0	0	0	0	0	0	1	0
0.11290322580645161	0.05	0.1419031719532554	0.11290322580645161	0.05	0.1419031719532554	1	0	0	0	0	0	0	0	0	1	0	0	0	0
0.11290322580645161	0.225	0.14774624373956594	0.11290322580645161	0.225	0.14774624373956594	1	0	0	0	0	0	0	0	0	1	0	0	0	0
0.11290322580645161	0.3	0.15025041736227046	0.11290322580645161	0.3	0.15025041736227046	1	0	0	0	0	0	0	0	0	1	0	0	0	0
0.11290322580645161	0.4	0.15358931552587646	0.11290322580645161	0.4	0.15358931552587646	1	0	0	0	0	0	0	0	0	0	0	0	1	0
0.11290322580645161	0.425	0.15442404006677796	0.11290322580645161	0.425	0.15442404006677796	1	0	0	0	0	0	0	0	0	1	0	0	0	0
0.11290322580645161	0.475	0.15609348914858096	0.11290322580645161	0.475	0.15609348914858096	1	0	0	0	0	0	0	0	0	0	0	0	1	0
0.11290322580645161	0.5	0.15692821368948248	0.11290322580645161	0.5	0.15692821368948248	1	0	0	0	0	0	0	0	0	1	0	0	0	0
0.11290322580645161	0.55	0.15859766277128548	0.11290322580645161	0.55	0.15859766277128548	1	0	0	0	0	0	0	0	0	0	0	0	1	0
0.12903225806451613	0.025	0.16026711185308848	0.12903225806451613	0.025	0.16026711185308848	1	0	0	0	0	0	0	0	0	0	0	0	1	0
0.12903225806451613	0.05	0.16110183639398998	0.12903225806451613	0.05	0.16110183639398998	1	0	0	0	0	0	0	0	0	1	0	0	0	0
0.12903225806451613	0.225	0.1669449081803005	0.12903225806451613	0.225	0.1669449081803005	1	0	0	0	0	0	0	0	0	1	0	0	0	0
0.12903225806451613	0.325	0.17028380634390652	0.12903225806451613	0.325	0.17028380634390652	1	0	0	0	0	0	0	0	0	1	0	0	0	0
0.12903225806451613	0.4	0.17278797996661102	0.12903225806451613	0.4	0.17278797996661102	1	0	0	0	0	0	0	0	0	0	0	0	1	0
0.12903225806451613	0.45	0.17445742904841402	0.12903225806451613	0.45	0.17445742904841402	1	0	0	0	0	0	0	0	0	1	0	0	0	0
0.12903225806451613	0.6	0.17946577629382304	0.12903225806451613	0.6	0.17946577629382304	1	0	0	0	0	0	0	0	0	0	0	0	1	0
0.12903225806451613	0.625	0.18030050083472454	0.12903225806451613	0.625	0.18030050083472454	1	0	0	0	0	0	0	0	0	1	0	0	0	0
0.12903225806451613	0.725	0.18363939899833054	0.12903225806451613	0.725	0.18363939899833054	1	0	0	0	0	0	0	0	0	0	0	0	1	0
0.12903225806451613	0.75	0.18447412353923207	0.12903225806451613	0.75	0.18447412353923207	1	0	0	0	0	0	0	0	0	1	0	0	0	0
0.12903225806451613	0.8	0.18614357262103506	0.12903225806451613	0.8	0.18614357262103506	1	0	0	0	0	0	0	0	0	0	0	0	1	0
0.12903225806451613	0.825	0.18697829716193656	0.12903225806451613	0.825	0.18697829716193656	1	0	0	0	0	0	0	0	0	1	0	0	0	0
0.12903225806451613	0.875	0.18864774624373956	0.12903225806451613	0.875	0.18864774624373956	1	0	0	0	0	0	0	0	0	0	0	0	1	0
0.12903225806451613	0.925	0.19031719532554256	0.12903225806451613	0.925	0.19031719532554256	1	0	0	0	0	0	0	0	0	0	0	0	1	0
0.14516129032258066	0.025	0.19198664440734559	0.14516129032258066	0.025	0.19198664440734559	1	0	0	0	0	0	0	0	0	0	0	0	1	0
0.14516129032258066	0.05	0.19282136894824708	0.14516129032258066	0.05	0.19282136894824708	1	0	0	0	0	0	0	0	0	1	0	0	0	0
0.14516129032258066	0.225	0.1986644407345576	0.14516129032258066	0.225	0.1986644407345576	1	0	0	0	0	0	0	0	0	1	0	0	0	0
0.14516129032258066	0.275	0.2003338898163606	0.14516129032258066	0.275	0.2003338898163606	1	0	0	0	0	0	0	0	0	0	0	0	1	0
0.14516129032258066	0.3	0.2011686143572621	0.14516129032258066	0.3	0.2011686143572621	1	0	0	0	0	0	0	0	0	1	0	0	0	0
0.14516129032258066	0.325	0.2020033388981636	0.14516129032258066	0.325	0.2020033388981636	1	0	0	0	0	0	0	0	0	0	0	0	1	0
0.14516129032258066	0.375	0.2036727879799666	0.14516129032258066	0.375	0.2036727879799666	1	0	0	0	0	0	0	0	0	1	0	0	0	0
0.14516129032258066	0.6	0.21118530884808012	0.14516129032258066	0.6	0.21118530884808012	1	0	0	0	0	0	0	0	0	0	0	0	1	0
0.14516129032258066	0.625	0.21202003338898165	0.14516129032258066	0.625	0.21202003338898165	1	0	0	0	0	0	0	0	0	1	0	0	0	0
0.14516129032258066	0.65	0.21285475792988315	0.14516129032258066	0.65	0.21285475792988315	1	0	0	0	0	0	0	0	0	0	0	0	1	0
0.16129032258064516	0.025	0.21452420701168615	0.16129032258064516	0.025	0.21452420701168615	1	0	0	0	0	0	0	0	0	0	0	0	1	0
0.16129032258064516	0.05	0.21535893155258765	0.16129032258064516	0.05	0.21535893155258765	1	0	0	0	0	0	0	0	0	1	0	0	0	0
0.16129032258064516	0.225	0.22120200333889817	0.16129032258064516	0.225	0.22120200333889817	1	0	0	0	0	0	0	0	0	1	0	0	0	0
0.16129032258064516	0.275	0.22287145242070117	0.16129032258064516	0.275	0.22287145242070117	1	0	0	0	0	0	0	0	0	0	0	0	1	0
0.16129032258064516	0.3	0.22370617696160267	0.16129032258064516	0.3	0.22370617696160267	1	0	0	0	0	0	0	0	0	1	0	0	0	0
0.16129032258064516	0.325	0.22454090150250416	0.16129032258064516	0.325	0.22454090150250416	1	0	0	0	0	0	0	0	0	0	0	0	1	0
0.16129032258064516	0.35	0.22537562604340566	0.16129032258064516	0.35	0.22537562604340566	1	0	0	0	0	0	0	0	0	1	0	0	0	0
0.16129032258064516	0.375	0.2262103505843072	0.16129032258064516	0.375	0.2262103505843072	1	0	0	0	0	0	0	0	0	0	0	0	1	0
0.16129032258064516	0.425	0.2278797996661102	0.16129032258064516	0.425	0.2278797996661102	1	0	0	0	0	0	0	0	0	1	0	0	0	0
0.16129032258064516	0.65	0.2353923205342237	0.16129032258064516	0.65	0.2353923205342237	1	0	0	0	0	0	0	0	0	0	0	0	1	0
0.16129032258064516	0.675	0.2362270450751252	0.16129032258064516	0.675	0.2362270450751252	1	0	0	0	0	0	0	0	0	1	0	0	0	0
0.16129032258064516	0.7	0.2370617696160267	0.16129032258064516	0.7	0.2370617696160267	1	0	0	0	0	0	0	0	0	0	0	0	1	0
0.16129032258064516	0.725	0.2378964941569282	0.16129032258064516	0.725	0.2378964941569282	1	0	0	0	0	0	0	0	0	1	0	0	0	0
0.16129032258064516	0.75	0.2387312186978297	0.16129032258064516	0.75	0.2387312186978297	1	0	0	0	0	0	0	0	0	0	0	0	1	0
0.1774193548387097	0.025	0.24040066777963273	0.1774193548387097	0.025	0.24040066777963273	1	0	0	0	0	0	0	0	0	0	0	0	1	0
0.1774193548387097	0.05	0.24123539232053423	0.1774193548387097	0.05	0.24123539232053423	1	0	0	0	0	0	0	0	0	1	0	0	0	0
0.1774193548387097	0.225	0.24707846410684475	0.1774193548387097	0.225	0.24707846410684475	1	0	0	0	0	0	0	0	0	1	0	0	0	0
0.1774193548387097	0.3	0.24958263772954925	0.1774193548387097	0.3	0.24958263772954925	1	0	0	0	0	0	0	0	0	1	0	0	0	0
0.1935483870967742	0.025	0.25459098497495825	0.1935483870967742	0.025	0.25459098497495825	1	0	0	0	0	0	0	0	0	0	0	0	1	0
0.1935483870967742	0.05	0.25542570951585974	0.1935483870967742	0.05	0.25542570951585974	1	0	0	0	0	0	0	0	0	1	0	0	0	0
0.1935483870967742	0.225	0.2612687813021703	0.1935483870967742	0.225	0.2612687813021703	1	0	0	0	0	0	0	0	0	1	0	0	0	0
0.1935483870967742	0.3	0.2637729549248748	0.1935483870967742	0.3	0.2637729549248748	1	0	0	0	0	0	0	0	0	1	0	0	0	0
0.20967741935483872	0.025	0.2696160267111853	0.20967741935483872	0.025	0.2696160267111853	1	0	0	0	0	0	0	0	0	0	0	0	1	0
0.20967741935483872	0.05	0.2704507512520868	0.20967741935483872	0.05	0.2704507512520868	1	0	0	0	0	0	0	0	0	1	0	0	0	0
0.20967741935483872	0.225	0.27629382303839733	0.20967741935483872	0.225	0.27629382303839733	1	0	0	0	0	0	0	0	0	1	0	0	0	0
0.20967741935483872	0.275	0.27796327212020033	0.20967741935483872	0.275	0.27796327212020033	1	0	0	0	0	0	0	0	0	0	0	0	1	0
0.20967741935483872	0.3	0.27879799666110183	0.20967741935483872	0.3	0.27879799666110183	1	0	0	0	0	0	0	0	0	1	0	0	0	0
0.20967741935483872	0.325	0.27963272120200333	0.20967741935483872	0.325	0.27963272120200333	1	0	0	0	0	0	0	0	0	0	0	0	1	0
0.20967741935483872	0.375	0.28130217028380633	0.20967741935483872	0.375	0.28130217028380633	1	0	0	0	0	0	0	0	0	0	0	0	1	0
0.20967741935483872	0.4	0.28213689482470783	0.20967741935483872	0.4	0.28213689482470783	1	0	0	0	0	0	0	0	0	1	0	0	0	0
0.20967741935483872	0.45	0.2838063439065108	0.20967741935483872	0.45	0.2838063439065108	1	0	0	0	0	0	0	0	0	0	0	0	1	0
0.20967741935483872	0.475	0.2846410684474123	0.20967741935483872	0.475	0.2846410684474123	1	0	0	0	0	0	0	0	0	0	0	0	1	0
0.20967741935483872	0.5	0.2854757929883139	0.20967741935483872	0.5	0.2854757929883139	1	0	0	0	0	0	0	0	0	1	0	0	0	0
0.20967741935483872	0.525	0.2863105175292154	0.20967741935483872	0.525	0.2863105175292154	1	0	0	0	0	0	0	0	0	0	0	0	1	0
0.20967741935483872	0.55	0.2871452420701169	0.20967741935483872	0.55	0.2871452420701169	1	0	0	0	0	0	0	0	0	1	0	0	0	0
0.20967741935483872	0.65	0.2904841402337229	0.20967741935483872	0.65	0.2904841402337229	1	0	0	0	0	0	0	0	0	0	0	0	1	0
0.20967741935483872	0.675	0.2913188647746244	0.20967741935483872	0.675	0.2913188647746244	1	0	0	0	0	0	0	0	0	0	0	0	1	0
0.20967741935483872	0.7	0.2921535893155259	0.20967741935483872	0.7	0.2921535893155259	1	0	0	0	0	0	0	0	0	0	0	0	1	0
0.22580645161290322	0.025	0.2938230383973289	0.22580645161290322	0.025	0.2938230383973289	1	0	0	0	0	0	0	0	0	0	0	0	1	0
0.22580645161290322	0.05	0.29465776293823037	0.22580645161290322	0.05	0.29465776293823037	1	0	0	0	0	0	0	0	0	1	0	0	0	0
0.22580645161290322	0.225	0.3005008347245409	0.22580645161290322	0.225	0.3005008347245409	1	0	0	0	0	0	0	0	0	1	0	0	0	0
0.22580645161290322	0.35	0.3046744574290484	0.22580645161290322	0.35	0.3046744574290484	1	0	0	0	0	0	0	0	0	0	0	0	1	0
0.22580645161290322	0.375	0.3055091819699499	0.22580645161290322	0.375	0.3055091819699499	1	0	0	0	0	0	0	0	0	1	0	0	0	0
0.22580645161290322	0.4	0.3063439065108514	0.22580645161290322	0.4	0.3063439065108514	1	0	0	0	0	0	0	0	0	0	0	0	1	0
0.22580645161290322	0.45	0.3080133555926544	0.22580645161290322	0.45	0.3080133555926544	1	0	0	0	0	0	0	0	0	1	0	0	0	0
0.22580645161290322	0.6	0.31302170283806346	0.22580645161290322	0.6	0.31302170283806346	1	0	0	0	0	0	0	0	0	0	0	0	1	0
0.22580645161290322	0.625	0.31385642737896496	0.22580645161290322	0.625	0.31385642737896496	1	0	0	0	0	0	0	0	0	1	0	0	0	0
0.22580645161290322	0.65	0.31469115191986646	0.22580645161290322	0.65	0.31469115191986646	1	0	0	0	0	0	0	0	0	0	0	0	1	0
0.22580645161290322	0.675	0.31552587646076796	0.22580645161290322	0.675	0.31552587646076796	1	0	0	0	0	0	0	0	0	0	1	0	0	0
0.22580645161290322	0.7	0.31636060100166946	0.22580645161290322	0.7	0.31636060100166946	1	0	0	0	0	0	0	0	0	0	0	0	1	0
0.22580645161290322	0.725	0.31719532554257096	0.22580645161290322	0.725	0.31719532554257096	1	0	0	0	0	0	0	0	1	0	0	0	0	0
0.22580645161290322	0.875	0.32220367278797996	0.22580645161290322	0.875	0.32220367278797996	1	0	0	0	0	0	0	0	0	0	0	0	1	0
0.22580645161290322	0.9	0.32303839732888145	0.22580645161290322	0.9	0.32303839732888145	1	0	0	0	0	0	0	0	0	1	0	0	0	0
0.22580645161290322	0.925	0.32387312186978295	0.22580645161290322	0.925	0.32387312186978295	1	0	0	0	0	0	0	0	0	0	0	0	1	0
0.22580645161290322	0.95	0.32470784641068445	0.22580645161290322	0.95	0.32470784641068445	1	0	0	0	0	0	0	0	0	0	0	0	1	0
0.24193548387096775	0.025	0.32637729549248745	0.24193548387096775	0.025	0.32637729549248745	1	0	0	0	0	0	0	0	1	0	0	0	0	0
0.24193548387096775	0.175	0.3313856427378965	0.24193548387096775	0.175	0.3313856427378965	1	0	0	0	0	0	0	0	1	0	0	0	0	0
0.24193548387096775	0.425	0.3397328881469115	0.24193548387096775	0.425	0.3397328881469115	1	0	0	0	0	0	0	0	0	1	0	0	0	0
0.24193548387096775	0.5	0.34223706176961605	0.24193548387096775	0.5	0.34223706176961605	1	0	0	0	0	0	0	0	0	0	0	0	1	0
0.25806451612903225	0.025	0.34390651085141904	0.25806451612903225	0.025	0.34390651085141904	1	0	0	0	0	0	0	0	0	1	0	0	0	0
0.25806451612903225	0.1	0.34641068447412354	0.25806451612903225	0.1	0.34641068447412354	0	0	0	1	0	0	0	0	0	1	0	0	0	0
0.25806451612903225	0.225	0.35058430717863104	0.25806451612903225	0.225	0.35058430717863104	1	0	0	0	0	0	0	0	0	0	0	0	1	0
0.25806451612903225	0.25	0.35141903171953254	0.25806451612903225	0.25	0.35141903171953254	1	0	0	0	0	0	0	0	0	1	0	0	0	0
0.25806451612903225	0.325	0.35392320534223703	0.25806451612903225	0.325	0.35392320534223703	0	0	0	0	0	0	1	0	0	1	0	0	0	0
0.25806451612903225	0.35	0.3547579298831386	0.25806451612903225	0.35	0.3547579298831386	1	0	0	0	0	0	0	0	0	0	0	0	1	0
0.25806451612903225	0.4	0.3564273789649416	0.25806451612903225	0.4	0.3564273789649416	1	0	0	0	0	0	0	0	0	1	0	0	0	0
0.25806451612903225	0.475	0.3589315525876461	0.25806451612903225	0.475	0.3589315525876461	0	0	0	0	0	0	1	0	0	1	0	0	0	0
0.25806451612903225	0.5	0.3597662771285476	0.25806451612903225	0.5	0.3597662771285476	1	0	0	0	0	0	0	0	0	0	0	0	1	0
0.25806451612903225	0.55	0.3614357262103506	0.25806451612903225	0.55	0.3614357262103506	1	0	0	0	0	0	0	0	0	1	0	0	0	0
0.25806451612903225	0.625	0.3639398998330551	0.25806451612903225	0.625	0.3639398998330551	0	0	0	0	0	0	1	0	0	1	0	0	0	0
0.25806451612903225	0.65	0.3647746243739566	0.25806451612903225	0.65	0.3647746243739566	1	0	0	0	0	0	0	0	0	0	0	0	1	0
0.27419354838709675	0.025	0.3664440734557596	0.27419354838709675	0.025	0.3664440734557596	1	0	0	0	0	0	0	0	0	0	0	0	1	0
0.2903225806451613	0.125	0.37145242070116863	0.2903225806451613	0.125	0.37145242070116863	1	0	0	0	0	0	0	0	0	1	0	0	0	0
0.2903225806451613	0.2	0.3739565943238731	0.2903225806451613	0.2	0.3739565943238731	0	1	0	0	0	0	0	0	0	1	0	0	0	0
0.2903225806451613	0.3	0.3772954924874791	0.2903225806451613	0.3	0.3772954924874791	1	0	0	0	0	0	0	0	0	0	0	0	1	0
0.2903225806451613	0.35	0.3789649415692821	0.2903225806451613	0.35	0.3789649415692821	1	0	0	0	0	0	0	0	0	0	1	0	0	0
0.2903225806451613	0.375	0.3797996661101836	0.2903225806451613	0.375	0.3797996661101836	1	0	0	0	0	0	0	0	0	0	0	0	1	0
0.25806451612903225	0.325	0.35392320534223703	0.3064516129032258	0.125	0.38480801335559267	0	0	1	0	0	0	0	0	0	1	0	0	0	0
0.3064516129032258	0.175	0.38647746243739567	0.3064516129032258	0.175	0.38647746243739567	1	0	0	0	0	0	0	0	0	0	0	0	1	0
0.25806451612903225	0.325	0.35392320534223703	0.3064516129032258	0.225	0.38814691151919867	0	0	1	0	0	0	0	0	0	1	0	0	0	0
0.3064516129032258	0.275	0.38981636060100167	0.3064516129032258	0.275	0.38981636060100167	1	0	0	0	0	0	0	0	0	0	0	0	1	0
0.25806451612903225	0.625	0.3639398998330551	0.3064516129032258	0.325	0.39148580968280466	0	0	1	0	0	0	0	0	0	1	0	0	0	0
0.3064516129032258	0.35	0.39232053422370616	0.3064516129032258	0.35	0.39232053422370616	1	0	0	0	0	0	0	0	0	0	0	0	1	0
0.3225806451612903	0.125	0.3973288814691152	0.3225806451612903	0.125	0.3973288814691152	1	0	0	0	0	0	0	0	1	0	0	0	0	0
0.3225806451612903	0.275	0.4023372287145242	0.3225806451612903	0.275	0.4023372287145242	1	0	0	0	0	0	0	0	0	0	0	0	1	0
0.25806451612903225	0.475	0.3589315525876461	0.3225806451612903	0.3	0.4031719532554257	0	0	1	0	0	0	0	0	0	1	0	0	0	0
0.3225806451612903	0.35	0.4048414023372287	0.3225806451612903	0.35	0.4048414023372287	1	0	0	0	0	0	0	0	0	0	0	0	1	0
0.3225806451612903	0.4	0.4065108514190317	0.3225806451612903	0.4	0.4065108514190317	1	0	0	0	0	0	0	0	0	0	1	0	0	0
0.3225806451612903	0.425	0.4073455759599332	0.3225806451612903	0.425	0.4073455759599332	1	0	0	0	0	0	0	0	0	0	0	0	1	0
0.3387096774193548	0.125	0.41235392320534225	0.3387096774193548	0.125	0.41235392320534225	1	0	0	0	0	0	0	0	0	0	0	0	1	0
0.3548387096774194	0.225	0.42070116861435725	0.3548387096774194	0.225	0.42070116861435725	1	0	0	0	0	0	0	0	1	0	0	0	0	0
0.3548387096774194	0.3	0.42320534223706174	0.3548387096774194	0.3	0.42320534223706174	1	0	0	0	0	0	0	0	0	0	0	0	1	0
0.25806451612903225	0.475	0.3589315525876461	0.3548387096774194	0.325	0.4240400667779633	0	0	1	0	0	0	0	0	0	1	0	0	0	0
0.3548387096774194	0.375	0.4257095158597663	0.3548387096774194	0.375	0.4257095158597663	1	0	0	0	0	0	0	0	0	0	0	0	1	0
0.3548387096774194	0.425	0.4273789649415693	0.3548387096774194	0.425	0.4273789649415693	1	0	0	0	0	0	0	0	0	0	1	0	0	0
0.3548387096774194	0.45	0.4282136894824708	0.3548387096774194	0.45	0.4282136894824708	1	0	0	0	0	0	0	0	0	0	0	0	1	0
0.2903225806451613	0.2	0.3739565943238731	0.3709677419354839	0.325	0.43989983305509184	0	0	1	0	0	0	0	0	0	1	0	0	0	0
0.3709677419354839	0.425	0.44323873121869783	0.3709677419354839	0.425	0.44323873121869783	1	0	0	0	0	0	0	0	0	0	0	0	1	0
0.3709677419354839	0.475	0.44490818030050083	0.3709677419354839	0.475	0.44490818030050083	1	0	0	0	0	0	0	0	0	0	0	0	1	0
0.2903225806451613	0.2	0.3739565943238731	0.3709677419354839	0.5	0.44574290484140233	0	0	1	0	0	0	0	0	0	1	0	0	0	0
0.3709677419354839	0.575	0.44824707846410683	0.3709677419354839	0.575	0.44824707846410683	1	0	0	0	0	0	0	0	0	0	0	0	1	0
0.25806451612903225	0.325	0.35392320534223703	0.3709677419354839	0.6	0.44908180300500833	0	0	1	0	0	0	0	0	0	1	0	0	0	0
0.3709677419354839	0.625	0.44991652754590983	0.3709677419354839	0.625	0.44991652754590983	1	0	0	0	0	0	0	0	0	0	0	0	1	0
0.3709677419354839	0.675	0.4515859766277129	0.3709677419354839	0.675	0.4515859766277129	1	0	0	0	0	0	0	0	0	0	0	0	1	0
0.25806451612903225	0.625	0.3639398998330551	0.3709677419354839	0.725	0.4532554257095159	0	0	1	0	0	0	0	0	0	1	0	0	0	0
0.3709677419354839	0.75	0.4540901502504174	0.3709677419354839	0.75	0.4540901502504174	1	0	0	0	0	0	0	0	0	0	0	0	1	0
0.25806451612903225	0.475	0.3589315525876461	0.3870967741935484	0.225	0.46243739565943237	0	0	1	0	0	0	0	0	0	1	0	0	0	0
0.3870967741935484	0.275	0.46410684474123537	0.3870967741935484	0.275	0.46410684474123537	1	0	0	0	0	0	0	0	0	0	0	0	1	0
0.25806451612903225	0.475	0.3589315525876461	0.3870967741935484	0.325	0.4657762938230384	0	0	1	0	0	0	0	0	0	1	0	0	0	0
0.3870967741935484	0.35	0.4666110183639399	0.3870967741935484	0.35	0.4666110183639399	1	0	0	0	0	0	0	0	0	0	0	0	1	0
0.3870967741935484	0.4	0.4682804674457429	0.3870967741935484	0.4	0.4682804674457429	1	0	0	0	0	0	0	0	0	0	1	0	0	0
0.3870967741935484	0.425	0.4691151919866444	0.3870967741935484	0.425	0.4691151919866444	1	0	0	0	0	0	0	0	0	0	0	0	1	0
0.25806451612903225	0.325	0.35392320534223703	0.4032258064516129	0.225	0.4774624373956594	0	0	1	0	0	0	0	0	0	1	0	0	0	0
0.4032258064516129	0.275	0.4791318864774624	0.4032258064516129	0.275	0.4791318864774624	1	0	0	0	0	0	0	0	0	0	0	0	1	0
0.4032258064516129	0.325	0.48080133555926546	0.4032258064516129	0.325	0.48080133555926546	1	0	0	0	0	0	0	0	0	0	0	0	1	0
0.25806451612903225	0.325	0.35392320534223703	0.4032258064516129	0.35	0.48163606010016696	0	0	1	0	0	0	0	0	0	1	0	0	0	0
0.4032258064516129	0.375	0.48247078464106846	0.4032258064516129	0.375	0.48247078464106846	1	0	0	0	0	0	0	0	0	0	0	0	1	0
0.25806451612903225	0.325	0.35392320534223703	0.4032258064516129	0.4	0.48330550918196996	0	0	1	0	0	0	0	0	0	1	0	0	0	0
0.4032258064516129	0.425	0.48414023372287146	0.4032258064516129	0.425	0.48414023372287146	1	0	0	0	0	0	0	0	0	0	0	0	1	0
0.4032258064516129	0.475	0.48580968280467446	0.4032258064516129	0.475	0.48580968280467446	1	0	0	0	0	0	0	0	0	0	0	0	1	0
0.25806451612903225	0.625	0.3639398998330551	0.4032258064516129	0.525	0.48747913188647746	0	0	1	0	0	0	0	0	0	1	0	0	0	0
0.4032258064516129	0.55	0.48831385642737896	0.4032258064516129	0.55	0.48831385642737896	1	0	0	0	0	0	0	0	0	0	0	0	1	0
0.41935483870967744	0.125	0.493322203672788	0.41935483870967744	0.125	0.493322203672788	1	0	0	0	0	0	0	0	0	0	0	0	1	0
0.43548387096774194	0.125	0.498330550918197	0.43548387096774194	0.125	0.498330550918197	1	0	0	0	0	0	0	0	1	0	0	0	0	0
0.2903225806451613	0.2	0.3739565943238731	0.43548387096774194	0.3	0.5041736227045075	0	0	1	0	0	0	0	0	0	1	0	0	0	0
0.43548387096774194	0.375	0.506677796327212	0.43548387096774194	0.375	0.506677796327212	1	0	0	0	0	0	0	0	0	0	0	0	1	0
0.45161290322580644	0.025	0.508347245409015	0.45161290322580644	0.025	0.508347245409015	1	0	0	0	0	0	0	0	0	0	0	0	1	0
0.46774193548387094	0.025	0.510016694490818	0.46774193548387094	0.025	0.510016694490818	1	0	0	0	0	0	0	0	1	0	0	0	0	0
0.46774193548387094	0.125	0.513355592654424	0.46774193548387094	0.125	0.513355592654424	0	0	0	1	0	0	0	0	0	1	0	0	0	0
0.46774193548387094	0.225	0.5166944908180301	0.46774193548387094	0.225	0.5166944908180301	1	0	0	0	0	0	0	0	0	0	0	0	1	0
0.46774193548387094	0.25	0.5175292153589316	0.46774193548387094	0.25	0.5175292153589316	1	0	0	0	0	0	0	0	0	0	0	0	1	0
0.4838709677419355	0.025	0.5191986644407346	0.4838709677419355	0.025	0.5191986644407346	1	0	0	0	0	0	0	0	0	0	0	0	1	0
0.5	0.125	0.5242070116861436	0.5	0.125	0.5242070116861436	1	0	0	0	0	0	0	0	0	1	0	0	0	0
0.5	0.325	0.5308848080133556	0.5	0.325	0.5308848080133556	1	0	0	0	0	0	0	0	0	0	0	0	1	0
0.5	0.375	0.5325542570951586	0.5	0.375	0.5325542570951586	0	0	1	0	0	0	0	0	0	1	0	0	0	0
0.5	0.75	0.5450751252086812	0.5	0.75	0.5450751252086812	1	0	0	0	0	0	0	0	0	0	0	0	1	0
0.5	0.775	0.5459098497495827	0.5	0.775	0.5459098497495827	1	0	0	0	0	0	0	0	1	0	0	0	0	0
0.5	0.9	0.5500834724540902	0.5	0.9	0.5500834724540902	1	0	0	0	0	0	0	0	0	0	0	0	1	0
0.5	0.925	0.5509181969949917	0.5	0.925	0.5509181969949917	1	0	0	0	0	0	0	0	0	0	0	0	1	0
0.5161290322580645	0.125	0.5559265442404007	0.5161290322580645	0.125	0.5559265442404007	0	0	1	0	0	0	0	0	0	1	0	0	0	0
0.5161290322580645	0.2	0.5584307178631052	0.5161290322580645	0.2	0.5584307178631052	1	0	0	0	0	0	0	0	0	0	0	0	1	0
0.5161290322580645	0.225	0.5592654424040067	0.5161290322580645	0.225	0.5592654424040067	1	0	0	0	0	0	0	0	0	1	0	0	0	0
0.5161290322580645	0.3	0.5617696160267112	0.5161290322580645	0.3	0.5617696160267112	1	0	0	0	0	0	0	0	0	0	0	0	1	0
0.5161290322580645	0.325	0.5626043405676127	0.5161290322580645	0.325	0.5626043405676127	1	0	0	0	0	0	0	0	0	1	0	0	0	0
0.5161290322580645	0.425	0.5659432387312187	0.5161290322580645	0.425	0.5659432387312187	1	0	0	0	0	0	0	0	0	0	0	0	1	0
0.5161290322580645	0.45	0.5667779632721202	0.5161290322580645	0.45	0.5667779632721202	1	0	0	0	0	0	0	0	0	0	0	0	1	0
0.532258064516129	0.125	0.5717863105175293	0.532258064516129	0.125	0.5717863105175293	1	0	0	0	0	0	0	0	0	1	0	0	0	0
0.532258064516129	0.2	0.5742904841402338	0.532258064516129	0.2	0.5742904841402338	0	1	0	0	0	0	0	0	0	1	0	0	0	0
0.532258064516129	0.225	0.5751252086811353	0.532258064516129	0.225	0.5751252086811353	1	0	0	0	0	0	0	0	0	0	0	0	1	0
0.532258064516129	0.25	0.5759599332220368	0.532258064516129	0.25	0.5759599332220368	0	1	0	0	0	0	0	0	0	1	0	0	0	0
0.532258064516129	0.275	0.5767946577629383	0.532258064516129	0.275	0.5767946577629383	1	0	0	0	0	0	0	0	0	0	0	0	1	0
0.532258064516129	0.3	0.5776293823038398	0.532258064516129	0.3	0.5776293823038398	0	1	0	0	0	0	0	0	0	1	0	0	0	0
0.532258064516129	0.325	0.5784641068447413	0.532258064516129	0.325	0.5784641068447413	1	0	0	0	0	0	0	0	0	0	0	0	1	0
0.532258064516129	0.35	0.5792988313856428	0.532258064516129	0.35	0.5792988313856428	0	1	0	0	0	0	0	0	0	1	0	0	0	0
0.532258064516129	0.375	0.5801335559265443	0.532258064516129	0.375	0.5801335559265443	1	0	0	0	0	0	0	0	0	0	0	0	1	0
0.532258064516129	0.4	0.5809682804674458	0.532258064516129	0.4	0.5809682804674458	0	1	0	0	0	0	0	0	0	1	0	0	0	0
0.532258064516129	0.425	0.5818030050083473	0.532258064516129	0.425	0.5818030050083473	1	0	0	0	0	0	0	0	0	0	0	0	1	0
0.532258064516129	0.45	0.5826377295492488	0.532258064516129	0.45	0.5826377295492488	0	1	0	0	0	0	0	0	0	1	0	0	0	0
0.532258064516129	0.475	0.5834724540901502	0.532258064516129	0.475	0.5834724540901502	1	0	0	0	0	0	0	0	0	0	0	0	1	0
0.532258064516129	0.5	0.5843071786310517	0.532258064516129	0.5	0.5843071786310517	0	1	0	0	0	0	0	0	0	1	0	0	0	0
0.532258064516129	0.525	0.5851419031719532	0.532258064516129	0.525	0.5851419031719532	1	0	0	0	0	0	0	0	0	0	0	0	1	0
0.532258064516129	0.55	0.5859766277128547	0.532258064516129	0.55	0.5859766277128547	0	1	0	0	0	0	0	0	0	1	0	0	0	0
0.532258064516129	0.65	0.5893155258764607	0.532258064516129	0.65	0.5893155258764607	1	0	0	0	0	0	0	0	0	0	0	0	1	0
0.532258064516129	0.675	0.5901502504173622	0.532258064516129	0.675	0.5901502504173622	0	1	0	0	0	0	0	0	0	1	0	0	0	0
0.532258064516129	0.7	0.5909849749582637	0.532258064516129	0.7	0.5909849749582637	1	0	0	0	0	0	0	0	0	0	0	0	1	0
0.532258064516129	0.725	0.5918196994991652	0.532258064516129	0.725	0.5918196994991652	0	1	0	0	0	0	0	0	0	1	0	0	0	0
0.532258064516129	0.75	0.5926544240400667	0.532258064516129	0.75	0.5926544240400667	1	0	0	0	0	0	0	0	0	0	0	0	1	0
0.5483870967741935	0.125	0.5976627712854758	0.5483870967741935	0.125	0.5976627712854758	1	0	0	0	0	0	0	0	0	0	0	1	0	0
0.5645161290322581	0.125	0.6101836393989983	0.5645161290322581	0.125	0.6101836393989983	1	0	0	0	0	0	0	0	0	0	0	1	0	0
0.5806451612903226	0.125	0.6252086811352254	0.5806451612903226	0.125	0.6252086811352254	1	0	0	0	0	0	0	0	0	0	0	0	1	0
0.5967741935483871	0.225	0.6335559265442404	0.5967741935483871	0.225	0.6335559265442404	1	0	0	0	0	0	0	0	0	1	0	0	0	0
0.5967741935483871	0.3	0.6360601001669449	0.5967741935483871	0.3	0.6360601001669449	0	1	0	0	0	0	0	0	0	1	0	0	0	0
0.5967741935483871	0.425	0.6402337228714524	0.5967741935483871	0.425	0.6402337228714524	1	0	0	0	0	0	0	0	0	0	0	0	1	0
0.5967741935483871	0.45	0.6410684474123539	0.5967741935483871	0.45	0.6410684474123539	1	0	0	0	0	0	0	0	0	0	1	0	0	0
0.5967741935483871	0.475	0.6419031719532554	0.5967741935483871	0.475	0.6419031719532554	1	0	0	0	0	0	0	0	0	0	0	0	1	0
0.6129032258064516	0.225	0.6502504173622704	0.6129032258064516	0.225	0.6502504173622704	1	0	0	0	0	0	0	0	1	0	0	0	0	0
0.6129032258064516	0.35	0.654424040066778	0.6129032258064516	0.35	0.654424040066778	0	1	0	0	0	0	0	0	0	1	0	0	0	0
0.6129032258064516	0.45	0.657762938230384	0.6129032258064516	0.45	0.657762938230384	1	0	0	0	0	0	0	0	0	0	0	0	1	0
0.6129032258064516	0.475	0.6585976627712855	0.6129032258064516	0.475	0.6585976627712855	1	0	0	0	0	0	0	0	0	0	1	0	0	0
0.6129032258064516	0.5	0.659432387312187	0.6129032258064516	0.5	0.659432387312187	1	0	0	0	0	0	0	0	0	0	0	0	1	0
0.6290322580645161	0.225	0.667779632721202	0.6290322580645161	0.225	0.667779632721202	1	0	0	0	0	0	0	0	0	1	0	0	0	0
0.6290322580645161	0.3	0.6702838063439065	0.6290322580645161	0.3	0.6702838063439065	0	1	0	0	0	0	0	0	0	1	0	0	0	0
0.6290322580645161	0.325	0.671118530884808	0.6290322580645161	0.325	0.671118530884808	1	0	0	0	0	0	0	0	0	0	0	0	1	0
0.6290322580645161	0.35	0.6719532554257095	0.6290322580645161	0.35	0.6719532554257095	1	0	0	0	0	0	0	0	0	0	1	0	0	0
0.6290322580645161	0.5	0.6769616026711185	0.6290322580645161	0.5	0.6769616026711185	1	0	0	0	0	0	0	0	0	0	0	0	1	0
0.6290322580645161	0.525	0.67779632721202	0.6290322580645161	0.525	0.67779632721202	1	0	0	0	0	0	0	0	0	0	0	0	1	0
0.6290322580645161	0.55	0.6786310517529215	0.6290322580645161	0.55	0.6786310517529215	1	0	0	0	0	0	0	0	0	0	0	0	1	0
0.6290322580645161	0.575	0.679465776293823	0.6290322580645161	0.575	0.679465776293823	1	0	0	0	0	0	0	0	0	0	1	0	0	0
0.6290322580645161	0.6	0.6803005008347245	0.6290322580645161	0.6	0.6803005008347245	1	0	0	0	0	0	0	0	0	0	0	0	1	0
0.6290322580645161	0.625	0.6811352253756261	0.6290322580645161	0.625	0.6811352253756261	1	0	0	0	0	0	0	0	0	0	0	0	1	0
0.6290322580645161	0.65	0.6819699499165276	0.6290322580645161	0.65	0.6819699499165276	0	1	0	0	0	0	0	0	0	1	0	0	0	0
0.6290322580645161	0.675	0.6828046744574291	0.6290322580645161	0.675	0.6828046744574291	1	0	0	0	0	0	0	0	0	0	0	0	1	0
0.6290322580645161	0.7	0.6836393989983306	0.6290322580645161	0.7	0.6836393989983306	0	1	0	0	0	0	0	0	0	1	0	0	0	0
0.6290322580645161	0.725	0.6844741235392321	0.6290322580645161	0.725	0.6844741235392321	1	0	0	0	0	0	0	0	0	0	0	0	1	0
0.6451612903225806	0.225	0.6928213689482471	0.6451612903225806	0.225	0.6928213689482471	1	0	0	0	0	0	0	0	0	1	0	0	0	0
0.6451612903225806	0.4	0.6986644407345576	0.6451612903225806	0.4	0.6986644407345576	0	1	0	0	0	0	0	0	0	1	0	0	0	0
0.6451612903225806	0.425	0.6994991652754591	0.6451612903225806	0.425	0.6994991652754591	1	0	0	0	0	0	0	0	0	0	0	0	1	0
0.6612903225806451	0.225	0.7078464106844741	0.6612903225806451	0.225	0.7078464106844741	0	0	1	0	0	0	0	0	0	1	0	0	0	0
0.6612903225806451	0.3	0.7103505843071787	0.6612903225806451	0.3	0.7103505843071787	1	0	0	0	0	0	0	0	0	0	0	0	1	0
0.532258064516129	0.35	0.5792988313856428	0.6612903225806451	0.35	0.7120200333889817	0	0	1	0	0	0	0	0	0	1	0	0	0	0
0.6612903225806451	0.375	0.7128547579298832	0.6612903225806451	0.375	0.7128547579298832	1	0	0	0	0	0	0	0	0	0	0	0	1	0
0.6290322580645161	0.7	0.6836393989983306	0.6612903225806451	0.425	0.7145242070116862	0	0	1	0	0	0	0	0	0	1	0	0	0	0
0.6612903225806451	0.45	0.7153589315525877	0.6612903225806451	0.45	0.7153589315525877	1	0	0	0	0	0	0	0	0	0	0	0	1	0
0.6290322580645161	0.65	0.6819699499165276	0.6612903225806451	0.5	0.7170283806343907	0	0	1	0	0	0	0	0	0	1	0	0	0	0
0.6612903225806451	0.525	0.7178631051752922	0.6612903225806451	0.525	0.7178631051752922	1	0	0	0	0	0	0	0	0	0	0	0	1	0
0.6774193548387096	0.225	0.7262103505843072	0.6774193548387096	0.225	0.7262103505843072	1	0	0	0	0	0	0	0	0	1	0	0	0	0
0.6774193548387096	0.3	0.7287145242070117	0.6774193548387096	0.3	0.7287145242070117	0	1	0	0	0	0	0	0	0	1	0	0	0	0
0.6774193548387096	0.375	0.7312186978297162	0.6774193548387096	0.375	0.7312186978297162	1	0	0	0	0	0	0	0	0	0	0	0	1	0
0.532258064516129	0.35	0.5792988313856428	0.6774193548387096	0.4	0.7320534223706177	0	0	1	0	0	0	0	0	0	1	0	0	0	0
0.6774193548387096	0.425	0.7328881469115192	0.6774193548387096	0.425	0.7328881469115192	1	0	0	0	0	0	0	0	0	0	0	0	1	0
0.6290322580645161	0.7	0.6836393989983306	0.6774193548387096	0.45	0.7337228714524207	0	0	1	0	0	0	0	0	0	1	0	0	0	0
0.6774193548387096	0.475	0.7345575959933222	0.6774193548387096	0.475	0.7345575959933222	1	0	0	0	0	0	0	0	0	0	0	0	1	0
0.6774193548387096	0.5	0.7353923205342237	0.6774193548387096	0.5	0.7353923205342237	1	0	0	0	0	0	0	0	0	0	1	0	0	0
0.6774193548387096	0.525	0.7362270450751253	0.6774193548387096	0.525	0.7362270450751253	1	0	0	0	0	0	0	0	0	0	0	0	1	0
0.532258064516129	0.675	0.5901502504173622	0.6935483870967742	0.225	0.7445742904841403	0	0	1	0	0	0	0	0	0	1	0	0	0	0
0.6935483870967742	0.25	0.7454090150250418	0.6935483870967742	0.25	0.7454090150250418	1	0	0	0	0	0	0	0	0	0	0	0	1	0
0.6935483870967742	0.275	0.7462437395659433	0.6935483870967742	0.275	0.7462437395659433	1	0	0	0	0	0	0	0	0	0	1	0	0	0
0.6935483870967742	0.3	0.7470784641068448	0.6935483870967742	0.3	0.7470784641068448	1	0	0	0	0	0	0	0	0	0	0	0	1	0
0.7096774193548387	0.225	0.7554257095158597	0.7096774193548387	0.225	0.7554257095158597	1	0	0	0	0	0	0	0	1	0	0	0	0	0
0.7096774193548387	0.3	0.7579298831385642	0.7096774193548387	0.3	0.7579298831385642	1	0	0	0	0	0	0	0	0	0	0	0	1	0
0.532258064516129	0.3	0.5776293823038398	0.7096774193548387	0.325	0.7587646076794657	0	0	1	0	0	0	0	0	0	1	0	0	0	0
0.7096774193548387	0.35	0.7595993322203672	0.7096774193548387	0.35	0.7595993322203672	1	0	0	0	0	0	0	0	0	0	0	0	1	0
0.7096774193548387	0.375	0.7604340567612687	0.7096774193548387	0.375	0.7604340567612687	1	0	0	0	0	0	0	0	0	0	1	0	0	0
0.7096774193548387	0.4	0.7612687813021702	0.7096774193548387	0.4	0.7612687813021702	1	0	0	0	0	0	0	0	0	0	0	0	1	0
0.532258064516129	0.3	0.5776293823038398	0.7096774193548387	0.425	0.7621035058430717	0	0	1	0	0	0	0	0	0	1	0	0	0	0
0.7096774193548387	0.45	0.7629382303839732	0.7096774193548387	0.45	0.7629382303839732	1	0	0	0	0	0	0	0	0	0	0	0	1	0
0.6290322580645161	0.7	0.6836393989983306	0.7096774193548387	0.475	0.7637729549248747	0	0	1	0	0	0	0	0	0	1	0	0	0	0
0.7096774193548387	0.5	0.7646076794657763	0.7096774193548387	0.5	0.7646076794657763	1	0	0	0	0	0	0	0	0	0	0	0	1	0
0.7096774193548387	0.525	0.7654424040066778	0.7096774193548387	0.525	0.7654424040066778	1	0	0	0	0	0	0	0	0	0	1	0	0	0
0.7096774193548387	0.55	0.7662771285475793	0.7096774193548387	0.55	0.7662771285475793	1	0	0	0	0	0	0	0	0	0	0	0	1	0
0.532258064516129	0.3	0.5776293823038398	0.7096774193548387	0.575	0.7671118530884808	0	0	1	0	0	0	0	0	0	1	0	0	0	0
0.7096774193548387	0.6	0.7679465776293823	0.7096774193548387	0.6	0.7679465776293823	1	0	0	0	0	0	0	0	0	0	0	0	1	0
0.7096774193548387	0.65	0.7696160267111853	0.7096774193548387	0.65	0.7696160267111853	1	0	0	0	0	0	0	0	0	0	0	0	1	0
0.7258064516129032	0.225	0.7779632721202003	0.7258064516129032	0.225	0.7779632721202003	1	0	0	0	0	0	0	0	0	0	0	0	1	0
0.6774193548387096	0.3	0.7287145242070117	0.7419354838709677	0.325	0.7896494156928213	0	0	1	0	0	0	0	0	0	1	0	0	0	0
0.7419354838709677	0.4	0.7921535893155259	0.7419354838709677	0.4	0.7921535893155259	1	0	0	0	0	0	0	0	0	0	0	0	1	0
0.532258064516129	0.675	0.5901502504173622	0.7419354838709677	0.45	0.7938230383973289	0	0	1	0	0	0	0	0	0	1	0	0	0	0
0.7419354838709677	0.475	0.7946577629382304	0.7419354838709677	0.475	0.7946577629382304	1	0	0	0	0	0	0	0	0	0	0	0	1	0
0.532258064516129	0.675	0.5901502504173622	0.7580645161290323	0.325	0.8063439065108514	0	0	1	0	0	0	0	0	0	1	0	0	0	0
0.7580645161290323	0.35	0.8071786310517529	0.7580645161290323	0.35	0.8071786310517529	1	0	0	0	0	0	0	0	0	0	0	0	1	0
0.7580645161290323	0.4	0.8088480801335559	0.7580645161290323	0.4	0.8088480801335559	1	0	0	0	0	0	0	0	0	0	1	0	0	0
0.7580645161290323	0.425	0.8096828046744574	0.7580645161290323	0.425	0.8096828046744574	1	0	0	0	0	0	0	0	0	0	0	0	1	0
0.7741935483870968	0.225	0.8180300500834724	0.7741935483870968	0.225	0.8180300500834724	1	0	0	0	0	0	0	0	0	0	0	0	1	0
0.7903225806451613	0.225	0.8263772954924875	0.7903225806451613	0.225	0.8263772954924875	0	0	1	0	0	0	0	0	0	1	0	0	0	0
0.7903225806451613	0.325	0.8297161936560935	0.7903225806451613	0.325	0.8297161936560935	1	0	0	0	0	0	0	0	0	0	0	0	1	0
0.6774193548387096	0.3	0.7287145242070117	0.7903225806451613	0.375	0.8313856427378965	0	0	1	0	0	0	0	0	0	1	0	0	0	0
0.7903225806451613	0.45	0.833889816360601	0.7903225806451613	0.45	0.833889816360601	1	0	0	0	0	0	0	0	0	0	0	0	1	0
0.7903225806451613	0.5	0.835559265442404	0.7903225806451613	0.5	0.835559265442404	1	0	0	0	0	0	0	0	0	0	1	0	0	0
0.7903225806451613	0.575	0.8380634390651085	0.7903225806451613	0.575	0.8380634390651085	1	0	0	0	0	0	0	0	0	0	0	0	1	0
0.6774193548387096	0.3	0.7287145242070117	0.8064516129032258	0.225	0.8464106844741235	0	0	1	0	0	0	0	0	0	1	0	0	0	0
0.8064516129032258	0.3	0.8489148580968281	0.8064516129032258	0.3	0.8489148580968281	1	0	0	0	0	0	0	0	0	0	0	0	1	0
0.8064516129032258	0.325	0.8497495826377296	0.8064516129032258	0.325	0.8497495826377296	1	0	0	0	0	0	0	0	0	0	1	0	0	0
0.8064516129032258	0.35	0.8505843071786311	0.8064516129032258	0.35	0.8505843071786311	1	0	0	0	0	0	0	0	0	0	0	0	1	0
0.532258064516129	0.675	0.5901502504173622	0.8225806451612904	0.225	0.8589315525876461	0	0	1	0	0	0	0	0	0	1	0	0	0	0
0.8225806451612904	0.25	0.8597662771285476	0.8225806451612904	0.25	0.8597662771285476	1	0	0	0	0	0	0	0	0	0	0	0	1	0
0.8225806451612904	0.275	0.8606010016694491	0.8225806451612904	0.275	0.8606010016694491	1	0	0	0	0	0	0	0	0	0	1	0	0	0
0.8225806451612904	0.3	0.8614357262103506	0.8225806451612904	0.3	0.8614357262103506	1	0	0	0	0	0	0	0	0	0	0	0	1	0
0.8387096774193549	0.225	0.8697829716193656	0.8387096774193549	0.225	0.8697829716193656	1	0	0	0	0	0	0	0	1	0	0	0	0	0
0.8387096774193549	0.3	0.8722871452420701	0.8387096774193549	0.3	0.8722871452420701	1	0	0	0	0	0	0	0	0	0	0	0	1	0
0.532258064516129	0.25	0.5759599332220368	0.8387096774193549	0.325	0.8731218697829716	0	0	1	0	0	0	0	0	0	1	0	0	0	0
0.8387096774193549	0.35	0.8739565943238731	0.8387096774193549	0.35	0.8739565943238731	1	0	0	0	0	0	0	0	0	0	0	0	1	0
0.8387096774193549	0.375	0.8747913188647746	0.8387096774193549	0.375	0.8747913188647746	1	0	0	0	0	0	0	0	0	0	1	0	0	0
0.8387096774193549	0.4	0.8756260434056762	0.8387096774193549	0.4	0.8756260434056762	1	0	0	0	0	0	0	0	0	0	0	0	1	0
0.532258064516129	0.25	0.5759599332220368	0.8387096774193549	0.425	0.8764607679465777	0	0	1	0	0	0	0	0	0	1	0	0	0	0
0.8387096774193549	0.45	0.8772954924874792	0.8387096774193549	0.45	0.8772954924874792	1	0	0	0	0	0	0	0	0	0	0	0	1	0
0.6290322580645161	0.65	0.6819699499165276	0.8387096774193549	0.475	0.8781302170283807	0	0	1	0	0	0	0	0	0	1	0	0	0	0
0.8387096774193549	0.5	0.8789649415692822	0.8387096774193549	0.5	0.8789649415692822	1	0	0	0	0	0	0	0	0	0	0	0	1	0
0.532258064516129	0.25	0.5759599332220368	0.8387096774193549	0.525	0.8797996661101837	0	0	1	0	0	0	0	0	0	1	0	0	0	0
0.8387096774193549	0.55	0.8806343906510852	0.8387096774193549	0.55	0.8806343906510852	1	0	0	0	0	0	0	0	0	0	0	0	1	0
0.8387096774193549	0.6	0.8823038397328882	0.8387096774193549	0.6	0.8823038397328882	1	0	0	0	0	0	0	0	0	0	0	0	1	0
0.8548387096774194	0.225	0.8906510851419032	0.8548387096774194	0.225	0.8906510851419032	1	0	0	0	0	0	0	0	0	0	0	0	1	0
0.6774193548387096	0.3	0.7287145242070117	0.8709677419354839	0.325	0.9023372287145242	0	0	1	0	0	0	0	0	0	1	0	0	0	0
0.8709677419354839	0.4	0.9048414023372288	0.8709677419354839	0.4	0.9048414023372288	1	0	0	0	0	0	0	0	0	0	0	0	1	0
0.532258064516129	0.675	0.5901502504173622	0.8709677419354839	0.45	0.9065108514190318	0	0	1	0	0	0	0	0	0	1	0	0	0	0
0.8709677419354839	0.475	0.9073455759599333	0.8709677419354839	0.475	0.9073455759599333	1	0	0	0	0	0	0	0	0	0	0	0	1	0
0.532258064516129	0.675	0.5901502504173622	0.8870967741935484	0.325	0.9190317195325542	0	0	1	0	0	0	0	0	0	1	0	0	0	0
0.8870967741935484	0.35	0.9198664440734557	0.8870967741935484	0.35	0.9198664440734557	1	0	0	0	0	0	0	0	0	0	0	0	1	0
0.8870967741935484	0.4	0.9215358931552587	0.8870967741935484	0.4	0.9215358931552587	1	0	0	0	0	0	0	0	0	0	1	0	0	0
0.8870967741935484	0.425	0.9223706176961602	0.8870967741935484	0.425	0.9223706176961602	1	0	0	0	0	0	0	0	0	0	0	0	1	0
0.9032258064516129	0.225	0.9307178631051753	0.9032258064516129	0.225	0.9307178631051753	1	0	0	0	0	0	0	0	0	0	0	0	1	0
0.532258064516129	0.675	0.5901502504173622	0.9193548387096774	0.225	0.9390651085141903	0	0	1	0	0	0	0	0	0	1	0	0	0	0
0.9193548387096774	0.25	0.9398998330550918	0.9193548387096774	0.25	0.9398998330550918	1	0	0	0	0	0	0	0	0	0	0	0	1	0
0.9193548387096774	0.3	0.9415692821368948	0.9193548387096774	0.3	0.9415692821368948	1	0	0	0	0	0	0	0	0	0	1	0	0	0
0.9193548387096774	0.325	0.9424040066777963	0.9193548387096774	0.325	0.9424040066777963	1	0	0	0	0	0	0	0	0	0	0	0	1	0
0.6774193548387096	0.3	0.7287145242070117	0.9354838709677419	0.225	0.9507512520868113	0	0	1	0	0	0	0	0	0	1	0	0	0	0
0.9354838709677419	0.3	0.9532554257095158	0.9354838709677419	0.3	0.9532554257095158	1	0	0	0	0	0	0	0	0	0	0	0	1	0
0.532258064516129	0.675	0.5901502504173622	0.9354838709677419	0.35	0.9549248747913188	0	0	1	0	0	0	0	0	0	1	0	0	0	0
0.9354838709677419	0.375	0.9557595993322203	0.9354838709677419	0.375	0.9557595993322203	1	0	0	0	0	0	0	0	0	0	0	0	1	0
0.9354838709677419	0.4	0.9565943238731218	0.9354838709677419	0.4	0.9565943238731218	1	0	0	0	0	0	0	0	0	0	0	0	1	0
0.532258064516129	0.35	0.5792988313856428	0.9354838709677419	0.425	0.9574290484140233	0	0	1	0	0	0	0	0	0	1	0	0	0	0
0.9354838709677419	0.45	0.9582637729549248	0.9354838709677419	0.45	0.9582637729549248	1	0	0	0	0	0	0	0	0	0	0	0	1	0
0.6290322580645161	0.65	0.6819699499165276	0.9354838709677419	0.475	0.9590984974958264	0	0	1	0	0	0	0	0	0	1	0	0	0	0
0.9354838709677419	0.5	0.9599332220367279	0.9354838709677419	0.5	0.9599332220367279	1	0	0	0	0	0	0	0	0	0	0	0	1	0
0.9354838709677419	0.525	0.9607679465776294	0.9354838709677419	0.525	0.9607679465776294	1	0	0	0	0	0	0	0	0	0	0	0	1	0
0.9516129032258065	0.225	0.9691151919866444	0.9516129032258065	0.225	0.9691151919866444	0	0	1	0	0	0	0	0	0	1	0	0	0	0
0.9516129032258065	0.325	0.9724540901502504	0.9516129032258065	0.325	0.9724540901502504	1	0	0	0	0	0	0	0	0	0	0	0	1	0
0.6774193548387096	0.3	0.7287145242070117	0.9516129032258065	0.375	0.9741235392320534	0	0	1	0	0	0	0	0	0	1	0	0	0	0
0.9516129032258065	0.45	0.9766277128547579	0.9516129032258065	0.45	0.9766277128547579	1	0	0	0	0	0	0	0	0	0	0	0	1	0
0.9516129032258065	0.5	0.9782971619365609	0.9516129032258065	0.5	0.9782971619365609	0	0	1	0	0	0	0	0	0	1	0	0	0	0
0.9516129032258065	0.6	0.9816360601001669	0.9516129032258065	0.6	0.9816360601001669	1	0	0	0	0	0	0	0	0	0	0	0	1	0
0.967741935483871	0.125	0.986644407345576	0.967741935483871	0.125	0.986644407345576	1	0	0	0	0	0	0	0	0	0	0	0	1	0
0.9838709677419355	0.125	0.991652754590985	0.9838709677419355	0.125	0.991652754590985	1	0	0	0	0	0	0	0	1	0	0	0	0	0
0.9838709677419355	0.3	0.9974958263772955	0.9838709677419355	0.3	0.9974958263772955	1	0	0	0	0	0	0	0	0	0	1	0	0	0
0.9838709677419355	0.325	0.998330550918197	0.9838709677419355	0.325	0.998330550918197	1	0	0	0	0	0	0	0	0	0	0	0	1	0
1	0.025	1	1	0.025	1	1	0	0	0	0	0	0	0	0	0	0	0	1	0